,year,bay,site,julian,cod.age.0,pollock.age.0,cod.age.1
1,2006,Cook,Bare North,194,0,0,0
3,2006,Cook,Eelgrass North,194,8,0,0
5,2006,Cook,Eelgrass South,194,194,2,0
8,2006,Cook,Laminaria East,194,132,0,0
10,2006,Cook,Laminaria South,194,40,4,0
12,2006,Cook,Middle Cove,194,0,2,0
22,2006,Anton Larsen,Eelgrass point,195,76,5,0
32,2006,Anton Larsen,White rock,195,0,0,0
36,2006,Anton Larsen,Wooden boat,195,662,45,0
14,2006,Anton Larsen,Back Bay eelgrass,196,18,0,0
17,2006,Anton Larsen,Cobble point,196,2,0,0
20,2006,Anton Larsen,Eelgrass patches,196,30,5,0
23,2006,Anton Larsen,Eelgrass point,196,6,0,0
26,2006,Anton Larsen,Laminaria #2,196,189,0,0
29,2006,Anton Larsen,Laminaria Point,196,254,38,0
33,2006,Anton Larsen,White rock,196,0,0,0
37,2006,Anton Larsen,Wooden boat,196,68,7,0
15,2006,Anton Larsen,Back Bay eelgrass,197,21,0,0
18,2006,Anton Larsen,Cobble point,197,2,0,0
24,2006,Anton Larsen,Eelgrass point,197,82,0,0
27,2006,Anton Larsen,Laminaria #2,197,534,56,0
30,2006,Anton Larsen,Laminaria Point,197,134,4,0
34,2006,Anton Larsen,White rock,197,0,0,0
38,2006,Anton Larsen,Wooden boat,197,1128,140,0
16,2006,Anton Larsen,Back Bay eelgrass,198,38,0,0
19,2006,Anton Larsen,Cobble point,198,2,0,0
21,2006,Anton Larsen,Eelgrass patches,198,90,0,0
25,2006,Anton Larsen,Eelgrass point,198,0,0,0
28,2006,Anton Larsen,Laminaria #2,198,0,0,0
31,2006,Anton Larsen,Laminaria Point,198,57,0,0
35,2006,Anton Larsen,White rock,198,0,0,0
2,2006,Cook,Bare North,199,0,0,0
4,2006,Cook,Eelgrass North,199,64,0,0
6,2006,Cook,Eelgrass South,199,280,10,0
7,2006,Cook,Eelgrass West,199,180,10,0
9,2006,Cook,Laminaria East,199,230,10,0
11,2006,Cook,Laminaria South,199,120,0,0
13,2006,Cook,Middle Cove,199,16,0,0
63,2006,Anton Larsen,Back Bay eelgrass,231,45,0,0
66,2006,Anton Larsen,Cobble point,231,10,0,0
69,2006,Anton Larsen,Eelgrass patches,231,29,0,0
72,2006,Anton Larsen,Eelgrass point,231,62,10,0
75,2006,Anton Larsen,Laminaria #2,231,55,0,0
78,2006,Anton Larsen,Laminaria Point,231,94,3,0
81,2006,Anton Larsen,White rock,231,0,0,0
84,2006,Anton Larsen,Wooden boat,231,11,0,0
64,2006,Anton Larsen,Back Bay eelgrass,232,16,0,0
67,2006,Anton Larsen,Cobble point,232,7,0,0
70,2006,Anton Larsen,Eelgrass patches,232,25,0,0
73,2006,Anton Larsen,Eelgrass point,232,9,3,0
76,2006,Anton Larsen,Laminaria #2,232,43,0,0
79,2006,Anton Larsen,Laminaria Point,232,34,0,0
82,2006,Anton Larsen,White rock,232,0,0,0
85,2006,Anton Larsen,Wooden boat,232,224,0,0
65,2006,Anton Larsen,Back Bay eelgrass,233,30,0,0
68,2006,Anton Larsen,Cobble point,233,1,0,0
71,2006,Anton Larsen,Eelgrass patches,233,2,0,0
74,2006,Anton Larsen,Eelgrass point,233,10,6,0
77,2006,Anton Larsen,Laminaria #2,233,72,0,0
80,2006,Anton Larsen,Laminaria Point,233,28,0,0
83,2006,Anton Larsen,White rock,233,3,0,0
86,2006,Anton Larsen,Wooden boat,233,28,0,0
39,2006,Cook,Bare North,237,40,0,0
42,2006,Cook,Eelgrass North,237,112,0,0
45,2006,Cook,Eelgrass South,237,495,3,0
48,2006,Cook,Eelgrass West,237,97,2,0
51,2006,Cook,Laminaria East,237,302,0,0
54,2006,Cook,Laminaria North,237,74,0,0
57,2006,Cook,Laminaria South,237,149,2,0
60,2006,Cook,Middle Cove,237,55,0,0
40,2006,Cook,Bare North,239,25,0,0
43,2006,Cook,Eelgrass North,239,81,0,0
46,2006,Cook,Eelgrass South,239,210,0,0
49,2006,Cook,Eelgrass West,239,84,0,0
52,2006,Cook,Laminaria East,239,160,0,0
55,2006,Cook,Laminaria North,239,122,0,0
58,2006,Cook,Laminaria South,239,54,0,0
61,2006,Cook,Middle Cove,239,48,0,0
41,2006,Cook,Bare North,240,12,0,0
44,2006,Cook,Eelgrass North,240,165,0,0
47,2006,Cook,Eelgrass South,240,150,0,0
50,2006,Cook,Eelgrass West,240,122,0,0
53,2006,Cook,Laminaria East,240,108,0,0
56,2006,Cook,Laminaria North,240,120,0,0
59,2006,Cook,Laminaria South,240,112,0,0
62,2006,Cook,Middle Cove,240,80,0,0
103,2007,Anton Larsen,Back Bay eelgrass,201,0,0,0
105,2007,Anton Larsen,Cobble point,201,0,0,0
106,2007,Anton Larsen,Eelgrass patches,201,8,0,2
108,2007,Anton Larsen,Eelgrass point,201,82,0,5
110,2007,Anton Larsen,Laminaria #2,201,0,0,1
112,2007,Anton Larsen,Laminaria Point,201,3,0,3
114,2007,Anton Larsen,White rock,201,0,0,0
116,2007,Anton Larsen,Wooden boat,201,0,0,0
104,2007,Anton Larsen,Back Bay eelgrass,202,0,0,0
107,2007,Anton Larsen,Eelgrass patches,202,39,2,0
109,2007,Anton Larsen,Eelgrass point,202,57,0,0
111,2007,Anton Larsen,Laminaria #2,202,0,0,1
113,2007,Anton Larsen,Laminaria Point,202,13,0,1
115,2007,Anton Larsen,White rock,202,0,0,0
117,2007,Anton Larsen,Wooden boat,202,0,0,0
87,2007,Cook,Bare North,205,0,0,0
89,2007,Cook,Eelgrass North,205,8,0,0
91,2007,Cook,Eelgrass South,205,0,0,0
93,2007,Cook,Eelgrass West,205,27,0,1
95,2007,Cook,Laminaria East,205,8,0,0
97,2007,Cook,Laminaria North,205,1,0,0
99,2007,Cook,Laminaria South,205,0,0,0
101,2007,Cook,Middle Cove,205,1,0,1
88,2007,Cook,Bare North,207,0,0,7
90,2007,Cook,Eelgrass North,207,2,0,0
92,2007,Cook,Eelgrass South,207,9,0,0
94,2007,Cook,Eelgrass West,207,1,0,0
96,2007,Cook,Laminaria East,207,8,0,0
98,2007,Cook,Laminaria North,207,1,0,0
100,2007,Cook,Laminaria South,207,0,0,0
102,2007,Cook,Middle Cove,207,6,0,0
126,2007,Anton Larsen,Back Bay eelgrass,235,2,0,0
128,2007,Anton Larsen,Cobble point,235,0,0,0
129,2007,Anton Larsen,Eelgrass patches,235,11,0,0
131,2007,Anton Larsen,Eelgrass point,235,24,0,0
133,2007,Anton Larsen,Laminaria #2,235,0,0,1
135,2007,Anton Larsen,Laminaria Point,235,6,0,0
137,2007,Anton Larsen,White rock,235,0,0,0
139,2007,Anton Larsen,Wooden boat,235,0,0,0
127,2007,Anton Larsen,Back Bay eelgrass,236,0,0,0
130,2007,Anton Larsen,Eelgrass patches,236,13,0,0
132,2007,Anton Larsen,Eelgrass point,236,10,0,1
134,2007,Anton Larsen,Laminaria #2,236,2,0,0
136,2007,Anton Larsen,Laminaria Point,236,0,0,0
138,2007,Anton Larsen,White rock,236,0,0,0
140,2007,Anton Larsen,Wooden boat,236,0,0,0
118,2007,Cook,Bare North,238,0,0,0
119,2007,Cook,Eelgrass North,238,0,0,0
120,2007,Cook,Eelgrass South,238,0,0,0
121,2007,Cook,Eelgrass West,238,0,0,0
122,2007,Cook,Laminaria East,238,4,0,0
123,2007,Cook,Laminaria North,238,0,0,0
124,2007,Cook,Laminaria South,238,0,0,0
125,2007,Cook,Middle Cove,238,0,0,1
156,2008,Anton Larsen,Back Bay eelgrass,196,2,0,0
158,2008,Anton Larsen,Cobble point,196,18,2,0
160,2008,Anton Larsen,Eelgrass patches,196,144,0,1
162,2008,Anton Larsen,Eelgrass point,196,169,0,0
164,2008,Anton Larsen,Laminaria #2,196,1,0,1
166,2008,Anton Larsen,Laminaria Point,196,2,0,0
168,2008,Anton Larsen,White rock,196,0,0,0
170,2008,Anton Larsen,Wooden boat,196,0,0,0
157,2008,Anton Larsen,Back Bay eelgrass,198,0,0,0
159,2008,Anton Larsen,Cobble point,198,54,0,0
161,2008,Anton Larsen,Eelgrass patches,198,26,0,0
163,2008,Anton Larsen,Eelgrass point,198,860,8,8
165,2008,Anton Larsen,Laminaria #2,198,0,0,0
167,2008,Anton Larsen,Laminaria Point,198,3,0,2
169,2008,Anton Larsen,White rock,198,0,0,0
171,2008,Anton Larsen,Wooden boat,198,0,0,0
141,2008,Cook,Bare North,200,0,0,0
143,2008,Cook,Eelgrass North,200,50,1,0
144,2008,Cook,Eelgrass South,200,293,4,0
146,2008,Cook,Eelgrass West,200,94,0,0
148,2008,Cook,Laminaria East,200,4,0,0
150,2008,Cook,Laminaria North,200,0,0,0
152,2008,Cook,Laminaria South,200,3,1,0
154,2008,Cook,Middle Cove,200,0,0,0
142,2008,Cook,Bare North,201,0,0,0
145,2008,Cook,Eelgrass South,201,71,5,0
147,2008,Cook,Eelgrass West,201,22,0,0
149,2008,Cook,Laminaria East,201,18,0,0
151,2008,Cook,Laminaria North,201,3,0,0
153,2008,Cook,Laminaria South,201,2,0,0
155,2008,Cook,Middle Cove,201,0,0,0
188,2008,Anton Larsen,Back Bay eelgrass,236,6,0,0
190,2008,Anton Larsen,Cobble point,236,25,1,0
192,2008,Anton Larsen,Eelgrass patches,236,15,5,0
194,2008,Anton Larsen,Eelgrass point,236,40,0,0
196,2008,Anton Larsen,Laminaria #2,236,0,0,0
198,2008,Anton Larsen,Laminaria Point,236,0,0,0
200,2008,Anton Larsen,White rock,236,0,0,0
202,2008,Anton Larsen,Wooden boat,236,0,0,0
189,2008,Anton Larsen,Back Bay eelgrass,238,1,0,0
191,2008,Anton Larsen,Cobble point,238,1,0,0
193,2008,Anton Larsen,Eelgrass patches,238,17,9,0
195,2008,Anton Larsen,Eelgrass point,238,32,16,0
197,2008,Anton Larsen,Laminaria #2,238,0,0,0
199,2008,Anton Larsen,Laminaria Point,238,0,0,0
201,2008,Anton Larsen,White rock,238,0,0,0
203,2008,Anton Larsen,Wooden boat,238,0,0,0
172,2008,Cook,Bare North,239,1,0,0
174,2008,Cook,Eelgrass North,239,0,0,0
176,2008,Cook,Eelgrass South,239,26,0,0
178,2008,Cook,Eelgrass West,239,17,0,0
180,2008,Cook,Laminaria East,239,6,0,0
182,2008,Cook,Laminaria North,239,7,0,0
184,2008,Cook,Laminaria South,239,1,0,0
186,2008,Cook,Middle Cove,239,16,0,0
173,2008,Cook,Bare North,240,1,0,0
175,2008,Cook,Eelgrass North,240,10,0,0
177,2008,Cook,Eelgrass South,240,30,0,0
179,2008,Cook,Eelgrass West,240,21,0,0
181,2008,Cook,Laminaria East,240,7,0,0
183,2008,Cook,Laminaria North,240,4,0,0
185,2008,Cook,Laminaria South,240,0,0,0
187,2008,Cook,Middle Cove,240,22,6,0
221,2009,Anton Larsen,Cobble point,194,0,0,0
223,2009,Anton Larsen,Eelgrass patches,194,10,0,0
225,2009,Anton Larsen,Eelgrass point,194,0,1,0
227,2009,Anton Larsen,Laminaria #2,194,0,0,0
229,2009,Anton Larsen,Laminaria Point,194,2,0,0
231,2009,Anton Larsen,White rock,194,0,0,0
233,2009,Anton Larsen,Wooden boat,194,0,0,0
220,2009,Anton Larsen,Back Bay eelgrass,195,0,0,0
222,2009,Anton Larsen,Cobble point,195,0,0,0
224,2009,Anton Larsen,Eelgrass patches,195,96,0,0
226,2009,Anton Larsen,Eelgrass point,195,8,0,0
228,2009,Anton Larsen,Laminaria #2,195,0,0,0
230,2009,Anton Larsen,Laminaria Point,195,1,0,0
232,2009,Anton Larsen,White rock,195,0,0,0
234,2009,Anton Larsen,Wooden boat,195,0,0,0
204,2009,Cook,Bare North,196,1,0,0
205,2009,Cook,Bare North,196,0,0,0
206,2009,Cook,Eelgrass North,196,0,0,1
207,2009,Cook,Eelgrass North,196,0,0,0
208,2009,Cook,Eelgrass South,196,41,0,0
209,2009,Cook,Eelgrass South,196,26,1,0
210,2009,Cook,Eelgrass West,196,0,0,0
211,2009,Cook,Eelgrass West,196,0,0,0
212,2009,Cook,Laminaria East,196,1,0,0
213,2009,Cook,Laminaria East,196,1,0,0
214,2009,Cook,Laminaria North,196,0,0,1
215,2009,Cook,Laminaria North,196,0,0,0
216,2009,Cook,Laminaria South,196,0,0,0
217,2009,Cook,Laminaria South,196,0,0,0
218,2009,Cook,Middle Cove,196,1,0,0
219,2009,Cook,Middle Cove,196,0,0,0
251,2009,Anton Larsen,Back Bay eelgrass,235,0,0,0
253,2009,Anton Larsen,Cobble point,235,0,0,0
255,2009,Anton Larsen,Eelgrass patches,235,3,0,0
257,2009,Anton Larsen,Eelgrass point,235,0,0,0
259,2009,Anton Larsen,Laminaria #2,235,0,0,0
261,2009,Anton Larsen,Laminaria Point,235,0,0,0
263,2009,Anton Larsen,White rock,235,19,0,0
254,2009,Anton Larsen,Cobble point,236,0,0,0
256,2009,Anton Larsen,Eelgrass patches,236,16,0,0
258,2009,Anton Larsen,Eelgrass point,236,1,0,0
260,2009,Anton Larsen,Laminaria #2,236,0,0,0
262,2009,Anton Larsen,Laminaria Point,236,0,0,0
264,2009,Anton Larsen,White rock,236,0,0,0
265,2009,Anton Larsen,Wooden boat,236,0,0,0
252,2009,Anton Larsen,Back Bay eelgrass,237,0,0,0
266,2009,Anton Larsen,Wooden boat,237,0,0,0
235,2009,Cook,Bare North,238,0,0,0
237,2009,Cook,Eelgrass North,238,0,0,0
239,2009,Cook,Eelgrass South,238,75,0,0
241,2009,Cook,Eelgrass West,238,1,0,0
243,2009,Cook,Laminaria East,238,35,1,0
245,2009,Cook,Laminaria North,238,0,0,0
247,2009,Cook,Laminaria South,238,0,0,0
249,2009,Cook,Middle Cove,238,19,0,0
236,2009,Cook,Bare North,241,0,0,0
240,2009,Cook,Eelgrass South,241,1275,7,0
242,2009,Cook,Eelgrass West,241,204,5,0
244,2009,Cook,Laminaria East,241,161,5,0
246,2009,Cook,Laminaria North,241,1,0,0
248,2009,Cook,Laminaria South,241,0,0,0
250,2009,Cook,Middle Cove,241,69,0,0
238,2009,Cook,Eelgrass North,242,1,0,0
283,2010,Anton Larsen,Back Bay eelgrass,195,0,0,0
285,2010,Anton Larsen,Cobble point,195,35,1,0
287,2010,Anton Larsen,Eelgrass patches,195,2,0,0
289,2010,Anton Larsen,Eelgrass point,195,0,0,0
291,2010,Anton Larsen,Laminaria #2,195,0,0,0
293,2010,Anton Larsen,Laminaria Point,195,11,0,0
296,2010,Anton Larsen,Wooden boat,195,0,0,0
326,2010,Anton Larsen,White rock,195,1,0,0
286,2010,Anton Larsen,Cobble point,196,2,0,0
288,2010,Anton Larsen,Eelgrass patches,196,10,0,0
290,2010,Anton Larsen,Eelgrass point,196,1,0,0
294,2010,Anton Larsen,Laminaria Point,196,4,0,0
295,2010,Anton Larsen,White rock,196,12,1,0
284,2010,Anton Larsen,Back Bay eelgrass,197,0,0,0
292,2010,Anton Larsen,Laminaria #2,197,0,0,0
297,2010,Anton Larsen,Wooden boat,197,0,0,0
267,2010,Cook,Bare North,200,0,0,0
269,2010,Cook,Eelgrass North,200,1,0,0
271,2010,Cook,Eelgrass South,200,155,9,0
273,2010,Cook,Eelgrass West,200,1,0,0
275,2010,Cook,Laminaria East,200,0,0,0
277,2010,Cook,Laminaria North,200,0,0,0
279,2010,Cook,Laminaria South,200,0,0,0
281,2010,Cook,Middle Cove,200,0,0,0
268,2010,Cook,Bare North,201,0,0,0
270,2010,Cook,Eelgrass North,201,0,0,0
272,2010,Cook,Eelgrass South,201,83,0,2
274,2010,Cook,Eelgrass West,201,0,0,1
276,2010,Cook,Laminaria East,201,1,0,0
278,2010,Cook,Laminaria North,201,0,0,0
280,2010,Cook,Laminaria South,201,0,0,0
282,2010,Cook,Middle Cove,201,297,2,0
298,2010,Cook,Bare North,235,0,0,0
300,2010,Cook,Eelgrass North,235,0,0,0
302,2010,Cook,Eelgrass South,235,23,3,0
304,2010,Cook,Eelgrass West,235,1,0,0
306,2010,Cook,Laminaria East,235,0,0,0
309,2010,Cook,Laminaria North,235,0,0,0
311,2010,Cook,Laminaria South,235,0,0,0
313,2010,Cook,Middle Cove,235,0,0,0
314,2010,Anton Larsen,Back Bay eelgrass,236,6,0,0
316,2010,Anton Larsen,Cobble point,236,0,0,0
318,2010,Anton Larsen,Eelgrass patches,236,1,0,0
320,2010,Anton Larsen,Eelgrass point,236,0,0,0
322,2010,Anton Larsen,Laminaria #2,236,0,0,0
324,2010,Anton Larsen,Laminaria Point,236,5,0,0
327,2010,Anton Larsen,White rock,236,0,0,0
329,2010,Anton Larsen,Wooden boat,236,0,3,0
315,2010,Anton Larsen,Back Bay eelgrass,237,0,0,0
317,2010,Anton Larsen,Cobble point,237,2,0,0
319,2010,Anton Larsen,Eelgrass patches,237,0,0,0
321,2010,Anton Larsen,Eelgrass point,237,0,0,0
323,2010,Anton Larsen,Laminaria #2,237,0,0,0
325,2010,Anton Larsen,Laminaria Point,237,1,0,0
328,2010,Anton Larsen,White rock,237,0,0,0
330,2010,Anton Larsen,Wooden boat,237,0,0,0
299,2010,Cook,Bare North,239,0,0,0
301,2010,Cook,Eelgrass North,239,0,0,0
303,2010,Cook,Eelgrass South,239,18,0,0
305,2010,Cook,Eelgrass West,239,0,1,0
307,2010,Cook,Laminaria East,239,8,0,0
308,2010,Cook,Laminaria East,239,0,0,0
310,2010,Cook,Laminaria North,239,0,0,0
312,2010,Cook,Laminaria South,239,0,1,0
346,2011,Anton Larsen,Back Bay eelgrass,193,0,0,0
348,2011,Anton Larsen,Cobble point,193,0,0,0
350,2011,Anton Larsen,Eelgrass patches,193,95,2,0
352,2011,Anton Larsen,Eelgrass point,193,200,136,0
354,2011,Anton Larsen,Laminaria #2,193,0,0,0
356,2011,Anton Larsen,Laminaria Point,193,1,0,0
358,2011,Anton Larsen,White rock,193,1,0,0
360,2011,Anton Larsen,Wooden boat,193,0,0,0
347,2011,Anton Larsen,Back Bay eelgrass,194,0,0,0
349,2011,Anton Larsen,Cobble point,194,5,3,1
351,2011,Anton Larsen,Eelgrass patches,194,50,30,0
353,2011,Anton Larsen,Eelgrass point,194,210,140,0
355,2011,Anton Larsen,Laminaria #2,194,0,0,0
357,2011,Anton Larsen,Laminaria Point,194,0,1,0
359,2011,Anton Larsen,White rock,194,0,0,0
361,2011,Anton Larsen,Wooden boat,194,0,0,0
331,2011,Cook,Bare North,200,0,0,0
332,2011,Cook,Eelgrass North,200,2,0,0
334,2011,Cook,Eelgrass South,200,8,0,0
336,2011,Cook,Eelgrass West,200,38,0,0
338,2011,Cook,Laminaria East,200,2,0,0
340,2011,Cook,Laminaria North,200,0,0,0
342,2011,Cook,Laminaria South,200,15,0,0
344,2011,Cook,Middle Cove,200,0,0,0
333,2011,Cook,Eelgrass North,201,0,0,0
335,2011,Cook,Eelgrass South,201,0,0,0
337,2011,Cook,Eelgrass West,201,105,0,0
339,2011,Cook,Laminaria East,201,6,0,0
341,2011,Cook,Laminaria North,201,0,0,0
343,2011,Cook,Laminaria South,201,3,0,0
345,2011,Cook,Middle Cove,201,170,0,0
370,2011,Anton Larsen,Back Bay eelgrass,233,1,0,0
372,2011,Anton Larsen,Cobble point,233,4,0,0
374,2011,Anton Larsen,Eelgrass patches,233,0,0,0
376,2011,Anton Larsen,Eelgrass point,233,9,0,0
378,2011,Anton Larsen,Laminaria #2,233,10,0,0
380,2011,Anton Larsen,Laminaria Point,233,0,0,0
382,2011,Anton Larsen,White rock,233,0,0,0
384,2011,Anton Larsen,Wooden boat,233,0,0,0
371,2011,Anton Larsen,Back Bay eelgrass,234,0,0,0
373,2011,Anton Larsen,Cobble point,234,3,1,0
375,2011,Anton Larsen,Eelgrass patches,234,0,0,0
377,2011,Anton Larsen,Eelgrass point,234,0,0,0
379,2011,Anton Larsen,Laminaria #2,234,0,0,0
381,2011,Anton Larsen,Laminaria Point,234,0,0,0
383,2011,Anton Larsen,White rock,234,0,0,0
385,2011,Anton Larsen,Wooden boat,234,0,0,0
362,2011,Cook,Bare North,241,71,0,0
363,2011,Cook,Eelgrass North,241,165,0,0
364,2011,Cook,Eelgrass South,241,94,0,0
365,2011,Cook,Eelgrass West,241,84,0,0
366,2011,Cook,Laminaria East,241,173,0,0
367,2011,Cook,Laminaria North,241,5,0,0
368,2011,Cook,Laminaria South,241,45,0,0
369,2011,Cook,Middle Cove,241,0,0,0
394,2012,Anton Larsen,Back Bay eelgrass,195,0,0,0
396,2012,Anton Larsen,Cobble point,195,482,66,0
397,2012,Anton Larsen,Eelgrass patches,195,258,21,0
398,2012,Anton Larsen,Eelgrass patches,195,258,21,0
400,2012,Anton Larsen,Eelgrass point,195,491,222,0
402,2012,Anton Larsen,Laminaria #2,195,455,4,0
404,2012,Anton Larsen,Laminaria Point,195,238,56,0
406,2012,Anton Larsen,White rock,195,3,1,0
408,2012,Anton Larsen,Wooden boat,195,0,0,0
395,2012,Anton Larsen,Back Bay eelgrass,196,0,0,0
401,2012,Anton Larsen,Eelgrass point,196,1059,169,0
403,2012,Anton Larsen,Laminaria #2,196,340,0,0
405,2012,Anton Larsen,Laminaria Point,196,322,13,0
407,2012,Anton Larsen,White rock,196,4,0,0
409,2012,Anton Larsen,Wooden boat,196,0,0,0
399,2012,Anton Larsen,Eelgrass patches,197,1,0,0
386,2012,Cook,Bare North,200,21,0,0
387,2012,Cook,Eelgrass North,200,86,1,0
388,2012,Cook,Eelgrass South,200,440,0,0
389,2012,Cook,Eelgrass West,200,329,4,0
390,2012,Cook,Laminaria East,200,731,272,0
391,2012,Cook,Laminaria North,200,35,0,0
392,2012,Cook,Laminaria South,200,346,0,0
393,2012,Cook,Middle Cove,200,958,199,0
418,2012,Anton Larsen,Back Bay eelgrass,236,35,0,0
420,2012,Anton Larsen,Cobble point,236,7,0,0
422,2012,Anton Larsen,Eelgrass patches,236,57,0,0
424,2012,Anton Larsen,Eelgrass point,236,10,0,0
426,2012,Anton Larsen,Laminaria #2,236,9,0,0
428,2012,Anton Larsen,Laminaria Point,236,13,0,0
430,2012,Anton Larsen,White rock,236,1,0,0
432,2012,Anton Larsen,Wooden boat,236,3,0,0
419,2012,Anton Larsen,Back Bay eelgrass,237,45,0,0
421,2012,Anton Larsen,Cobble point,237,17,0,0
423,2012,Anton Larsen,Eelgrass patches,237,10,0,0
425,2012,Anton Larsen,Eelgrass point,237,13,2,0
427,2012,Anton Larsen,Laminaria #2,237,29,0,0
429,2012,Anton Larsen,Laminaria Point,237,45,1,0
431,2012,Anton Larsen,White rock,237,0,0,0
433,2012,Anton Larsen,Wooden boat,237,4,0,0
410,2012,Cook,Bare North,242,36,0,0
411,2012,Cook,Eelgrass North,242,8,0,0
412,2012,Cook,Eelgrass South,242,183,0,0
413,2012,Cook,Eelgrass West,242,44,0,0
414,2012,Cook,Laminaria East,242,61,0,0
415,2012,Cook,Laminaria North,242,34,0,0
416,2012,Cook,Laminaria South,242,30,0,0
417,2012,Cook,Middle Cove,242,121,0,0
449,2013,Anton Larsen,Back Bay eelgrass,204,0,0,0
451,2013,Anton Larsen,Cobble point,204,11,0,2
453,2013,Anton Larsen,Eelgrass patches,204,0,0,12
455,2013,Anton Larsen,Eelgrass point,204,43,0,5
457,2013,Anton Larsen,Laminaria #2,204,0,0,0
459,2013,Anton Larsen,Laminaria Point,204,0,0,4
461,2013,Anton Larsen,White rock,204,0,0,0
463,2013,Anton Larsen,Wooden boat,204,0,0,0
450,2013,Anton Larsen,Back Bay eelgrass,205,0,0,0
452,2013,Anton Larsen,Cobble point,205,3,0,1
454,2013,Anton Larsen,Eelgrass patches,205,1,0,5
456,2013,Anton Larsen,Eelgrass point,205,11,0,5
458,2013,Anton Larsen,Laminaria #2,205,0,0,0
460,2013,Anton Larsen,Laminaria Point,205,2,0,5
462,2013,Anton Larsen,White rock,205,0,0,0
464,2013,Anton Larsen,Wooden boat,205,0,0,1
434,2013,Cook,Bare North,206,0,0,0
436,2013,Cook,Eelgrass North,206,0,0,0
438,2013,Cook,Eelgrass South,206,150,16,0
440,2013,Cook,Eelgrass West,206,53,156,0
442,2013,Cook,Laminaria East,206,0,0,0
444,2013,Cook,Laminaria North,206,0,0,0
446,2013,Cook,Laminaria South,206,0,0,0
435,2013,Cook,Bare North,207,0,0,0
437,2013,Cook,Eelgrass North,207,0,0,0
439,2013,Cook,Eelgrass South,207,85,136,2
441,2013,Cook,Eelgrass West,207,18,0,0
443,2013,Cook,Laminaria East,207,0,0,4
445,2013,Cook,Laminaria North,207,0,0,1
447,2013,Cook,Laminaria South,207,0,0,0
448,2013,Cook,Middle Cove,207,0,0,0
481,2013,Anton Larsen,Back Bay eelgrass,239,0,0,0
483,2013,Anton Larsen,Cobble point,239,7,6,0
485,2013,Anton Larsen,Eelgrass patches,239,0,0,10
487,2013,Anton Larsen,Eelgrass point,239,0,0,0
489,2013,Anton Larsen,Laminaria #2,239,0,0,0
491,2013,Anton Larsen,Laminaria Point,239,0,0,3
493,2013,Anton Larsen,White rock,239,0,0,0
495,2013,Anton Larsen,Wooden boat,239,0,0,1
465,2013,Cook,Bare North,240,8,0,0
467,2013,Cook,Eelgrass North,240,6,0,0
469,2013,Cook,Eelgrass South,240,30,0,1
471,2013,Cook,Eelgrass West,240,19,0,4
473,2013,Cook,Laminaria East,240,17,0,1
475,2013,Cook,Laminaria North,240,6,0,0
477,2013,Cook,Laminaria South,240,17,1,3
479,2013,Cook,Middle Cove,240,5,0,0
482,2013,Anton Larsen,Back Bay eelgrass,241,0,0,0
484,2013,Anton Larsen,Cobble point,241,1,0,3
486,2013,Anton Larsen,Eelgrass patches,241,0,0,8
488,2013,Anton Larsen,Eelgrass point,241,0,1,0
490,2013,Anton Larsen,Laminaria #2,241,0,0,0
492,2013,Anton Larsen,Laminaria Point,241,0,0,0
494,2013,Anton Larsen,White rock,241,0,0,0
496,2013,Anton Larsen,Wooden boat,241,0,0,0
466,2013,Cook,Bare North,242,22,0,0
468,2013,Cook,Eelgrass North,242,0,0,0
470,2013,Cook,Eelgrass South,242,42,0,1
472,2013,Cook,Eelgrass West,242,17,0,1
474,2013,Cook,Laminaria East,242,11,0,0
476,2013,Cook,Laminaria North,242,0,0,0
478,2013,Cook,Laminaria South,242,33,0,0
480,2013,Cook,Middle Cove,242,1,0,0
513,2014,Anton Larsen,Back Bay eelgrass,197,0,0,0
515,2014,Anton Larsen,Cobble point,197,32,3,0
517,2014,Anton Larsen,Eelgrass patches,197,6,3,0
519,2014,Anton Larsen,Eelgrass point,197,14,1,2
521,2014,Anton Larsen,Laminaria #2,197,0,0,0
523,2014,Anton Larsen,Laminaria Point,197,86,5,0
525,2014,Anton Larsen,White rock,197,0,0,0
527,2014,Anton Larsen,Wooden boat,197,0,0,0
514,2014,Anton Larsen,Back Bay eelgrass,198,0,0,0
516,2014,Anton Larsen,Cobble point,198,9,0,0
518,2014,Anton Larsen,Eelgrass patches,198,19,8,0
520,2014,Anton Larsen,Eelgrass point,198,24,8,0
522,2014,Anton Larsen,Laminaria #2,198,0,0,0
524,2014,Anton Larsen,Laminaria Point,198,0,1,0
526,2014,Anton Larsen,White rock,198,1,0,0
528,2014,Anton Larsen,Wooden boat,198,0,0,0
497,2014,Cook,Bare North,200,0,0,0
499,2014,Cook,Eelgrass North,200,0,0,0
501,2014,Cook,Eelgrass South,200,2,1,0
503,2014,Cook,Eelgrass West,200,0,0,0
505,2014,Cook,Laminaria East,200,0,0,0
507,2014,Cook,Laminaria North,200,0,0,0
509,2014,Cook,Laminaria South,200,152,97,0
511,2014,Cook,Middle Cove,200,0,0,0
498,2014,Cook,Bare North,203,0,0,0
500,2014,Cook,Eelgrass North,203,0,0,0
502,2014,Cook,Eelgrass South,203,0,0,0
504,2014,Cook,Eelgrass West,203,0,0,0
506,2014,Cook,Laminaria East,203,0,0,0
508,2014,Cook,Laminaria North,203,0,0,0
510,2014,Cook,Laminaria South,203,5,0,0
512,2014,Cook,Middle Cove,203,0,0,0
545,2014,Anton Larsen,Back Bay eelgrass,232,0,0,0
547,2014,Anton Larsen,Cobble point,232,0,0,0
549,2014,Anton Larsen,Eelgrass patches,232,3,0,0
551,2014,Anton Larsen,Eelgrass point,232,0,0,0
553,2014,Anton Larsen,Laminaria #2,232,3,0,0
555,2014,Anton Larsen,Laminaria Point,232,0,0,0
557,2014,Anton Larsen,White rock,232,0,0,0
559,2014,Anton Larsen,Wooden boat,232,0,0,0
546,2014,Anton Larsen,Back Bay eelgrass,233,0,0,0
548,2014,Anton Larsen,Cobble point,233,0,0,0
550,2014,Anton Larsen,Eelgrass patches,233,3,0,0
552,2014,Anton Larsen,Eelgrass point,233,0,0,0
554,2014,Anton Larsen,Laminaria #2,233,0,0,0
556,2014,Anton Larsen,Laminaria Point,233,0,0,0
558,2014,Anton Larsen,White rock,233,0,0,0
560,2014,Anton Larsen,Wooden boat,233,0,0,0
529,2014,Cook,Bare North,234,0,0,0
531,2014,Cook,Eelgrass North,234,0,0,0
533,2014,Cook,Eelgrass South,234,22,0,0
535,2014,Cook,Eelgrass West,234,0,0,0
537,2014,Cook,Laminaria East,234,0,0,0
539,2014,Cook,Laminaria North,234,0,0,0
541,2014,Cook,Laminaria South,234,4,0,0
543,2014,Cook,Middle Cove,234,0,0,0
530,2014,Cook,Bare North,235,0,0,0
532,2014,Cook,Eelgrass North,235,0,0,0
534,2014,Cook,Eelgrass South,235,6,0,0
536,2014,Cook,Eelgrass West,235,7,1,0
538,2014,Cook,Laminaria East,235,2,0,0
540,2014,Cook,Laminaria North,235,0,0,0
542,2014,Cook,Laminaria South,235,6,0,0
544,2014,Cook,Middle Cove,235,0,0,4
577,2015,Anton Larsen,Back Bay eelgrass,192,0,0,0
579,2015,Anton Larsen,Cobble point,192,0,0,0
581,2015,Anton Larsen,Eelgrass patches,192,0,0,0
583,2015,Anton Larsen,Eelgrass point,192,0,0,0
585,2015,Anton Larsen,Laminaria #2,192,0,0,0
587,2015,Anton Larsen,Laminaria Point,192,0,0,0
589,2015,Anton Larsen,White rock,192,0,0,0
591,2015,Anton Larsen,Wooden boat,192,0,0,0
561,2015,Cook,Bare North,193,0,0,0
563,2015,Cook,Eelgrass North,193,0,0,0
565,2015,Cook,Eelgrass South,193,1,0,3
567,2015,Cook,Eelgrass West,193,0,0,0
569,2015,Cook,Laminaria East,193,2,0,0
571,2015,Cook,Laminaria North,193,0,0,0
573,2015,Cook,Laminaria South,193,0,0,0
575,2015,Cook,Middle Cove,193,0,0,0
562,2015,Cook,Bare North,196,0,0,0
564,2015,Cook,Eelgrass North,196,0,0,0
566,2015,Cook,Eelgrass South,196,0,0,4
568,2015,Cook,Eelgrass West,196,0,0,0
570,2015,Cook,Laminaria East,196,2,0,0
572,2015,Cook,Laminaria North,196,0,0,0
574,2015,Cook,Laminaria South,196,0,0,0
576,2015,Cook,Middle Cove,196,0,0,0
578,2015,Anton Larsen,Back Bay eelgrass,197,0,0,0
580,2015,Anton Larsen,Cobble point,197,0,0,0
582,2015,Anton Larsen,Eelgrass patches,197,0,0,0
584,2015,Anton Larsen,Eelgrass point,197,0,0,0
586,2015,Anton Larsen,Laminaria #2,197,0,0,0
588,2015,Anton Larsen,Laminaria Point,197,0,0,0
590,2015,Anton Larsen,White rock,197,0,0,0
592,2015,Anton Larsen,Wooden boat,197,0,0,0
602,2015,Anton Larsen,Cobble point,234,0,0,0
604,2015,Anton Larsen,Eelgrass patches,234,0,0,0
606,2015,Anton Larsen,Eelgrass point,234,0,0,0
609,2015,Anton Larsen,Laminaria Point,234,0,0,0
611,2015,Anton Larsen,White rock,234,0,0,0
601,2015,Anton Larsen,Back Bay eelgrass,235,0,0,0
603,2015,Anton Larsen,Cobble point,235,0,0,0
605,2015,Anton Larsen,Eelgrass patches,235,0,0,0
607,2015,Anton Larsen,Eelgrass point,235,0,0,0
608,2015,Anton Larsen,Laminaria #2,235,0,0,0
610,2015,Anton Larsen,Laminaria Point,235,0,0,0
612,2015,Anton Larsen,White rock,235,0,0,0
613,2015,Anton Larsen,Wooden boat,235,0,0,0
593,2015,Cook,Bare North,238,0,0,0
594,2015,Cook,Eelgrass North,238,0,0,0
595,2015,Cook,Eelgrass South,238,4,0,0
596,2015,Cook,Eelgrass West,238,0,0,0
597,2015,Cook,Laminaria East,238,0,0,0
598,2015,Cook,Laminaria North,238,0,0,0
599,2015,Cook,Laminaria South,238,0,0,0
600,2015,Cook,Middle Cove,238,76,4,0
614,2016,Cook,Bare North,197,0,0,0
616,2016,Cook,Eelgrass North,197,0,0,0
618,2016,Cook,Eelgrass South,197,3,1,0
620,2016,Cook,Eelgrass West,197,0,0,0
622,2016,Cook,Laminaria East,197,39,2,0
624,2016,Cook,Laminaria North,197,1,0,0
626,2016,Cook,Laminaria South,197,0,0,0
628,2016,Cook,Middle Cove,197,4,0,0
630,2016,Anton Larsen,Back Bay eelgrass,198,0,0,0
632,2016,Anton Larsen,Cobble point,198,3,0,0
634,2016,Anton Larsen,Eelgrass patches,198,3,7,0
636,2016,Anton Larsen,Eelgrass point,198,0,0,0
638,2016,Anton Larsen,Laminaria #2,198,0,0,0
640,2016,Anton Larsen,Laminaria Point,198,2,3,0
642,2016,Anton Larsen,White rock,198,0,0,0
644,2016,Anton Larsen,Wooden boat,198,2,0,0
631,2016,Anton Larsen,Back Bay eelgrass,199,0,0,0
633,2016,Anton Larsen,Cobble point,199,1,0,0
635,2016,Anton Larsen,Eelgrass patches,199,0,4,0
637,2016,Anton Larsen,Eelgrass point,199,0,0,0
639,2016,Anton Larsen,Laminaria #2,199,1,0,0
641,2016,Anton Larsen,Laminaria Point,199,0,0,0
643,2016,Anton Larsen,White rock,199,0,0,0
645,2016,Anton Larsen,Wooden boat,199,0,0,0
615,2016,Cook,Bare North,202,0,0,0
617,2016,Cook,Eelgrass North,202,0,0,0
619,2016,Cook,Eelgrass South,202,21,1,0
621,2016,Cook,Eelgrass West,202,0,0,0
623,2016,Cook,Laminaria East,202,0,0,0
625,2016,Cook,Laminaria North,202,0,0,0
627,2016,Cook,Laminaria South,202,0,0,0
629,2016,Cook,Middle Cove,202,0,0,0
662,2017,Anton Larsen,Back Bay eelgrass,194,0,0,0
664,2017,Anton Larsen,Cobble point,194,62,0,0
666,2017,Anton Larsen,Eelgrass patches,194,244,11,0
668,2017,Anton Larsen,Eelgrass point,194,186,31,0
670,2017,Anton Larsen,Laminaria #2,194,36,0,0
672,2017,Anton Larsen,Laminaria Point,194,56,9,1
674,2017,Anton Larsen,White rock,194,0,0,0
676,2017,Anton Larsen,Wooden boat,194,28,0,0
663,2017,Anton Larsen,Back Bay eelgrass,195,0,0,0
665,2017,Anton Larsen,Cobble point,195,0,3,0
667,2017,Anton Larsen,Eelgrass patches,195,127,5,0
669,2017,Anton Larsen,Eelgrass point,195,116,1,0
671,2017,Anton Larsen,Laminaria #2,195,8,0,0
673,2017,Anton Larsen,Laminaria Point,195,143,95,0
675,2017,Anton Larsen,White rock,195,0,0,0
677,2017,Anton Larsen,Wooden boat,195,17,0,0
646,2017,Cook,Bare North,196,52,336,0
648,2017,Cook,Eelgrass North,196,377,83,0
650,2017,Cook,Eelgrass South,196,709,69,0
652,2017,Cook,Eelgrass West,196,392,125,0
654,2017,Cook,Laminaria East,196,365,3758,0
656,2017,Cook,Laminaria North,196,80,97,0
658,2017,Cook,Laminaria South,196,331,600,0
660,2017,Cook,Middle Cove,196,155,436,0
647,2017,Cook,Bare North,198,0,215,0
649,2017,Cook,Eelgrass North,198,242,17,0
651,2017,Cook,Eelgrass South,198,374,101,0
653,2017,Cook,Eelgrass West,198,248,10,0
655,2017,Cook,Laminaria East,198,271,659,0
657,2017,Cook,Laminaria North,198,98,29,0
659,2017,Cook,Laminaria South,198,417,88,0
661,2017,Cook,Middle Cove,198,184,611,0
694,2017,Anton Larsen,Back Bay eelgrass,230,9,0,0
696,2017,Anton Larsen,Cobble point,230,1,0,0
698,2017,Anton Larsen,Eelgrass patches,230,0,0,0
700,2017,Anton Larsen,Eelgrass point,230,12,0,0
702,2017,Anton Larsen,Laminaria #2,230,1,0,0
704,2017,Anton Larsen,Laminaria Point,230,1,0,0
706,2017,Anton Larsen,White rock,230,0,0,0
708,2017,Anton Larsen,Wooden boat,230,0,0,0
695,2017,Anton Larsen,Back Bay eelgrass,231,1,0,0
697,2017,Anton Larsen,Cobble point,231,13,0,0
699,2017,Anton Larsen,Eelgrass patches,231,11,0,0
701,2017,Anton Larsen,Eelgrass point,231,4,0,0
703,2017,Anton Larsen,Laminaria #2,231,0,0,0
705,2017,Anton Larsen,Laminaria Point,231,0,0,0
707,2017,Anton Larsen,White rock,231,4,0,0
709,2017,Anton Larsen,Wooden boat,231,7,0,0
678,2017,Cook,Bare North,234,39,0,0
680,2017,Cook,Eelgrass North,234,76,16,0
682,2017,Cook,Eelgrass South,234,163,0,0
684,2017,Cook,Eelgrass West,234,73,0,0
686,2017,Cook,Laminaria East,234,212,1,0
688,2017,Cook,Laminaria North,234,3,0,0
690,2017,Cook,Laminaria South,234,110,0,0
692,2017,Cook,Middle Cove,234,17,0,0
679,2017,Cook,Bare North,235,22,0,0
681,2017,Cook,Eelgrass North,235,35,6,0
683,2017,Cook,Eelgrass South,235,22,1,0
685,2017,Cook,Eelgrass West,235,13,1,0
687,2017,Cook,Laminaria East,235,230,9,0
689,2017,Cook,Laminaria North,235,0,0,0
691,2017,Cook,Laminaria South,235,3,0,0
693,2017,Cook,Middle Cove,235,45,0,0
858,2018,Ugak,Ugak-1,186,0,0,0
859,2018,Ugak,Ugak-2,186,1,0,0
860,2018,Ugak,Ugak-3,186,11,0,0
861,2018,Ugak,Ugak-4,186,1,0,0
862,2018,Ugak,Ugak-5,186,21,0,0
863,2018,Ugak,Ugak-6,186,103,0,0
864,2018,Kiliuda,Kilu-1,188,0,0,0
865,2018,Kiliuda,Kilu-2,188,0,0,0
866,2018,Kiliuda,Kilu-3,188,13,0,0
867,2018,Kiliuda,Kilu-4,188,4,0,0
868,2018,Kiliuda,Kilu-5,188,5,0,0
869,2018,Kiliuda,Kilu-6,188,0,0,0
870,2018,Kiliuda,Kilu-7,188,2,0,0
871,2018,Kaiugnak,Kai-1,190,2,0,0
872,2018,Kaiugnak,Kai-2,190,7,0,6
873,2018,Kaiugnak,Kai-3,190,18,0,1
874,2018,Kaiugnak,Kai-4,190,45,0,0
875,2018,Kaiugnak,Kai-5,190,13,0,0
876,2018,Kaiugnak,Kai-6,190,6,0,1
877,2018,Japanese,Jap-1,192,407,0,0
878,2018,Japanese,Jap-2,192,302,0,0
879,2018,Japanese,Jap-3,192,345,0,0
880,2018,Japanese,Jap-4,192,1,0,0
881,2018,Japanese,Jap-5,192,42,0,0
882,2018,Japanese,Jap-6,192,47,0,0
883,2018,Rodman Reach,RR-1,195,17,0,0
884,2018,Rodman Reach,RR-2,195,16,0,0
885,2018,Rodman Reach,RR-3,195,379,0,0
886,2018,Rodman Reach,RR-4,195,44,0,0
887,2018,Rodman Reach,RR-5,195,0,0,0
888,2018,Rodman Reach,RR-6,195,54,0,0
734,2018,Anton Larsen,Back Bay eelgrass,196,0,0,0
735,2018,Anton Larsen,Cobble point,196,11,28,0
736,2018,Anton Larsen,Eelgrass patches,196,1,3,0
737,2018,Anton Larsen,Eelgrass point,196,4,102,0
738,2018,Anton Larsen,Laminaria #2,196,0,0,0
739,2018,Anton Larsen,Laminaria Point,196,140,5,0
740,2018,Anton Larsen,White rock,196,0,0,0
741,2018,Anton Larsen,Wooden boat,196,93,1,0
711,2018,Cook,Bare North,197,3,0,0
714,2018,Cook,Eelgrass North,197,40,1,0
718,2018,Cook,Eelgrass South,197,470,5,0
720,2018,Cook,Eelgrass West,197,17,1,0
723,2018,Cook,Laminaria East,197,218,192,0
725,2018,Cook,Laminaria North,197,2,0,0
728,2018,Cook,Laminaria South,197,203,80,0
730,2018,Cook,Middle Cove,197,363,2459,0
889,2018,Agripina,AG-1,197,103,0,0
890,2018,Agripina,AG-2,197,200,0,0
891,2018,Agripina,AG-3,197,643,2,0
892,2018,Agripina,AG-4,197,835,1,0
893,2018,Agripina,AG-5,197,807,6,0
894,2018,Agripina,AG-6,197,2,0,0
712,2018,Cook,Bare North,198,7,0,0
715,2018,Cook,Eelgrass North,198,55,39,0
719,2018,Cook,Eelgrass South,198,391,137,0
721,2018,Cook,Eelgrass West,198,26,0,0
724,2018,Cook,Laminaria East,198,789,3931,0
726,2018,Cook,Laminaria North,198,20,7,0
729,2018,Cook,Laminaria South,198,219,35,0
731,2018,Cook,Middle Cove,198,7,0,0
895,2018,Port Wrangell,PW-1,198,558,3144,0
896,2018,Port Wrangell,PW-2,198,552,3630,0
897,2018,Port Wrangell,PW-3,198,477,2277,0
898,2018,Port Wrangell,PW-4,198,311,8,0
710,2018,Anton Larsen,Back Bay eelgrass,199,0,0,0
713,2018,Anton Larsen,Cobble point,199,6,9,0
716,2018,Anton Larsen,Eelgrass patches,199,3,0,0
717,2018,Anton Larsen,Eelgrass point,199,32,49,0
722,2018,Anton Larsen,Laminaria #2,199,0,0,0
727,2018,Anton Larsen,Laminaria Point,199,1,0,0
732,2018,Anton Larsen,White rock,199,0,0,0
733,2018,Anton Larsen,Wooden boat,199,69,0,0
899,2018,Mitrofania,Mit-1,203,70,118,5
900,2018,Mitrofania,Mit-2,203,72,10,0
901,2018,Mitrofania,Mit-3,203,55,2,1
902,2018,Mitrofania,Mit-4,203,131,5,0
903,2018,Mitrofania,Mit-5,203,123,3,0
904,2018,Mitrofania,Mit-6,203,16,208,0
905,2018,Fox,Fox-1,205,389,3,0
906,2018,Fox,Fox-2,205,129,1,0
907,2018,Fox,Fox-3,205,276,0,0
908,2018,Fox,Fox-4,205,26,0,0
909,2018,Fox,Fox-5,205,12,0,0
910,2018,Sand Point,Sand-1,207,2,0,0
911,2018,Sand Point,Sand-2,207,395,0,0
912,2018,Sand Point,Sand-3,207,316,0,0
913,2018,Falmouth,Fal-1,210,406,0,0
914,2018,Falmouth,Fal-2,210,224,0,0
915,2018,Falmouth,Fal-3,210,118,1,0
916,2018,Falmouth,Fal-4,211,1324,44,0
917,2018,Falmouth,Fal-5,211,111,0,0
918,2018,Baralof,Bar-1,213,257,0,0
919,2018,Baralof,Bar-2,213,420,0,0
920,2018,Baralof,Bar-3,213,667,0,0
921,2018,Baralof,Bar-4,213,304,0,0
922,2018,Baralof,Bar-5,213,183,0,0
923,2018,Baralof,Bar-6,213,87,0,0
924,2018,Balboa,BB-1,217,6,0,0
925,2018,Balboa,BB-2,217,86,0,0
926,2018,Balboa,BB-3,217,20,0,0
927,2018,Balboa,BB-4,217,294,0,0
928,2018,Balboa,BB-5,217,2,0,0
929,2018,Balboa,BB-6,217,542,0,0
930,2018,Fox,Fox-4,219,0,0,0
931,2018,Fox,Fox-5,219,0,0,0
932,2018,Fox,Fox-1,219,147,0,0
933,2018,Fox,Fox-2,219,17,0,0
934,2018,Fox,Fox-3,219,33,0,0
935,2018,Mitrofania,Mit-1,221,172,87,0
936,2018,Mitrofania,Mit-2,221,19,32,0
937,2018,Mitrofania,Mit-3,221,308,26,0
938,2018,Mitrofania,Mit-6,221,8,69,0
939,2018,Mitrofania,Mit-4,221,6,3,0
940,2018,Mitrofania,Mit-5,221,39,0,0
941,2018,Port Wrangell,PW-3,226,0,0,0
942,2018,Port Wrangell,PW-2,226,29,0,0
943,2018,Port Wrangell,PW-1,226,263,2,0
944,2018,Port Wrangell,PW-4,226,459,2172,0
945,2018,Agripina,AG-1,227,427,0,0
946,2018,Agripina,AG-2,227,8,1,0
947,2018,Agripina,AG-4,227,11,0,0
948,2018,Agripina,AG-3,227,278,25,0
949,2018,Agripina,AG-5,227,590,592,0
950,2018,Agripina,AG-6,227,0,0,0
951,2018,Rodman Reach,RR-1,229,35,3,0
952,2018,Rodman Reach,RR-4,229,62,13,0
953,2018,Rodman Reach,RR-5,229,0,0,0
954,2018,Rodman Reach,RR-6,232,28,0,0
955,2018,Rodman Reach,RR-2,232,16,0,0
806,2018,Cook,Bare North,233,19,0,0
807,2018,Cook,Middle Cove,233,27,1,0
808,2018,Cook,Eelgrass North,233,87,2,0
809,2018,Cook,Laminaria North,233,11,174,0
810,2018,Cook,Laminaria South,233,0,0,0
811,2018,Cook,Eelgrass South,233,641,8,0
812,2018,Cook,Eelgrass West,233,165,29,0
813,2018,Cook,Laminaria East,233,47,437,0
814,2018,Cook,Laminaria East,234,79,641,0
815,2018,Cook,Eelgrass South,234,483,279,0
816,2018,Cook,Laminaria South,234,38,14,0
817,2018,Cook,Eelgrass West,234,124,2,0
818,2018,Cook,Laminaria North,234,19,0,0
819,2018,Cook,Eelgrass North,234,153,1,0
820,2018,Cook,Middle Cove,234,3,0,0
821,2018,Cook,Bare North,234,0,0,0
956,2018,Japanese,Jap-5,234,0,0,0
957,2018,Japanese,Jap-4,234,5,0,0
958,2018,Japanese,Jap-1,234,182,0,0
959,2018,Japanese,Jap-6,234,459,5,0
960,2018,Japanese,Jap-2,234,0,0,0
961,2018,Japanese,Jap-3,234,0,0,0
962,2018,Japanese,Jap-7,234,1,0,0
822,2018,Anton Larsen,Laminaria Point,235,0,0,0
823,2018,Anton Larsen,Eelgrass point,235,0,0,0
824,2018,Anton Larsen,Eelgrass patches,235,12,12,0
825,2018,Anton Larsen,Cobble point,235,1,2,0
826,2018,Anton Larsen,Back Bay eelgrass,235,0,0,0
827,2018,Anton Larsen,Wooden boat,235,0,0,0
828,2018,Anton Larsen,Laminaria #2,235,0,0,0
829,2018,Anton Larsen,White rock,235,0,0,0
830,2018,Anton Larsen,Laminaria Point,236,0,0,0
831,2018,Anton Larsen,Eelgrass point,236,0,0,0
832,2018,Anton Larsen,Eelgrass patches,236,1,19,0
833,2018,Anton Larsen,Cobble point,236,0,0,0
834,2018,Anton Larsen,Back Bay eelgrass,236,0,0,0
835,2018,Anton Larsen,Wooden boat,236,0,0,0
836,2018,Anton Larsen,Laminaria #2,236,0,0,0
837,2018,Anton Larsen,White rock,236,0,0,0
963,2018,Kaiugnak,Kai-1,236,591,97,0
964,2018,Kaiugnak,Kai-2,236,406,50,3
965,2018,Kaiugnak,Kai-3,236,87,0,4
966,2018,Kaiugnak,Kai-6,236,1,0,0
967,2018,Kaiugnak,Kai-4,236,5,0,0
968,2018,Kaiugnak,Kai-7,236,3,0,0
969,2018,Kiliuda,Kilu-5,238,144,2,0
970,2018,Kiliuda,Kilu-1,238,65,0,0
971,2018,Kiliuda,Kilu-4,238,64,0,0
972,2018,Kiliuda,Kilu-8,238,94,0,0
973,2018,Kiliuda,Kilu-9,238,1,0,0
974,2018,Ugak,Ugak-5,240,1,1,0
975,2018,Ugak,Ugak-6,240,0,0,0
976,2018,Ugak,Ugak-3,240,0,0,0
977,2018,Ugak,Ugak-2,240,1,0,0
978,2018,Ugak,Ugak-1,240,0,0,0
979,2018,Ugak,Ugak-7,240,0,0,0
980,2018,Ugak,Ugak-4,240,4,0,0
981,2018,Ugak,Ugak-8,240,3,0,0
982,2019,Agripina,AG-1,188,2,0,0
983,2019,Agripina,AG-2,188,5,0,0
984,2019,Agripina,AG-5,188,31,0,0
985,2019,Agripina,AG-3,188,6,0,0
986,2019,Agripina,AG-4,188,0,0,0
987,2019,Agripina,AG-6,188,0,0,0
988,2019,Port Wrangell,PW-3,190,0,0,0
989,2019,Port Wrangell,PW-2,190,1,0,0
990,2019,Port Wrangell,PW-1,190,0,0,0
991,2019,Port Wrangell,PW-4,190,0,0,0
742,2019,Cook,Middle Cove,193,0,0,0
743,2019,Cook,Bare North,193,0,0,0
744,2019,Cook,Eelgrass North,193,0,0,0
745,2019,Cook,Laminaria North,193,0,0,0
746,2019,Cook,Eelgrass West,193,0,0,0
747,2019,Cook,Laminaria South,193,0,0,0
748,2019,Cook,Laminaria East,193,1,0,0
749,2019,Cook,Eelgrass South,193,0,0,0
992,2019,Mitrofania,Mit-1,193,4,0,0
993,2019,Mitrofania,Mit-2,193,1,0,0
994,2019,Mitrofania,Mit-3,193,44,7,0
995,2019,Mitrofania,Mit-5,193,0,0,0
996,2019,Mitrofania,Mit-6,193,5,0,0
997,2019,Mitrofania,Mit-4,193,1,0,0
750,2019,Anton Larsen,Laminaria #2,194,0,0,0
751,2019,Anton Larsen,Wooden boat,194,0,0,0
752,2019,Anton Larsen,Back Bay eelgrass,194,0,0,0
753,2019,Anton Larsen,Laminaria Point,194,1,0,0
754,2019,Anton Larsen,Eelgrass point,194,42,0,0
755,2019,Anton Larsen,Eelgrass patches,194,8,0,0
756,2019,Anton Larsen,Cobble point,194,21,0,0
757,2019,Anton Larsen,White rock,194,0,0,0
758,2019,Anton Larsen,Laminaria #2,195,0,0,0
759,2019,Anton Larsen,Wooden boat,195,0,0,0
760,2019,Anton Larsen,Back Bay eelgrass,195,0,0,0
761,2019,Anton Larsen,Laminaria Point,195,1,0,0
762,2019,Anton Larsen,Eelgrass patches,195,0,0,0
763,2019,Anton Larsen,Eelgrass point,195,87,0,0
764,2019,Anton Larsen,Cobble point,195,5,0,0
765,2019,Anton Larsen,White rock,195,0,0,0
998,2019,Fox,Fox-5,195,0,0,0
999,2019,Fox,Fox-1,195,0,0,0
1000,2019,Fox,Fox-2,195,0,0,0
1001,2019,Fox,Fox-3,195,0,0,0
1002,2019,Fox,Fox-4,195,0,0,0
766,2019,Cook,Laminaria South,196,0,0,0
767,2019,Cook,Eelgrass South,196,2,0,0
768,2019,Cook,Laminaria East,196,0,0,0
769,2019,Cook,Eelgrass West,196,0,0,0
770,2019,Cook,Laminaria North,196,0,0,0
771,2019,Cook,Eelgrass North,196,0,0,0
772,2019,Cook,Bare North,196,0,0,0
773,2019,Cook,Middle Cove,196,0,0,0
1003,2019,Balboa,BB-2,198,3,27,0
1004,2019,Balboa,BB-3,198,0,0,0
1005,2019,Balboa,BB-4,198,2,1,0
1006,2019,Balboa,BB-7,198,0,23,0
1007,2019,Balboa,BB-6,198,0,0,0
1008,2019,Balboa,BB-1,198,0,0,0
1009,2019,Sand Point,Sand-2,202,7,0,0
1010,2019,Sand Point,Sand-3,202,1,0,0
1011,2019,Falmouth,Fal-1,204,0,0,0
1012,2019,Falmouth,Fal-2,204,0,0,0
1013,2019,Falmouth,Fal-3,204,5,0,0
1014,2019,Falmouth,Fal-4,204,0,1,0
1015,2019,Falmouth,Fal-5,204,0,0,0
1016,2019,Baralof,Bar-1,206,0,0,0
1017,2019,Baralof,Bar-3,206,0,0,0
1018,2019,Baralof,Bar-2,206,0,0,0
1019,2019,Baralof,Bar-6,206,0,0,0
1020,2019,Baralof,Bar-4,206,0,0,0
1021,2019,Baralof,Bar-5,206,0,0,0
1022,2019,Rodman Reach,RR-3,212,3,0,0
1023,2019,Rodman Reach,RR-5,212,0,0,0
1024,2019,Rodman Reach,RR-6,212,0,1,0
1025,2019,Rodman Reach,RR-4,212,8,0,0
1026,2019,Rodman Reach,RR-1,212,0,0,0
1027,2019,Rodman Reach,RR-2,212,1,1,0
1028,2019,Japanese,Jap-7,218,0,0,0
1029,2019,Japanese,Jap-2,218,0,0,0
1030,2019,Japanese,Jap-3,218,0,0,1
1031,2019,Japanese,Jap-1,218,0,0,0
1032,2019,Japanese,Jap-6,218,0,0,7
1033,2019,Japanese,Jap-5,218,2,0,0
1034,2019,Japanese,Jap-4,218,0,0,0
1035,2019,Kaiugnak,Kai-1,219,0,0,0
1036,2019,Kaiugnak,Kai-2,219,32,0,0
1037,2019,Kaiugnak,Kai-3,219,71,0,0
1038,2019,Kaiugnak,Kai-6,220,5,0,0
1039,2019,Kaiugnak,Kai-7,220,0,0,0
1040,2019,Kaiugnak,Kai-4,220,0,0,0
1041,2019,Kiliuda,Kilu-1,222,0,0,0
1042,2019,Kiliuda,Kilu-2,222,0,0,0
1043,2019,Kiliuda,Kilu-4,222,0,0,0
1044,2019,Kiliuda,Kilu-5,222,0,0,0
1045,2019,Kiliuda,Kilu-6,222,0,0,0
1046,2019,Kiliuda,Kilu-3,222,0,0,0
1047,2019,Ugak,Ugak-7,226,0,0,0
1048,2019,Ugak,Ugak-2,226,0,0,0
1049,2019,Ugak,Ugak-3,226,0,0,0
1050,2019,Ugak,Ugak-4,226,0,0,0
1051,2019,Ugak,Ugak-8,226,0,0,0
1052,2019,Ugak,Ugak-5,226,0,0,0
1053,2019,Ugak,Ugak-6,226,0,0,0
774,2019,Cook,Middle Cove,232,0,0,0
775,2019,Cook,Bare North,232,0,0,0
776,2019,Cook,Laminaria North,232,0,0,0
777,2019,Cook,Eelgrass North,232,0,0,0
778,2019,Cook,Laminaria East,232,0,0,0
779,2019,Cook,Eelgrass West,232,0,0,0
780,2019,Cook,Laminaria South,232,0,0,0
781,2019,Cook,Eelgrass South,232,0,0,0
782,2019,Cook,Middle Cove,233,0,0,0
783,2019,Cook,Bare North,233,0,0,0
784,2019,Cook,Laminaria South,233,0,0,0
785,2019,Cook,Eelgrass South,233,1,0,0
786,2019,Cook,Eelgrass North,233,0,0,0
787,2019,Cook,Laminaria North,233,0,0,0
788,2019,Cook,Laminaria East,233,0,0,0
789,2019,Cook,Eelgrass West,233,0,0,0
790,2019,Anton Larsen,White rock,236,0,0,0
791,2019,Anton Larsen,Back Bay eelgrass,236,0,0,0
792,2019,Anton Larsen,Wooden boat,236,0,0,0
793,2019,Anton Larsen,Laminaria #2,236,0,0,0
794,2019,Anton Larsen,Eelgrass patches,236,7,0,0
795,2019,Anton Larsen,Cobble point,236,30,0,0
796,2019,Anton Larsen,Laminaria Point,236,0,0,0
797,2019,Anton Larsen,Eelgrass point,236,1,0,0
798,2019,Anton Larsen,White rock,237,0,0,0
799,2019,Anton Larsen,Back Bay eelgrass,237,0,0,0
800,2019,Anton Larsen,Wooden boat,237,0,0,0
801,2019,Anton Larsen,Laminaria #2,237,0,0,0
802,2019,Anton Larsen,Eelgrass patches,237,0,0,0
803,2019,Anton Larsen,Laminaria Point,237,0,0,0
804,2019,Anton Larsen,Eelgrass point,237,0,0,0
805,2019,Anton Larsen,Cobble point,237,6,0,0
846,2020,Cook,Laminaria North,184,16,0,0
847,2020,Cook,Eelgrass West,184,212,220,0
848,2020,Cook,Laminaria East,184,204,0,0
849,2020,Cook,Eelgrass South,184,370,55,0
1054,2020,Agripina,AG-1,188,328,0,0
1055,2020,Agripina,AG-2,188,381,78,0
1056,2020,Agripina,AG-5,188,615,331,0
1057,2020,Agripina,AG-3,188,2496,434,0
1058,2020,Agripina,AG-4,188,59,1,0
1059,2020,Agripina,AG-6,188,1,0,0
1060,2020,Port Wrangell,PW-1,190,1363,2,0
1061,2020,Port Wrangell,PW-2,190,2076,1224,0
1062,2020,Port Wrangell,PW-3,190,1122,33,0
1063,2020,Port Wrangell,PW-4,190,323,8,0
1064,2020,Mitrofania,Mit-1,194,93,49,0
1065,2020,Mitrofania,Mit-2,194,37,0,0
1066,2020,Mitrofania,Mit-3,194,143,127,0
1067,2020,Mitrofania,Mit-4,194,29,1,0
1068,2020,Mitrofania,Mit-5,194,0,0,0
1069,2020,Mitrofania,Mit-6,194,10,10,0
1070,2020,Fox,Fox-1,196,5,0,0
1071,2020,Fox,Fox-2,196,11,0,0
1072,2020,Fox,Fox-3,196,17,0,0
1073,2020,Fox,Fox-4,196,5,0,0
1074,2020,Fox,Fox-5,196,0,0,0
1075,2020,Balboa,BB-2,199,86,17,0
1076,2020,Balboa,BB-3,199,61,1,0
1077,2020,Balboa,BB-4,199,55,371,0
1078,2020,Balboa,BB-6,199,24,668,0
1079,2020,Balboa,BB-7,199,12,7,0
1080,2020,Falmouth,Fal-1,201,603,0,0
1081,2020,Falmouth,Fal-5,201,101,0,0
1082,2020,Falmouth,Fal-3,201,19,7,0
1083,2020,Falmouth,Fal-4,201,660,26,0
1084,2020,Falmouth,Fal-2,201,0,0,0
1085,2020,Sand Point,Sand-2,202,689,51,0
1086,2020,Sand Point,Sand-3,202,211,20,0
1087,2020,Baralof,Bar-2,205,59,11,0
1088,2020,Baralof,Bar-3,205,861,0,0
1089,2020,Baralof,Bar-4,205,33,0,0
1090,2020,Baralof,Bar-5,205,83,0,0
1091,2020,Baralof,Bar-1,205,77,2,0
1092,2020,Baralof,Bar-6,205,4,1,0
1093,2020,Rodman Reach,RR-1,210,16,66,0
1094,2020,Rodman Reach,RR-2,210,3,0,0
1095,2020,Rodman Reach,RR-4,210,22,67,0
1096,2020,Rodman Reach,RR-5,210,0,0,0
1097,2020,Rodman Reach,RR-6,210,6,0,0
1098,2020,Japanese,Jap-2,212,29,0,0
1099,2020,Japanese,Jap-3,212,332,0,0
1100,2020,Japanese,Jap-6,212,141,0,0
1101,2020,Japanese,Jap-1,212,45,0,0
1102,2020,Japanese,Jap-5,212,48,0,0
1103,2020,Japanese,Jap-4,212,167,0,0
1104,2020,Kaiugnak,Kai-1,214,44,0,0
1105,2020,Kaiugnak,Kai-2,214,636,0,0
1106,2020,Kaiugnak,Kai-6,214,221,0,0
1107,2020,Kaiugnak,Kai-3,214,238,0,0
1108,2020,Kaiugnak,Kai-7,214,5,0,0
1109,2020,Kaiugnak,Kai-4,214,231,0,0
1110,2020,Kiliuda,Kilu-1,216,35,0,0
1111,2020,Kiliuda,Kilu-2,216,12,0,0
1112,2020,Kiliuda,Kilu-4,216,28,0,0
1113,2020,Kiliuda,Kilu-6,216,101,0,0
1114,2020,Kiliuda,Kilu-5,216,181,0,0
1115,2020,Kiliuda,Kilu-3,216,11,0,0
1116,2020,Ugak,Ugak-2,220,0,0,0
1117,2020,Ugak,Ugak-3,220,0,0,0
1118,2020,Ugak,Ugak-4,220,2,0,0
1119,2020,Ugak,Ugak-8,220,0,0,0
1120,2020,Ugak,Ugak-5,220,0,0,0
1121,2020,Ugak,Ugak-6,220,7,0,0
1122,2020,Ugak,Ugak-7,220,0,0,0
838,2020,Anton Larsen,Eelgrass point,233,5,0,0
839,2020,Anton Larsen,Laminaria Point,233,0,2,0
840,2020,Anton Larsen,Laminaria #2,233,2,1,0
841,2020,Anton Larsen,Wooden boat,233,0,0,0
842,2020,Anton Larsen,Back Bay eelgrass,233,0,1,0
843,2020,Anton Larsen,Eelgrass patches,233,4,2,0
844,2020,Anton Larsen,Cobble point,233,2,0,0
845,2020,Anton Larsen,White rock,233,0,0,0
850,2020,Cook,Laminaria North,234,484,0,0
851,2020,Cook,Eelgrass North,234,830,0,0
852,2020,Cook,Eelgrass West,234,673,2,0
853,2020,Cook,Laminaria East,234,211,0,0
854,2020,Cook,Eelgrass South,234,950,0,0
855,2020,Cook,Laminaria South,234,95,0,0
856,2020,Cook,Middle Cove,234,67,0,0
857,2020,Cook,Bare North,234,1350,1,0
1123,2021,Agripina,AG-1,186,136,3,0
1124,2021,Agripina,AG-2,186,8,0,0
1125,2021,Agripina,AG-3,186,69,2,0
1126,2021,Agripina,AG-4,186,5,0,0
1127,2021,Agripina,AG-5,186,0,0,0
1128,2021,Agripina,AG-6,186,6,0,0
1129,2021,Port Wrangell,PW-1,187,4,0,0
1130,2021,Port Wrangell,PW-3,187,1,0,2
1131,2021,Port Wrangell,PW-2,187,0,0,8
1132,2021,Port Wrangell,PW-4,187,16,0,0
1133,2021,Mitrofania,Mit-4,190,1,0,0
1134,2021,Mitrofania,Mit-5,190,0,0,0
1135,2021,Mitrofania,Mit-6,190,28,1,0
1136,2021,Mitrofania,Mit-3,190,14,0,1
1137,2021,Mitrofania,Mit-2,190,8,0,0
1138,2021,Mitrofania,Mit-1,190,2,0,0
1202,2021,Anton Larsen,Back Bay eelgrass,190,0,0,0
1204,2021,Anton Larsen,Cobble point,190,3,15,0
1206,2021,Anton Larsen,Eelgrass patches,190,13,14,0
1208,2021,Anton Larsen,Eelgrass point,190,20,357,1
1212,2021,Anton Larsen,Laminaria Point,190,13,5,0
1214,2021,Anton Larsen,White rock,190,2,1,0
1203,2021,Anton Larsen,Back Bay eelgrass,191,1,0,0
1205,2021,Anton Larsen,Cobble point,191,5,1,0
1207,2021,Anton Larsen,Eelgrass patches,191,5,0,0
1209,2021,Anton Larsen,Eelgrass point,191,11,127,0
1210,2021,Anton Larsen,Laminaria #2,191,0,0,0
1213,2021,Anton Larsen,Laminaria Point,191,10,9,0
1215,2021,Anton Larsen,White rock,191,2,1,0
1216,2021,Anton Larsen,Wooden boat,191,62,2,0
1139,2021,Fox,Fox-4,192,0,0,0
1140,2021,Fox,Fox-5,192,1,0,0
1141,2021,Fox,Fox-3,192,27,0,0
1142,2021,Fox,Fox-2,192,168,46,0
1143,2021,Fox,Fox-1,192,30,0,0
1211,2021,Anton Larsen,Laminaria #2,192,1,0,0
1217,2021,Anton Larsen,Wooden boat,192,76,0,0
1144,2021,Balboa,BB-2,194,36,0,0
1145,2021,Balboa,BB-3,194,11,0,0
1146,2021,Balboa,BB-4,194,28,0,0
1147,2021,Balboa,BB-6,194,0,0,0
1148,2021,Balboa,BB-7,194,3,0,0
1187,2021,Cook,Bare North,195,0,0,3
1189,2021,Cook,Eelgrass North,195,12,24,1
1191,2021,Cook,Eelgrass South,195,36,258,0
1193,2021,Cook,Eelgrass West,195,443,1194,27
1196,2021,Cook,Laminaria North,195,1,0,0
1198,2021,Cook,Laminaria South,195,0,0,0
1200,2021,Cook,Middle Cove,195,3,0,7
1149,2021,Baralof,Bar-1,196,0,0,0
1150,2021,Baralof,Bar-2,196,6,0,0
1151,2021,Baralof,Bar-3,196,0,0,0
1152,2021,Baralof,Bar-4,196,14,0,0
1153,2021,Baralof,Bar-5,196,79,2,0
1154,2021,Baralof,Bar-6,196,0,0,0
1188,2021,Cook,Bare North,196,0,0,3
1190,2021,Cook,Eelgrass North,196,9,109,1
1192,2021,Cook,Eelgrass South,196,0,0,0
1194,2021,Cook,Eelgrass West,196,87,202,1
1195,2021,Cook,Laminaria East,196,8,0,1
1197,2021,Cook,Laminaria North,196,1,0,1
1199,2021,Cook,Laminaria South,196,1,209,0
1201,2021,Cook,Middle Cove,196,0,0,3
1155,2021,Falmouth,Fal-2,198,1,0,0
1156,2021,Falmouth,Fal-3,198,0,0,0
1157,2021,Falmouth,Fal-4,198,0,0,0
1158,2021,Falmouth,Fal-5,198,5,0,0
1159,2021,Falmouth,Fal-1,198,2,0,0
1160,2021,Sand Point,Sand-2,202,0,0,0
1161,2021,Sand Point,Sand-3,202,12,0,0
1162,2021,Rodman Reach,RR-1,209,33,0,0
1163,2021,Rodman Reach,RR-5,209,0,0,0
1164,2021,Rodman Reach,RR-6,209,1,0,0
1165,2021,Rodman Reach,RR-4,209,35,1,0
1166,2021,Rodman Reach,RR-2,209,107,0,0
1167,2021,Japanese,Jap-1,212,2,0,0
1168,2021,Japanese,Jap-6,212,0,0,0
1169,2021,Japanese,Jap-2,212,2,0,0
1170,2021,Japanese,Jap-7,212,5,0,0
1171,2021,Japanese,Jap-3,212,0,0,0
1172,2021,Japanese,Jap-5,212,11,0,0
1173,2021,Japanese,Jap-4,212,0,0,0
1174,2021,Kaiugnak,Kai-1,216,64,1,4
1175,2021,Kaiugnak,Kai-2,216,0,0,0
1176,2021,Kaiugnak,Kai-3,216,268,1,0
1177,2021,Kaiugnak,Kai-6,216,1,0,0
1178,2021,Kaiugnak,Kai-7,216,3,0,0
1179,2021,Kaiugnak,Kai-4,216,0,0,0
1180,2021,Ugak,Ugak-7,218,15,0,0
1181,2021,Ugak,Ugak-2,218,0,0,0
1182,2021,Ugak,Ugak-3,218,237,45,0
1183,2021,Ugak,Ugak-4,218,46,5,0
1184,2021,Ugak,Ugak-8,218,10,0,0
1185,2021,Ugak,Ugak-6,218,15,2,0
1186,2021,Ugak,Ugak-5,218,2,0,0
1218,2021,Cook,Bare North,232,1,0,0
1220,2021,Cook,Eelgrass North,232,16,0,0
1222,2021,Cook,Eelgrass South,232,254,194,9
1224,2021,Cook,Eelgrass West,232,110,195,0
1226,2021,Cook,Laminaria East,232,30,1,1
1228,2021,Cook,Laminaria North,232,84,4,2
1230,2021,Cook,Laminaria South,232,7,49,0
1232,2021,Cook,Middle Cove,232,5,0,31
1219,2021,Cook,Bare North,233,0,0,0
1221,2021,Cook,Eelgrass North,233,2,0,0
1223,2021,Cook,Eelgrass South,233,320,75,16
1225,2021,Cook,Eelgrass West,233,5,1,5
1227,2021,Cook,Laminaria East,233,15,0,0
1229,2021,Cook,Laminaria North,233,10,0,0
1231,2021,Cook,Laminaria South,233,2,1,1
1233,2021,Cook,Middle Cove,233,0,0,0
1238,2021,Anton Larsen,Eelgrass patches,234,5,0,0
1240,2021,Anton Larsen,Eelgrass point,234,8,3,0
1242,2021,Anton Larsen,Laminaria #2,234,0,0,0
1244,2021,Anton Larsen,Laminaria Point,234,0,0,0
1248,2021,Anton Larsen,Wooden boat,234,0,0,0
1234,2021,Anton Larsen,Back Bay eelgrass,235,0,0,0
1236,2021,Anton Larsen,Cobble point,235,1,0,0
1239,2021,Anton Larsen,Eelgrass patches,235,2,1,0
1241,2021,Anton Larsen,Eelgrass point,235,4,4,0
1243,2021,Anton Larsen,Laminaria #2,235,0,0,0
1245,2021,Anton Larsen,Laminaria Point,235,0,0,0
1246,2021,Anton Larsen,White rock,235,0,0,0
1249,2021,Anton Larsen,Wooden boat,235,0,0,0
1235,2021,Anton Larsen,Back Bay eelgrass,236,0,0,0
1237,2021,Anton Larsen,Cobble point,236,0,86,0
1247,2021,Anton Larsen,White rock,236,0,0,0
1250,2022,Cook,Eelgrass West,163,20,1140,0
1251,2022,Cook,Laminaria North,163,4,1,0
1252,2022,Cook,Laminaria East,163,6,1,0
1253,2022,Cook,Eelgrass South,163,115,116,0
1254,2022,Cook,Laminaria South,163,5,4,0
1255,2022,Agripina,AG-1,185,57,1,0
1256,2022,Agripina,AG-2,185,215,1060,0
1257,2022,Agripina,AG-4,185,56,0,0
1258,2022,Agripina,AG-3,185,0,1,0
1259,2022,Agripina,AG-5,185,144,0,0
1260,2022,Agripina,AG-6,185,5,0,0
1261,2022,Port Wrangell,PW-1,187,333,1962,0
1262,2022,Port Wrangell,PW-2,187,25,2,0
1263,2022,Port Wrangell,PW-3,187,176,93,0
1264,2022,Port Wrangell,PW-4,187,25,299,0
1265,2022,Mitrofania,Mit-1,189,1,0,0
1266,2022,Mitrofania,Mit-2,189,2,1,0
1267,2022,Mitrofania,Mit-3,189,263,11,0
1268,2022,Mitrofania,Mit-4,189,1,0,0
1269,2022,Mitrofania,Mit-5,189,0,0,0
1270,2022,Mitrofania,Mit-6,189,64,14,0
1271,2022,Fox,Fox-1,191,207,0,0
1272,2022,Fox,Fox-2,191,12,0,0
1273,2022,Fox,Fox-3,191,383,0,0
1274,2022,Fox,Fox-4,191,4,0,0
1275,2022,Fox,Fox-5,191,4,0,0
1276,2022,Balboa,BB-2,193,63,17,0
1277,2022,Balboa,BB-3,193,179,27,0
1278,2022,Balboa,BB-4,193,55,45,0
1279,2022,Balboa,BB-7,193,15,8,0
1322,2022,Anton Larsen,Cobble point,193,5,0,0
1323,2022,Anton Larsen,White rock,193,0,0,0
1324,2022,Anton Larsen,Eelgrass patches,194,10,0,0
1325,2022,Anton Larsen,Laminaria Point,194,0,0,0
1326,2022,Anton Larsen,Eelgrass point,194,104,30,0
1327,2022,Anton Larsen,Laminaria #2,194,0,0,0
1328,2022,Anton Larsen,Wooden boat,194,23,0,0
1329,2022,Anton Larsen,Back Bay eelgrass,194,0,0,0
1330,2022,Anton Larsen,Cobble point,194,157,7,0
1331,2022,Anton Larsen,White rock,194,0,0,0
1280,2022,Falmouth,Fal-5,195,7,0,0
1281,2022,Falmouth,Fal-1,195,6,0,0
1282,2022,Falmouth,Fal-2,195,0,0,0
1283,2022,Falmouth,Fal-3,195,262,0,0
1284,2022,Falmouth,Fal-4,195,220,0,0
1332,2022,Anton Larsen,Eelgrass patches,195,2,0,0
1333,2022,Anton Larsen,Laminaria Point,195,6,0,0
1334,2022,Anton Larsen,Eelgrass point,195,63,14,0
1335,2022,Anton Larsen,Laminaria #2,195,0,0,0
1336,2022,Anton Larsen,Wooden boat,195,2,1,0
1337,2022,Anton Larsen,Back Bay eelgrass,195,2,0,0
1285,2022,Baralof,Bar-5,196,119,1,0
1286,2022,Baralof,Bar-4,196,150,0,0
1287,2022,Baralof,Bar-3,196,168,12,0
1288,2022,Baralof,Bar-2,196,14,0,0
1289,2022,Baralof,Bar-1,196,100,0,0
1315,2022,Cook,Eelgrass West,196,623,1157,13
1317,2022,Cook,Eelgrass South,196,321,10,0
1318,2022,Cook,Middle Cove,196,6,0,2
1338,2022,Cook,Laminaria South,196,0,0,0
1339,2022,Cook,Laminaria East,196,9,0,0
1340,2022,Cook,Bare North,196,1,0,0
1316,2022,Cook,Eelgrass South,197,1353,2116,3
1319,2022,Cook,Middle Cove,197,105,103,2
1341,2022,Cook,Eelgrass North,197,12,0,0
1342,2022,Cook,Eelgrass West,197,364,396,0
1343,2022,Cook,Laminaria North,197,0,0,0
1344,2022,Cook,Laminaria East,197,450,93,0
1345,2022,Cook,Bare North,197,0,0,0
1346,2022,Cook,Eelgrass North,198,51,0,0
1347,2022,Cook,Laminaria North,198,0,0,0
1348,2022,Cook,Laminaria South,198,281,50,0
1290,2022,Sand Point,Sand-2,200,5,0,0
1291,2022,Sand Point,Sand-3,200,13,0,0
1292,2022,Rodman Reach,RR-4,206,44,1,0
1293,2022,Rodman Reach,RR-1,206,69,5,0
1294,2022,Rodman Reach,RR-3,206,190,1,0
1295,2022,Rodman Reach,RR-2,206,47,0,0
1296,2022,Japanese,Jap-6,209,130,0,0
1297,2022,Japanese,Jap-2,209,12,0,0
1298,2022,Japanese,Jap-7,209,13,0,0
1299,2022,Japanese,Jap-3,209,9,0,0
1300,2022,Japanese,Jap-5,209,44,0,0
1301,2022,Japanese,Jap-4,209,0,0,0
1302,2022,Japanese,Jap-1,209,220,0,0
1303,2022,Kaiugnak,Kai-3,210,136,0,0
1304,2022,Kaiugnak,Kai-6,210,261,0,0
1305,2022,Kaiugnak,Kai-7,210,6,0,0
1306,2022,Kaiugnak,Kai-4,210,47,0,0
1307,2022,Kaiugnak,Kai-1,210,147,0,0
1308,2022,Kaiugnak,Kai-2,210,110,0,0
1309,2022,Kiliuda,Kilu-1,216,467,0,0
1310,2022,Kiliuda,Kilu-2,216,257,0,0
1311,2022,Kiliuda,Kilu-3,216,638,0,0
1312,2022,Kiliuda,Kilu-4,216,1,0,0
1313,2022,Kiliuda,Kilu-5,216,50,0,0
1314,2022,Kiliuda,Kilu-6,216,87,0,0
1349,2022,Anton Larsen,Eelgrass patches,238,28,0,0
1350,2022,Anton Larsen,Laminaria Point,238,8,0,0
1351,2022,Anton Larsen,Eelgrass point,238,136,6,0
1352,2022,Anton Larsen,Laminaria #2,238,43,0,0
1353,2022,Anton Larsen,Wooden boat,238,0,0,0
1354,2022,Anton Larsen,Back Bay eelgrass,238,0,0,0
1355,2022,Anton Larsen,Cobble point,238,0,0,0
1356,2022,Anton Larsen,White rock,238,6,0,0
1320,2022,Cook,Laminaria East,239,308,35,1
1321,2022,Cook,Eelgrass West,239,724,66,1
1357,2022,Cook,Eelgrass North,239,109,0,0
1358,2022,Cook,Laminaria South,239,1058,0,0
1359,2022,Cook,Eelgrass South,239,1017,37,0
1360,2022,Cook,Laminaria North,239,59,0,0
1361,2022,Cook,Bare North,239,144,0,0
1362,2022,Cook,Middle Cove,239,193,0,0
1363,2022,Cook,Eelgrass North,240,191,0,0
1364,2022,Cook,Laminaria North,240,38,0,0
1365,2022,Cook,Eelgrass West,240,345,20,0
1366,2022,Cook,Laminaria East,240,527,93,0
1367,2022,Cook,Eelgrass South,240,193,77,0
1368,2022,Cook,Laminaria South,240,1014,35,0
1369,2022,Cook,Bare North,240,122,0,0
1370,2022,Cook,Middle Cove,240,173,0,0
1371,2022,Anton Larsen,Eelgrass patches,241,5,0,0
1372,2022,Anton Larsen,Laminaria Point,241,50,0,0
1373,2022,Anton Larsen,Eelgrass point,241,18,0,0
1374,2022,Anton Larsen,Laminaria #2,241,8,0,0
1375,2022,Anton Larsen,Wooden boat,241,0,0,0
1376,2022,Anton Larsen,Back Bay eelgrass,241,0,0,0
1377,2022,Anton Larsen,Cobble point,241,0,0,0
1378,2022,Anton Larsen,White rock,241,2,0,0
1379,2023,Cook,Eelgrass South,180,37,12,7
1380,2023,Cook,Laminaria South,180,0,0,0
1381,2023,Cook,Eelgrass West,180,195,54,3
1382,2023,Kiliuda,Kilu-2,182,1,0,1
1383,2023,Kiliuda,Kilu-3,182,18,0,0
1384,2023,Kiliuda,Kilu-4,182,2,0,0
1385,2023,Kiliuda,Kilu-6,182,13,0,0
1386,2023,Kiliuda,Kilu-5,182,77,0,0
1387,2023,Kaiugnak,Kai-3,184,2,0,2
1388,2023,Kaiugnak,Kai-6,184,7,0,3
1389,2023,Kaiugnak,Kai-7,184,7,0,0
1390,2023,Kaiugnak,Kai-4,184,6,0,4
1391,2023,Kaiugnak,Kai-1,184,9,0,2
1392,2023,Kaiugnak,Kai-2,184,0,0,0
1393,2023,Rodman Reach,RR-3,186,12,0,0
1394,2023,Rodman Reach,RR-4,186,117,0,2
1395,2023,Rodman Reach,RR-1,186,19,0,0
1396,2023,Agripina,AG-1,188,0,0,0
1397,2023,Agripina,AG-2,188,51,0,0
1398,2023,Agripina,AG-5,188,28,0,3
1399,2023,Agripina,AG-3,188,0,0,0
1400,2023,Agripina,AG-4,188,2,0,0
1401,2023,Agripina,AG-6,188,0,0,0
1402,2023,Port Wrangell,PW-1,190,2,0,2
1403,2023,Port Wrangell,PW-3,190,7,0,0
1404,2023,Port Wrangell,PW-4,190,23,0,0
1405,2023,Port Wrangell,PW-2,190,0,1,0
1406,2023,Mitrofania,Mit-1,194,27,4,1
1407,2023,Mitrofania,Mit-2,194,2,0,0
1408,2023,Mitrofania,Mit-3,194,26,0,7
1409,2023,Mitrofania,Mit-4,194,0,0,0
1410,2023,Mitrofania,Mit-6,194,38,13,0
1411,2023,Mitrofania,Mit-5,194,0,0,0
1473,2023,Cook,Bare North,195,0,0,0
1477,2023,Cook,Eelgrass North,195,2,0,0
1481,2023,Cook,Eelgrass South,195,3,1,0
1485,2023,Cook,Eelgrass West,195,342,15,17
1489,2023,Cook,Laminaria East,195,145,7,1
1493,2023,Cook,Laminaria North,195,5,0,0
1497,2023,Cook,Laminaria South,195,88,7,0
1501,2023,Cook,Middle Cove,195,0,0,10
1412,2023,Fox,Fox-3,196,115,7,0
1413,2023,Fox,Fox-2,196,21,1,0
1414,2023,Fox,Fox-1,196,266,0,1
1415,2023,Fox,Fox-5,196,1,0,0
1416,2023,Fox,Fox-4,196,3,1,0
1441,2023,Anton Larsen,Back Bay eelgrass,196,3,0,0
1445,2023,Anton Larsen,Cobble point,196,2,0,2
1449,2023,Anton Larsen,Eelgrass patches,196,3,0,8
1454,2023,Anton Larsen,Eelgrass point,196,11,0,4
1457,2023,Anton Larsen,Laminaria #2,196,0,0,3
1461,2023,Anton Larsen,Laminaria Point,196,6,0,4
1465,2023,Anton Larsen,White rock,196,2,0,2
1469,2023,Anton Larsen,Wooden boat,196,0,0,10
1474,2023,Cook,Bare North,197,0,0,0
1478,2023,Cook,Eelgrass North,197,0,0,0
1482,2023,Cook,Eelgrass South,197,5,0,2
1486,2023,Cook,Eelgrass West,197,95,3,6
1490,2023,Cook,Laminaria East,197,16,1,0
1494,2023,Cook,Laminaria North,197,0,0,0
1498,2023,Cook,Laminaria South,197,30,8,0
1502,2023,Cook,Middle Cove,197,0,0,6
1417,2023,Baralof,Bar-5,198,145,66,0
1418,2023,Baralof,Bar-4,198,34,7,0
1419,2023,Baralof,Bar-3,198,41,0,0
1420,2023,Baralof,Bar-2,198,3,0,0
1421,2023,Baralof,Bar-1,198,6,0,0
1422,2023,Baralof,Bar-6,198,0,0,0
1442,2023,Anton Larsen,Back Bay eelgrass,198,7,0,1
1446,2023,Anton Larsen,Cobble point,198,1,0,2
1450,2023,Anton Larsen,Eelgrass patches,198,3,0,5
1451,2023,Anton Larsen,Eelgrass patches,198,14,0,0
1458,2023,Anton Larsen,Laminaria #2,198,0,0,8
1462,2023,Anton Larsen,Laminaria Point,198,6,0,8
1466,2023,Anton Larsen,White rock,198,0,0,5
1470,2023,Anton Larsen,Wooden boat,198,0,0,8
1423,2023,Falmouth,Fal-1,200,10,0,0
1424,2023,Falmouth,Fal-5,200,76,0,1
1425,2023,Falmouth,Fal-3,200,4,0,3
1426,2023,Falmouth,Fal-4,200,926,15,0
1427,2023,Falmouth,Fal-2,200,0,0,0
1428,2023,Balboa,BB-2,202,417,1,0
1429,2023,Balboa,BB-3,202,9,0,0
1430,2023,Balboa,BB-4,202,75,5,0
1431,2023,Balboa,BB-7,202,71,11,0
1432,2023,Sand Point,Sand-2,205,0,0,0
1433,2023,Sand Point,Sand-3,205,8,0,0
1434,2023,Japanese,Jap-6,211,235,45,0
1435,2023,Japanese,Jap-2,211,0,0,0
1436,2023,Japanese,Jap-3,211,0,0,0
1437,2023,Japanese,Jap-5,211,137,0,0
1438,2023,Japanese,Jap-4,211,0,0,0
1439,2023,Japanese,Jap-1,211,121,0,0
1440,2023,Japanese,Jap-7,211,9,0,0
1443,2023,Anton Larsen,Back Bay eelgrass,229,0,0,1
1447,2023,Anton Larsen,Cobble point,229,2,1,8
1452,2023,Anton Larsen,Eelgrass patches,229,7,1,1
1455,2023,Anton Larsen,Eelgrass point,229,91,22,1
1459,2023,Anton Larsen,Laminaria #2,229,1,0,1
1463,2023,Anton Larsen,Laminaria Point,229,20,0,0
1467,2023,Anton Larsen,White rock,229,4,0,0
1471,2023,Anton Larsen,Wooden boat,229,0,0,0
1444,2023,Anton Larsen,Back Bay eelgrass,230,0,0,0
1448,2023,Anton Larsen,Cobble point,230,4,0,2
1453,2023,Anton Larsen,Eelgrass patches,230,2,0,0
1456,2023,Anton Larsen,Eelgrass point,230,41,10,2
1460,2023,Anton Larsen,Laminaria #2,230,0,0,0
1464,2023,Anton Larsen,Laminaria Point,230,2,0,2
1468,2023,Anton Larsen,White rock,230,1,0,0
1472,2023,Anton Larsen,Wooden boat,230,1,0,0
1475,2023,Cook,Bare North,231,0,0,0
1479,2023,Cook,Eelgrass North,231,13,0,0
1483,2023,Cook,Eelgrass South,231,53,0,0
1487,2023,Cook,Eelgrass West,231,470,45,1
1491,2023,Cook,Laminaria East,231,74,0,0
1495,2023,Cook,Laminaria North,231,0,0,0
1499,2023,Cook,Laminaria South,231,9,0,0
1503,2023,Cook,Middle Cove,231,39,1,2
1476,2023,Cook,Bare North,232,0,0,0
1480,2023,Cook,Eelgrass North,232,16,0,0
1484,2023,Cook,Eelgrass South,232,48,0,0
1488,2023,Cook,Eelgrass West,232,379,60,12
1492,2023,Cook,Laminaria East,232,71,0,0
1496,2023,Cook,Laminaria North,232,2,0,0
1500,2023,Cook,Laminaria South,232,25,0,0
1504,2023,Cook,Middle Cove,232,23,0,0
