Year,Sampling trip,Date,Region code,Region,Site Name,Time,Temperature,Salinity,Oxygen,Habitat,Total.Gadid,Saffron.cod,Pacific.cod,Pollock,Pacific.cod.1+,Pacific.cod.2+,Saffron.1+,Saffron.2+,Pollock.1+,Day or Night
2006,1,7/13/2006,1,Cook Bay,Bare North,1310,,,,Cobble- Laminaria,1,1,0,0,0,0,0,0,0,DAY
2006,1,7/18/2006,1,Cook Bay,Bare North,1425,,,,Cobble- Laminaria,0,0,0,0,0,0,0,0,0,DAY
2006,1,7/13/2006,1,Cook Bay,Eelgrass North,1445,,,,Eelgrass,14,6,8,0,0,0,17,0,0,DAY
2006,1,7/18/2006,1,Cook Bay,Eelgrass North,1045,,,,Eelgrass,211,147,64,0,0,0,0,0,0,DAY
2006,1,7/13/2006,1,Cook Bay,Eelgrass South,1345,,,,Eelgrass,196,0,194,2,0,0,0,0,0,DAY
2006,1,7/18/2006,1,Cook Bay,Eelgrass South,1130,,,,Eelgrass,300,10,280,10,0,0,0,0,0,DAY
2006,1,7/18/2006,1,Cook Bay,Eelgrass West,1210,,,,Eelgrass,220,30,180,10,0,0,0,0,0,DAY
2006,1,7/13/2006,1,Cook Bay,Laminaria East,1130,,,,Laminaria,132,1,132,0,0,0,0,0,0,DAY
2006,1,7/18/2006,1,Cook Bay,Laminaria East,1355,,,,Laminaria,250,10,230,10,0,0,0,0,0,DAY
2006,1,7/13/2006,1,Cook Bay,Laminaria South,1030,,,,Laminaria,44,0,40,4,0,0,0,0,0,DAY
2006,1,7/18/2006,1,Cook Bay,Laminaria South,1320,,,,Laminaria,120,0,120,0,0,0,0,0,0,DAY
2006,1,7/13/2006,1,Cook Bay,Middle cove,1520,,,,Cobble,2,0,0,2,0,0,0,0,0,DAY
2006,1,7/18/2006,1,Cook Bay,Middle cove,945,,,,Cobble,16,0,16,0,0,0,0,0,0,DAY
2006,1,7/15/2006,2,Anton Larson Bay,Back Bay eelgrass,822,12.3,,,Eelgrass,85,67,18,0,0,0,0,0,0,DAY
2006,1,7/16/2006,2,Anton Larson Bay,Back Bay eelgrass,825,11.4,,,Eelgrass,41,20,21,0,0,0,3,0,0,DAY
2006,1,7/17/2006,2,Anton Larson Bay,Back Bay eelgrass,840,,,,Eelgrass,90,52,38,0,0,0,1,0,0,DAY
2006,1,7/15/2006,2,Anton Larson Bay,Cobble point,1448,,,,Cobble/Sand,2,0,2,0,0,0,2,0,0,DAY
2006,1,7/16/2006,2,Anton Larson Bay,Cobble point,903,11.7,,,Cobble,2,0,2,0,0,0,0,0,0,DAY
2006,1,7/17/2006,2,Anton Larson Bay,Cobble point,1000,,,,Cobble,2,0,2,0,0,0,0,0,0,DAY
2006,1,7/15/2006,2,Anton Larson Bay,Eelgrass patches,1515,14.8,,,Eelgrass,70,35,30,5,0,0,0,0,0,DAY
2006,1,7/17/2006,2,Anton Larson Bay,Eelgrass patches,1345,,,,Eelgrass,105,15,90,0,0,0,4,0,0,DAY
2006,1,7/14/2006,2,Anton Larson Bay,Eelgrass point,840,,,,Eelgrass,102,21,76,5,0,0,18,0,0,DAY
2006,1,7/15/2006,2,Anton Larson Bay,Eelgrass point,900,,,,Eelgrass,26,19,6,0,0,0,5,0,0,DAY
2006,1,7/16/2006,2,Anton Larson Bay,Eelgrass point,945,11.9,,,Eelgrass,125,43,82,0,0,0,4,0,0,DAY
2006,1,7/17/2006,2,Anton Larson Bay,Eelgrass point,936,10.7,,,Eelgrass,0,0,0,0,0,0,2,0,0,DAY
2006,1,7/15/2006,2,Anton Larson Bay,Laminaria #2,1038,10.9,,,Laminaria,191,2,189,0,0,0,1,0,0,DAY
2006,1,7/16/2006,2,Anton Larson Bay,Laminaria #2,1130,11.7,,,Laminaria,590,0,534,56,0,0,7,0,0,DAY
2006,1,7/17/2006,2,Anton Larson Bay,Laminaria #2,1230,10.4,,,Laminaria,0,1,0,0,0,0,3,0,0,DAY
2006,1,7/15/2006,2,Anton Larson Bay,Laminaria Point,1115,,,,Laminaria,346,54,254,38,0,0,0,0,0,DAY
2006,1,7/16/2006,2,Anton Larson Bay,Laminaria Point,1229,11.8,,,Laminaria,160,22,134,4,0,0,0,0,0,DAY
2006,1,7/17/2006,2,Anton Larson Bay,Laminaria Point,1321,11.2,,,Laminaria,57,0,57,0,0,0,0,0,0,DAY
2006,1,7/14/2006,2,Anton Larson Bay,White rock,1002,,,,Mud/shell,0,0,0,0,0,0,2,0,0,DAY
2006,1,7/15/2006,2,Anton Larson Bay,White rock,1542,14.1,,,Mud/shell,0,0,0,0,0,0,0,0,0,DAY
2006,1,7/16/2006,2,Anton Larson Bay,White rock,930,14.1,,,Mud/shell,0,0,0,0,0,0,0,0,0,DAY
2006,1,7/17/2006,2,Anton Larson Bay,White rock,920,10.9,,,Mud/shell,0,0,0,0,0,0,0,0,0,DAY
2006,1,7/14/2006,2,Anton Larson Bay,Wooden boat,1225,,,,Laminaria,738,31,662,45,0,0,0,0,0,DAY
2006,1,7/15/2006,2,Anton Larson Bay,Wooden boat,1007,13,,,Laminaria,82,7,68,7,0,0,4,0,0,DAY
2006,1,7/16/2006,2,Anton Larson Bay,Wooden boat,1100,11,,,Laminaria,1288,20,1128,140,0,0,1,0,0,DAY
2006,2,8/25/2006,1,Cook Bay,Bare North,1430,11.1,,,Bare,40,0,40,0,0,0,0,0,0,DAY
2006,2,8/27/2006,1,Cook Bay,Bare North,1500,,,,Bare,25,0,25,0,0,0,0,0,0,DAY
2006,2,8/28/2006,1,Cook Bay,Bare North,1430,,,,Bare,12,0,12,0,0,0,0,0,0,DAY
2006,2,8/25/2006,1,Cook Bay,Eelgrass North,1300,10.7,,,Eelgrass,187,75,112,0,0,0,6,0,0,DAY
2006,2,8/27/2006,1,Cook Bay,Eelgrass North,1330,,,,Eelgrass,147,66,81,0,0,0,0,0,0,DAY
2006,2,8/28/2006,1,Cook Bay,Eelgrass North,1300,,,,Eelgrass,519,354,165,0,0,0,2,0,0,DAY
2006,2,8/25/2006,1,Cook Bay,Eelgrass South,1130,10.4,,,Eelgrass,573,75,495,3,0,0,6,0,0,DAY
2006,2,8/27/2006,1,Cook Bay,Eelgrass South,1145,,,,Eelgrass,276,66,210,0,0,0,10,0,0,DAY
2006,2,8/28/2006,1,Cook Bay,Eelgrass South,1135,,,,Eelgrass,184,34,150,0,0,0,2,0,0,DAY
2006,2,8/25/2006,1,Cook Bay,Eelgrass West,1215,10.6,,,Eelgrass,121,22,97,2,0,0,0,0,0,DAY
2006,2,8/27/2006,1,Cook Bay,Eelgrass West,1245,,,,Eelgrass,108,24,84,0,0,0,0,0,0,DAY
2006,2,8/28/2006,1,Cook Bay,Eelgrass West,1205,,,,Eelgrass,141,19,122,0,0,0,1,0,0,DAY
2006,2,8/25/2006,1,Cook Bay,Laminaria East,950,,,,Laminaria,308,6,302,0,0,0,0,0,0,DAY
2006,2,8/27/2006,1,Cook Bay,Laminaria East,1010,,,,Laminaria,160,0,160,0,0,0,0,0,0,DAY
2006,2,8/28/2006,1,Cook Bay,Laminaria East,1020,10.8,,,Laminaria,112,4,108,0,0,0,0,0,0,DAY
2006,2,8/25/2006,1,Cook Bay,Laminaria North,1020,10.7,,,Laminaria,74,0,74,0,0,0,0,0,0,DAY
2006,2,8/27/2006,1,Cook Bay,Laminaria North,1030,,,,Laminaria,123,1,122,0,0,0,0,0,0,DAY
2006,2,8/28/2006,1,Cook Bay,Laminaria North,1040,,,,Laminaria,121,1,120,0,0,0,0,0,0,DAY
2006,2,8/25/2006,1,Cook Bay,Laminaria South,1050,10.4,,,Laminaria,163,12,149,2,0,0,0,0,0,DAY
2006,2,8/27/2006,1,Cook Bay,Laminaria South,1125,,,,Laminaria,57,3,54,0,0,0,0,0,0,DAY
2006,2,8/28/2006,1,Cook Bay,Laminaria South,1115,11.7,,,Laminaria,116,4,112,0,0,0,0,0,0,DAY
2006,2,8/25/2006,1,Cook Bay,Middle cove,1503,10.5,,,Bare,57,2,55,0,0,0,0,0,0,DAY
2006,2,8/27/2006,1,Cook Bay,Middle cove,1530,,,,Bare,49,1,48,0,0,0,0,0,0,DAY
2006,2,8/28/2006,1,Cook Bay,Middle cove,1445,,,,Bare,81,1,80,0,0,0,0,0,0,DAY
2006,2,8/19/2006,2,Anton Larson Bay,Back Bay eelgrass,1215,11.8,,,Eelgrass,117,72,45,0,0,0,0,0,0,DAY
2006,2,8/20/2006,2,Anton Larson Bay,Back Bay eelgrass,1328,12.1,,,Eelgrass,63,47,16,0,0,0,1,0,0,DAY
2006,2,8/21/2006,2,Anton Larson Bay,Back Bay eelgrass,1355,12.4,,,Eelgrass,57,27,30,0,0,0,2,0,0,DAY
2006,2,8/22/2006,2,Anton Larson Bay,Bare site #3,1350,10.9,,,Bare,2,1,1,0,0,0,0,0,0,DAY
2006,2,8/19/2006,2,Anton Larson Bay,Cobble point,1145,11.4,,,Bare,27,17,10,0,0,0,0,0,0,DAY
2006,2,8/20/2006,2,Anton Larson Bay,Cobble point,1420,11.1,,,Bare,13,6,7,0,0,0,0,0,0,DAY
2006,2,8/21/2006,2,Anton Larson Bay,Cobble point,1445,11.2,,,Bare,1,0,1,0,0,0,0,0,0,DAY
2006,2,8/19/2006,2,Anton Larson Bay,Eelgrass patches,1110,,,,Eelgrass,74,45,29,0,0,0,1,0,0,DAY
2006,2,8/20/2006,2,Anton Larson Bay,Eelgrass patches,1200,10.5,,,Eelgrass,44,19,25,0,0,0,0,0,0,DAY
2006,2,8/21/2006,2,Anton Larson Bay,Eelgrass patches,1230,10.7,,,Eelgrass,10,8,2,0,0,0,1,0,0,DAY
2006,2,8/19/2006,2,Anton Larson Bay,Eelgrass point,1005,10.6,,,Eelgrass,129,57,62,10,0,0,2,0,0,DAY
2006,2,8/20/2006,2,Anton Larson Bay,Eelgrass point,1240,10.4,,,Eelgrass,18,6,9,3,0,0,3,0,0,DAY
2006,2,8/21/2006,2,Anton Larson Bay,Eelgrass point,1310,11.1,,,Eelgrass,56,40,10,6,0,0,1,0,0,DAY
2006,2,8/19/2006,2,Anton Larson Bay,Laminaria #2,912,10.4,,,Laminaria,55,1,55,0,0,0,2,0,0,DAY
2006,2,8/20/2006,2,Anton Larson Bay,Laminaria #2,943,12,,,Laminaria,43,0,43,0,0,0,0,0,0,DAY
2006,2,8/21/2006,2,Anton Larson Bay,Laminaria #2,1040,11.6,,,Laminaria,74,2,72,0,0,0,1,0,0,DAY
2006,2,8/19/2006,2,Anton Larson Bay,Laminaria Point,945,10.8,,,Laminaria,112,15,94,3,0,0,0,0,0,DAY
2006,2,8/20/2006,2,Anton Larson Bay,Laminaria Point,1026,10.8,,,Laminaria,42,8,34,0,0,0,1,0,0,DAY
2006,2,8/21/2006,2,Anton Larson Bay,Laminaria Point,1145,11.1,,,Laminaria,39,11,28,0,0,0,3,0,0,DAY
2006,2,8/19/2006,2,Anton Larson Bay,White rock,1310,11.2,,,Bare,0,0,0,0,0,0,0,0,0,DAY
2006,2,8/20/2006,2,Anton Larson Bay,White rock,1500,11.6,,,Bare,0,0,0,0,0,0,0,0,0,DAY
2006,2,8/21/2006,2,Anton Larson Bay,White rock,1530,11.8,,,Bare,3,0,3,0,0,0,0,0,0,DAY
2006,2,8/19/2006,2,Anton Larson Bay,Wooden boat,850,10.7,,,Laminaria,11,0,11,0,0,0,0,0,0,DAY
2006,2,8/20/2006,2,Anton Larson Bay,Wooden boat,855,12.2,,,Laminaria,233,9,224,0,0,0,1,0,0,DAY
2006,2,8/21/2006,2,Anton Larson Bay,Wooden boat,955,11.2,,,Laminaria,29,1,28,0,0,0,4,0,0,DAY
2007,1,7/24/2007,1,Cook Bay,Bare North,1045,9.8,,,Bare,0,0,0,0,0,0,0,0,0,DAY
2007,1,7/26/2007,1,Cook Bay,Bare North,1437,9.7,,,Bare,0,0,0,0,0,0,0,0,0,DAY
2007,1,7/24/2007,1,Cook Bay,Eelgrass North,935,9.6,,,Eelgrass,9,1,8,0,0,0,1,0,0,DAY
2007,1,7/26/2007,1,Cook Bay,Eelgrass North,1450,9.9,,,Eelgrass,2,0,2,0,0,0,0,0,0,DAY
2007,1,7/24/2007,1,Cook Bay,Eelgrass South,1150,10.5,,,Eelgrass,0,0,0,0,0,0,2,0,0,DAY
2007,1,7/26/2007,1,Cook Bay,Eelgrass South,1615,10.1,,,Eelgrass,9,0,9,0,0,0,24,0,0,DAY
2007,1,7/24/2007,1,Cook Bay,Eelgrass West,1015,10,,,Eelgrass,29,2,27,0,1,0,6,0,0,DAY
2007,1,7/26/2007,1,Cook Bay,Eelgrass West,1525,9.7,,,Eelgrass,1,0,1,0,0,0,0,0,0,DAY
2007,1,7/24/2007,1,Cook Bay,Laminaria East,1030,9.9,,,Laminaria,8,0,8,0,0,0,0,0,0,DAY
2007,1,7/26/2007,1,Cook Bay,Laminaria East,1545,10,,,Laminaria,8,0,8,0,0,0,0,0,0,DAY
2007,1,7/24/2007,1,Cook Bay,Laminaria North,1000,9.6,,,Laminaria,1,0,1,0,0,0,0,0,0,DAY
2007,1,7/26/2007,1,Cook Bay,Laminaria North,1505,9.7,,,Laminaria,1,0,1,0,0,0,0,0,0,DAY
2007,1,7/24/2007,1,Cook Bay,Laminaria South,1202,10.4,,,Laminaria,0,0,0,0,0,0,0,0,0,DAY
2007,1,7/26/2007,1,Cook Bay,Laminaria South,1600,10.1,,,Laminaria,0,0,0,0,0,0,0,0,0,DAY
2007,1,7/24/2007,1,Cook Bay,Middle cove,1103,9.9,,,Bare,1,0,1,0,1,0,0,0,0,DAY
2007,1,7/26/2007,1,Cook Bay,Middle cove,1420,9.9,,,Bare,6,0,6,0,0,0,0,0,0,DAY
2007,1,7/20/2007,2,Anton Larson Bay,Back Bay eelgrass,910,,,,Eelgrass,0,0,0,0,0,0,0,0,0,DAY
2007,1,7/21/2007,2,Anton Larson Bay,Back Bay eelgrass,900,12,,,Eelgrass,0,0,0,0,0,0,6,0,0,DAY
2007,1,7/20/2007,2,Anton Larson Bay,Cobble point,935,,,,Bare,0,0,0,0,0,0,0,0,0,DAY
2007,1,7/20/2007,2,Anton Larson Bay,Eelgrass patches,1025,,,,Eelgrass,8,0,8,0,2,0,1,0,0,DAY
2007,1,7/21/2007,2,Anton Larson Bay,Eelgrass patches,1045,9.7,,,Eelgrass,41,0,39,2,0,0,3,0,0,DAY
2007,1,7/20/2007,2,Anton Larson Bay,Eelgrass point,1100,,,,Eelgrass,83,1,82,0,5,0,4,0,0,DAY
2007,1,7/21/2007,2,Anton Larson Bay,Eelgrass point,1015,9.3,,,Eelgrass,57,0,57,0,0,0,6,0,0,DAY
2007,1,7/20/2007,2,Anton Larson Bay,Laminaria #2,847,,,,Laminaria,0,0,0,0,1,0,0,0,0,DAY
2007,1,7/21/2007,2,Anton Larson Bay,Laminaria #2,930,11.1,,,Laminaria,0,0,0,0,1,0,1,0,0,DAY
2007,1,7/20/2007,2,Anton Larson Bay,Laminaria Point,1010,,,,Laminaria,4,0,3,0,3,0,2,0,0,DAY
2007,1,7/21/2007,2,Anton Larson Bay,Laminaria Point,1000,8.3,,,Laminaria,14,1,13,0,1,0,1,0,0,DAY
2007,1,7/20/2007,2,Anton Larson Bay,White rock,955,,,,Bare,0,0,0,0,0,0,0,0,0,DAY
2007,1,7/21/2007,2,Anton Larson Bay,White rock,830,9.2,,,Bare,0,0,0,0,0,0,0,0,0,DAY
2007,1,7/20/2007,2,Anton Larson Bay,Wooden boat,830,,,,Laminaria,0,0,0,0,0,0,0,0,0,DAY
2007,1,7/21/2007,2,Anton Larson Bay,Wooden boat,1115,,,,Laminaria,0,0,0,0,0,0,2,0,0,DAY
2007,2,8/26/2007,1,Cook Bay,Bare North,1358,,,,Bare,0,0,0,0,0,0,0,0,0,DAY
2007,2,8/26/2007,1,Cook Bay,Eelgrass North,953,,,,Eelgrass,1,1,0,0,0,0,0,0,0,DAY
2007,2,8/26/2007,1,Cook Bay,Eelgrass South,1052,,,,Eelgrass,0,0,0,0,0,0,12,0,0,DAY
2007,2,8/26/2007,1,Cook Bay,Eelgrass West,1030,,,,Eelgrass,0,0,0,0,0,0,19,0,0,DAY
2007,2,8/26/2007,1,Cook Bay,Laminaria East,1138,,,,Laminaria,4,0,4,0,0,0,0,0,0,DAY
2007,2,8/26/2007,1,Cook Bay,Laminaria North,1012,,,,Laminaria,1,1,0,0,0,0,0,0,0,DAY
2007,2,8/26/2007,1,Cook Bay,Laminaria South,1115,,,,Laminaria,0,0,0,0,0,0,0,0,0,DAY
2007,2,8/26/2007,1,Cook Bay,Middle cove,1345,,,,Bare,0,0,0,0,1,0,0,0,0,DAY
2007,2,8/23/2007,2,Anton Larson Bay,Back Bay eelgrass,916,,,,Eelgrass,5,3,2,0,0,0,18,0,0,DAY
2007,2,8/24/2007,2,Anton Larson Bay,Back Bay eelgrass,930,,,,Eelgrass,4,4,0,0,0,0,8,0,0,DAY
2007,2,8/23/2007,2,Anton Larson Bay,Cobble point,1132,,,,Bare,1,0,0,0,0,0,16,0,0,DAY
2007,2,8/23/2007,2,Anton Larson Bay,Eelgrass patches,945,,,,Eelgrass,11,0,11,0,0,0,0,0,0,DAY
2007,2,8/24/2007,2,Anton Larson Bay,Eelgrass patches,824,,,,Eelgrass,16,3,13,0,0,0,3,0,0,DAY
2007,2,8/23/2007,2,Anton Larson Bay,Eelgrass point,1021,,,,Eelgrass,27,3,24,0,0,0,110,0,0,DAY
2007,2,8/24/2007,2,Anton Larson Bay,Eelgrass point,1015,,,,Eelgrass,31,21,10,0,1,0,12,0,0,DAY
2007,2,8/23/2007,2,Anton Larson Bay,Laminaria #2,856,,,,Laminaria,0,0,0,0,1,0,0,0,0,DAY
2007,2,8/24/2007,2,Anton Larson Bay,Laminaria #2,909,,,,Laminaria,2,0,2,0,0,0,2,0,0,DAY
2007,2,8/23/2007,2,Anton Larson Bay,Laminaria Point,1004,,,,Laminaria,6,0,6,0,0,0,6,0,0,DAY
2007,2,8/24/2007,2,Anton Larson Bay,Laminaria Point,954,,,,Laminaria,0,0,0,0,0,0,0,0,0,DAY
2007,2,8/23/2007,2,Anton Larson Bay,White rock,1111,,,,Bare,0,0,0,0,0,0,0,0,0,DAY
2007,2,8/24/2007,2,Anton Larson Bay,White rock,1112,,,,Bare,0,0,0,0,0,0,0,0,0,DAY
2007,2,8/23/2007,2,Anton Larson Bay,Wooden boat,832,,,,Laminaria,0,0,0,0,0,0,0,0,0,DAY
2007,2,8/24/2007,2,Anton Larson Bay,Wooden boat,852,,,,Laminaria,0,0,0,0,0,0,0,0,0,DAY
2007,3,9/24/2007,2,Anton Larson Bay,Back Bay eelgrass,1043,,,,Eelgrass,0,0,0,0,0,0,0,0,0,DAY
2007,3,9/25/2007,2,Anton Larson Bay,Back Bay eelgrass,1050,,,,Eelgrass,0,0,0,0,0,0,0,0,0,DAY
2007,3,9/24/2007,2,Anton Larson Bay,Cobble point,1023,,,,Bare,0,0,0,0,0,0,0,0,0,DAY
2007,3,9/25/2007,2,Anton Larson Bay,Cobble point,948,,,,Bare,0,0,0,0,0,0,0,0,0,DAY
2007,3,9/24/2007,2,Anton Larson Bay,Eelgrass patches,828,,,,Eelgrass,0,0,0,0,0,0,1,0,0,DAY
2007,3,9/25/2007,2,Anton Larson Bay,Eelgrass patches,823,,,,Eelgrass,0,0,0,0,0,0,1,0,0,DAY
2007,3,9/24/2007,2,Anton Larson Bay,Eelgrass point,954,,,,Eelgrass,0,0,0,0,0,0,93,0,0,DAY
2007,3,9/25/2007,2,Anton Larson Bay,Eelgrass point,900,,,,Eelgrass,0,0,0,0,0,0,0,0,0,DAY
2007,3,9/24/2007,2,Anton Larson Bay,Laminaria #2,910,,,,Laminaria,0,0,0,0,0,0,0,0,0,DAY
2007,3,9/25/2007,2,Anton Larson Bay,Laminaria #2,1038,,,,Laminaria,30,0,30,0,0,0,0,0,0,DAY
2007,3,9/24/2007,2,Anton Larson Bay,Laminaria Point,938,,,,Laminaria,0,0,0,0,0,0,0,0,0,DAY
2007,3,9/25/2007,2,Anton Larson Bay,Laminaria Point,840,,,,Laminaria,6,0,6,0,0,0,0,0,0,DAY
2007,3,9/24/2007,2,Anton Larson Bay,White rock,1120,,,,Bare,0,0,0,0,0,0,0,0,0,DAY
2007,3,9/25/2007,2,Anton Larson Bay,White rock,930,,,,Bare,0,0,0,0,0,0,0,0,0,DAY
2007,3,9/24/2007,2,Anton Larson Bay,Wooden boat,850,,,,Laminaria,0,0,0,0,0,0,0,0,0,DAY
2007,3,9/25/2007,2,Anton Larson Bay,Wooden boat,1014,,,,Laminaria,0,0,0,0,0,0,1,0,0,DAY
2007,4,10/22/2007,2,Anton Larson Bay,Back Bay eelgrass,1100,,,,Eelgrass,11,1,10,0,0,0,0,0,0,DAY
2007,4,10/23/2007,2,Anton Larson Bay,Back Bay eelgrass,1038,,,,Eelgrass,0,0,0,0,0,0,0,0,0,DAY
2007,4,10/22/2007,2,Anton Larson Bay,Cobble point,1126,,,,Bare,0,0,0,0,0,0,0,0,0,DAY
2007,4,10/23/2007,2,Anton Larson Bay,Cobble point,934,,,,Bare,0,0,0,0,0,0,0,0,0,DAY
2007,4,10/22/2007,2,Anton Larson Bay,Eelgrass patches,927,,,,Eelgrass,7,2,5,0,0,0,0,0,0,DAY
2007,4,10/23/2007,2,Anton Larson Bay,Eelgrass patches,948,,,,Eelgrass,2,2,0,0,0,0,0,0,0,DAY
2007,4,10/22/2007,2,Anton Larson Bay,Eelgrass point,956,,,,Eelgrass,0,0,0,0,0,0,61,0,0,DAY
2007,4,10/23/2007,2,Anton Larson Bay,Eelgrass point,1100,,,,Eelgrass,0,0,0,0,0,0,5,0,0,DAY
2007,4,10/22/2007,2,Anton Larson Bay,Laminaria #2,1045,,,,Laminaria,0,0,0,0,0,0,0,0,0,DAY
2007,4,10/23/2007,2,Anton Larson Bay,Laminaria #2,1022,,,,Laminaria,0,0,0,0,0,0,0,0,0,DAY
2007,4,10/22/2007,2,Anton Larson Bay,Laminaria Point,947,,,,Laminaria,0,0,0,0,0,0,0,0,0,DAY
2007,4,10/23/2007,2,Anton Larson Bay,Laminaria Point,922,,,,Laminaria,0,0,0,0,0,0,0,0,0,DAY
2007,4,10/22/2007,2,Anton Larson Bay,White rock,1139,,,,Bare,0,0,0,0,0,0,0,0,0,DAY
2007,4,10/22/2007,2,Anton Larson Bay,Wooden boat,1030,,,,Laminaria,0,0,0,0,0,0,0,0,0,DAY
2007,4,10/23/2007,2,Anton Larson Bay,Wooden boat,1009,,,,Laminaria,0,0,0,0,0,0,0,0,0,DAY
2008,1,7/18/2008,1,Cook Bay,Bare North,1340,,,,Bare,0,0,0,0,0,0,0,0,0,DAY
2008,1,7/19/2008,1,Cook Bay,Bare North,1400,10.5,31.4,,Bare,0,0,0,0,0,0,0,0,0,DAY
2008,1,7/18/2008,1,Cook Bay,Eelgrass North,1226,,,,Eelgrass,53,2,50,1,0,0,0,0,0,DAY
2008,1,7/18/2008,1,Cook Bay,Eelgrass South,1200,,,,Eelgrass,309,12,293,4,0,0,0,0,0,DAY
2008,1,7/19/2008,1,Cook Bay,Eelgrass South,1140,9.8,31.3,,Eelgrass,93,17,71,5,0,0,0,0,0,DAY
2008,1,7/18/2008,1,Cook Bay,Eelgrass West,1042,,,,Eelgrass,94,0,94,0,0,0,0,0,0,DAY
2008,1,7/19/2008,1,Cook Bay,Eelgrass West,1240,12.3,31.3,,Eelgrass,23,1,22,0,0,0,1,0,0,DAY
2008,1,7/18/2008,1,Cook Bay,Laminaria East,944,,,,Laminaria,4,0,4,0,0,0,0,0,0,DAY
2008,1,7/19/2008,1,Cook Bay,Laminaria East,930,9.1,31.3,,Laminaria,18,0,18,0,0,0,0,0,0,DAY
2008,1,7/18/2008,1,Cook Bay,Laminaria North,921,,,,Laminaria,1,1,0,0,0,0,0,0,0,DAY
2008,1,7/19/2008,1,Cook Bay,Laminaria North,907,9.8,31.3,,Laminaria,3,0,3,0,0,0,0,0,0,DAY
2008,1,7/18/2008,1,Cook Bay,Laminaria South,1006,,,,Laminaria,4,0,3,1,0,0,0,0,0,DAY
2008,1,7/19/2008,1,Cook Bay,Laminaria South,952,9.6,31.3,,Laminaria,2,0,2,0,0,0,0,0,0,DAY
2008,1,7/18/2008,1,Cook Bay,Middle cove,1400,,,,Bare,0,0,0,0,0,0,0,0,0,DAY
2008,1,7/19/2008,1,Cook Bay,Middle cove,1345,9.1,31.3,,Bare,0,0,0,0,0,0,0,0,0,DAY
2008,1,7/14/2008,2,Anton Larson Bay,Back Bay eelgrass,1047,,,,Eelgrass,3,1,2,0,0,0,0,0,0,DAY
2008,1,7/16/2008,2,Anton Larson Bay,Back Bay eelgrass,1324,11.1,27.2,14,Eelgrass,0,0,0,0,0,0,0,0,0,DAY
2008,1,7/14/2008,2,Anton Larson Bay,Cobble point,1130,,,,Eelgrass,20,0,18,2,0,0,0,0,0,DAY
2008,1,7/16/2008,2,Anton Larson Bay,Cobble point,1404,,,,Eelgrass,72,18,54,0,0,0,0,0,0,DAY
2008,1,7/14/2008,2,Anton Larson Bay,Eelgrass patches,1015,,,,Eelgrass,144,0,144,0,1,0,2,0,0,DAY
2008,1,7/16/2008,2,Anton Larson Bay,Eelgrass patches,1227,,,,Eelgrass,30,4,26,0,0,0,0,0,0,DAY
2008,1,7/14/2008,2,Anton Larson Bay,Eelgrass point,930,9.4,30,,Eelgrass,169,0,169,0,0,0,0,0,0,DAY
2008,1,7/16/2008,2,Anton Larson Bay,Eelgrass point,925,11.1,22,12.5,Eelgrass,876,8,860,8,8,0,1,0,0,DAY
2008,1,7/14/2008,2,Anton Larson Bay,Laminaria #2,1115,12.1,26.8,,Laminaria,1,0,1,0,1,0,3,0,0,DAY
2008,1,7/16/2008,2,Anton Larson Bay,Laminaria #2,1347,11.5,25.7,,Laminaria,0,0,0,0,0,0,1,0,0,DAY
2008,1,7/14/2008,2,Anton Larson Bay,Laminaria Point,947,,,,Laminaria,2,0,2,0,0,0,0,0,0,DAY
2008,1,7/16/2008,2,Anton Larson Bay,Laminaria Point,1207,,,,Laminaria,3,0,3,0,2,0,0,0,0,DAY
2008,1,7/14/2008,2,Anton Larson Bay,White rock,1204,,,,Bare,0,0,0,0,0,0,3,0,0,DAY
2008,1,7/16/2008,2,Anton Larson Bay,White rock,1424,11.5,26.5,,Bare,0,0,0,0,0,0,0,0,0,DAY
2008,1,7/14/2008,2,Anton Larson Bay,Wooden boat,1100,,,,Laminaria,0,0,0,0,0,0,0,0,0,DAY
2008,1,7/16/2008,2,Anton Larson Bay,Wooden boat,1304,,,,Laminaria,0,0,0,0,0,0,0,0,0,DAY
2008,2,8/26/2008,1,Cook Bay,Bare North,1126,,,,Bare,1,0,1,0,0,0,0,0,0,DAY
2008,2,8/27/2008,1,Cook Bay,Bare North,1124,11,32.6,10.2,Bare,1,0,1,0,0,0,0,0,0,DAY
2008,2,8/26/2008,1,Cook Bay,Eelgrass North,912,,,,Eelgrass,0,0,0,0,0,0,0,0,0,DAY
2008,2,8/27/2008,1,Cook Bay,Eelgrass North,858,,,,Eelgrass,26,16,10,0,0,0,0,0,0,DAY
2008,2,8/26/2008,1,Cook Bay,Eelgrass South,956,,,,Eelgrass,33,7,26,0,0,0,0,0,0,DAY
2008,2,8/27/2008,1,Cook Bay,Eelgrass South,954,10.3,32.8,9.2,Eelgrass,38,8,30,0,0,0,0,0,0,DAY
2008,2,8/26/2008,1,Cook Bay,Eelgrass West,932,,,,Eelgrass,25,8,17,0,0,0,0,0,0,DAY
2008,2,8/27/2008,1,Cook Bay,Eelgrass West,927,10.9,32.9,8.9,Eelgrass,25,4,21,0,0,0,0,0,0,DAY
2008,2,8/26/2008,1,Cook Bay,Laminaria East,1054,,,,Laminaria,6,0,6,0,0,0,0,0,0,DAY
2008,2,8/27/2008,1,Cook Bay,Laminaria East,1054,10.4,33,9.2,Laminaria,7,0,7,0,0,0,0,0,0,DAY
2008,2,8/26/2008,1,Cook Bay,Laminaria North,1036,,,,Laminaria,10,3,7,0,0,0,1,0,0,DAY
2008,2,8/27/2008,1,Cook Bay,Laminaria North,1105,10.8,32.8,9.2,Laminaria,4,0,4,0,0,0,0,0,0,DAY
2008,2,8/26/2008,1,Cook Bay,Laminaria South,1015,,,,Laminaria,1,0,1,0,0,0,0,0,0,DAY
2008,2,8/27/2008,1,Cook Bay,Laminaria South,1024,10.4,32.9,9.3,Laminaria,0,0,0,0,0,0,0,0,0,DAY
2008,2,8/26/2008,1,Cook Bay,Middle cove,1110,,,,Bare,16,0,16,0,0,0,0,0,0,DAY
2008,2,8/27/2008,1,Cook Bay,Middle cove,1144,,,,Bare,28,0,22,6,0,0,0,0,0,DAY
2008,2,8/23/2008,2,Anton Larson Bay,Back Bay eelgrass,1020,,,,Eelgrass,7,1,6,0,0,0,0,0,0,DAY
2008,2,8/25/2008,2,Anton Larson Bay,Back Bay eelgrass,956,11.3,28.5,8.86,Eelgrass,5,4,1,0,0,0,0,0,0,DAY
2008,2,8/23/2008,2,Anton Larson Bay,Cobble point,929,10.9,29.1,8.58,Eelgrass,26,0,25,1,0,0,0,0,0,DAY
2008,2,8/25/2008,2,Anton Larson Bay,Cobble point,936,,,,Eelgrass,1,0,1,0,0,0,0,0,0,DAY
2008,2,8/23/2008,2,Anton Larson Bay,Eelgrass patches,1139,10.9,28.2,8.58,Eelgrass,20,0,15,5,0,0,1,0,0,DAY
2008,2,8/25/2008,2,Anton Larson Bay,Eelgrass patches,1140,11.7,28.3,9.72,Eelgrass,31,5,17,9,0,0,0,0,0,DAY
2008,2,8/23/2008,2,Anton Larson Bay,Eelgrass point,1220,,,,Eelgrass,50,10,40,0,0,0,10,0,0,DAY
2008,2,8/25/2008,2,Anton Larson Bay,Eelgrass point,1120,10.6,26.9,8.81,Eelgrass,65,17,32,16,0,0,0,0,0,DAY
2008,2,8/23/2008,2,Anton Larson Bay,Laminaria #2,1102,,,,Laminaria,0,0,0,0,0,0,0,0,0,DAY
2008,2,8/25/2008,2,Anton Larson Bay,Laminaria #2,1026,10.7,28.6,8.33,Laminaria,0,0,0,0,0,0,0,0,0,DAY
2008,2,8/23/2008,2,Anton Larson Bay,Laminaria Point,1203,,,,Laminaria,0,0,0,0,0,0,0,0,0,DAY
2008,2,8/25/2008,2,Anton Larson Bay,Laminaria Point,1102,10.9,23.9,9.04,Laminaria,0,0,0,0,0,0,0,0,0,DAY
2008,2,8/23/2008,2,Anton Larson Bay,White rock,952,,,,Bare,0,0,0,0,0,0,0,0,0,DAY
2008,2,8/25/2008,2,Anton Larson Bay,White rock,920,,,,Bare,0,0,0,0,0,0,0,0,0,DAY
2008,2,8/23/2008,2,Anton Larson Bay,Wooden boat,1047,,,,Laminaria,0,0,0,0,0,0,0,0,0,DAY
2008,2,8/25/2008,2,Anton Larson Bay,Wooden boat,1040,11.2,22.4,9.36,Laminaria,0,0,0,0,0,0,0,0,0,DAY
2009,1,7/15/2009,1,Cook Bay,Bare North,1011,12.3,33.1,10.72,Bare,1,0,1,0,0,0,0,0,0,DAY
2009,1,7/15/2009,1,Cook Bay,Bare North,913,11.7,31.4,11.4,Bare,0,0,0,0,0,0,0,0,0,DAY
2009,1,7/15/2009,1,Cook Bay,Eelgrass North,1051,11.8,33.1,12.1,Eelgrass,0,0,0,0,1,0,0,0,0,DAY
2009,1,7/15/2009,1,Cook Bay,Eelgrass North,1035,12.5,31.4,10.99,Eelgrass,0,0,0,0,0,0,2,0,0,DAY
2009,1,7/15/2009,1,Cook Bay,Eelgrass South,1118,11.2,32.7,12.55,Eelgrass,41,0,41,0,0,0,0,0,0,DAY
2009,1,7/15/2009,1,Cook Bay,Eelgrass South,1112,11.6,31.1,11.3,Eelgrass,28,1,26,1,0,0,2,0,0,DAY
2009,1,7/15/2009,1,Cook Bay,Eelgrass West,1029,12.2,33.2,11.7,Eelgrass,0,0,0,0,0,0,0,0,0,DAY
2009,1,7/15/2009,1,Cook Bay,Eelgrass West,940,11,31.4,12.1,Eelgrass,0,0,0,0,0,0,0,0,0,DAY
2009,1,7/15/2009,1,Cook Bay,Laminaria East,1202,11.6,32.6,11,Laminaria,1,0,1,0,0,0,3,0,0,DAY
2009,1,7/15/2009,1,Cook Bay,Laminaria East,1004,11.3,31.4,10.4,Laminaria,1,0,1,0,0,0,2,0,0,DAY
2009,1,7/15/2009,1,Cook Bay,Laminaria North,951,11.3,33.1,12.45,Laminaria,0,0,0,0,1,0,0,0,0,DAY
2009,1,7/15/2009,1,Cook Bay,Laminaria North,1020,12.2,31.3,10.8,Laminaria,0,0,0,0,0,0,0,0,0,DAY
2009,1,7/15/2009,1,Cook Bay,Laminaria South,1137,12.5,32.9,11.72,Laminaria,0,0,0,0,0,0,0,0,0,DAY
2009,1,7/15/2009,1,Cook Bay,Laminaria South,1134,13,31,9.7,Laminaria,0,0,0,0,0,0,0,0,0,DAY
2009,1,7/15/2009,1,Cook Bay,Middle cove,932,12.4,32.8,11.02,Bare,1,0,1,0,0,0,4,0,0,DAY
2009,1,7/15/2009,1,Cook Bay,Middle cove,904,11.5,31.4,11.5,Bare,0,0,0,0,0,0,0,0,0,DAY
2009,1,7/14/2009,2,Anton Larson Bay,Back Bay eelgrass,857,12.1,28.1,10.24,Eelgrass,0,0,0,0,0,0,0,0,0,DAY
2009,1,7/13/2009,2,Anton Larson Bay,Cobble point,1344,14.5,29.2,12.2,Eelgrass,0,0,0,0,0,0,0,0,0,DAY
2009,1,7/14/2009,2,Anton Larson Bay,Cobble point,1130,12.2,29.8,12.33,Eelgrass,0,0,0,0,0,0,0,0,0,DAY
2009,1,7/13/2009,2,Anton Larson Bay,Eelgrass patches,1308,14.8,28.4,12.2,Eelgrass,10,0,10,0,0,0,0,0,0,DAY
2009,1,7/14/2009,2,Anton Larson Bay,Eelgrass patches,1017,12.2,30,10.54,Eelgrass,96,0,96,0,0,0,0,0,0,DAY
2009,1,7/13/2009,2,Anton Larson Bay,Eelgrass point,1156,13.9,27.4,12.2,Eelgrass,3,2,0,1,0,0,1,0,0,DAY
2009,1,7/14/2009,2,Anton Larson Bay,Eelgrass point,1052,11.1,30.3,11.85,Eelgrass,8,0,8,0,0,0,1,0,0,DAY
2009,1,7/13/2009,2,Anton Larson Bay,Laminaria #2,1123,12.9,30.3,11.44,Laminaria,0,0,0,0,0,0,3,0,0,DAY
2009,1,7/14/2009,2,Anton Larson Bay,Laminaria #2,934,11.9,28,10.34,Laminaria,0,0,0,0,0,0,1,0,0,DAY
2009,1,7/13/2009,2,Anton Larson Bay,Laminaria Point,1244,13.9,27.4,12.2,Laminaria,2,0,2,0,0,0,0,0,0,DAY
2009,1,7/14/2009,2,Anton Larson Bay,Laminaria Point,1111,11.7,30.1,11.8,Laminaria,1,0,1,0,0,0,0,0,0,DAY
2009,1,7/13/2009,2,Anton Larson Bay,White rock,1023,12.6,27.4,11.26,Bare,0,0,0,0,0,0,0,0,0,DAY
2009,1,7/14/2009,2,Anton Larson Bay,White rock,1000,11.7,29.9,11.85,Bare,0,0,0,0,0,0,0,0,0,DAY
2009,1,7/13/2009,2,Anton Larson Bay,Wooden boat,1056,11.9,30.4,12.84,Laminaria,0,0,0,0,0,0,1,0,0,DAY
2009,1,7/14/2009,2,Anton Larson Bay,Wooden boat,917,12.3,28.1,10.98,Laminaria,0,0,0,0,0,0,0,0,0,DAY
2009,2,8/26/2009,1,Cook Bay,Bare North,1010,9.7,31.1,8.85,Bare,0,0,0,0,0,0,0,0,0,DAY
2009,2,8/29/2009,1,Cook Bay,Bare North,925,,,,Bare,0,0,0,0,0,0,0,0,0,DAY
2009,2,8/26/2009,1,Cook Bay,Eelgrass North,1200,9.7,31.2,8.82,Eelgrass,0,0,0,0,0,0,0,0,0,DAY
2009,2,8/30/2009,1,Cook Bay,Eelgrass North,945,,,,Eelgrass,1,0,1,0,0,0,0,0,0,DAY
2009,2,8/26/2009,1,Cook Bay,Eelgrass South,1149,10.4,30.1,9.4,Eelgrass,80,5,75,0,0,0,3,0,0,DAY
2009,2,8/29/2009,1,Cook Bay,Eelgrass South,1200,,,,Eelgrass,1307,25,1275,7,0,0,7,0,0,DAY
2009,2,8/26/2009,1,Cook Bay,Eelgrass West,915,10,31.2,9.86,Eelgrass,1,0,1,0,0,0,0,0,0,DAY
2009,2,8/29/2009,1,Cook Bay,Eelgrass West,1000,,,,Eelgrass,234,25,204,5,0,0,0,0,0,DAY
2009,2,8/26/2009,1,Cook Bay,Laminaria East,1220,9.8,31.1,10.18,Laminaria,36,0,35,1,0,0,0,0,0,DAY
2009,2,8/29/2009,1,Cook Bay,Laminaria East,1110,,,,Laminaria,167,1,161,5,0,0,0,0,0,DAY
2009,2,8/26/2009,1,Cook Bay,Laminaria North,1045,9.6,31.2,9.75,Laminaria,0,0,0,0,0,0,0,0,0,DAY
2009,2,8/29/2009,1,Cook Bay,Laminaria North,1045,,,,Laminaria,1,0,1,0,0,0,0,0,0,DAY
2009,2,8/26/2009,1,Cook Bay,Laminaria South,1120,10.3,30.2,10,Laminaria,0,0,0,0,0,0,0,0,0,DAY
2009,2,8/29/2009,1,Cook Bay,Laminaria South,1130,,,,Laminaria,0,0,0,0,0,0,0,0,0,DAY
2009,2,8/26/2009,1,Cook Bay,Middle cove,940,9.7,31.2,10,Bare,19,0,19,0,0,0,0,0,0,DAY
2009,2,8/29/2009,1,Cook Bay,Middle cove,945,,,,Bare,69,0,69,0,0,0,0,0,0,DAY
2009,2,8/23/2009,2,Anton Larson Bay,Back Bay eelgrass,1445,,,,Eelgrass,2,2,0,0,0,0,0,0,0,DAY
2009,2,8/25/2009,2,Anton Larson Bay,Back Bay eelgrass,850,,,,Eelgrass,2,2,0,0,0,0,0,0,0,DAY
2009,2,8/23/2009,2,Anton Larson Bay,Cobble point,1035,10.6,30.7,11.5,Eelgrass,0,0,0,0,0,0,0,0,0,DAY
2009,2,8/24/2009,2,Anton Larson Bay,Cobble point,940,10.2,32,9.5,Eelgrass,0,0,0,0,0,0,0,0,0,DAY
2009,2,8/23/2009,2,Anton Larson Bay,Eelgrass patches,930,10.8,28.5,12.2,Eelgrass,3,0,3,0,0,0,0,0,0,DAY
2009,2,8/24/2009,2,Anton Larson Bay,Eelgrass patches,1040,10.2,31.3,10.2,Eelgrass,23,7,16,0,0,0,0,0,0,DAY
2009,2,8/23/2009,2,Anton Larson Bay,Eelgrass point,1015,10.4,30,9.6,Eelgrass,5,5,0,0,0,0,25,0,0,DAY
2009,2,8/24/2009,2,Anton Larson Bay,Eelgrass point,959,10.2,32,9.5,Eelgrass,4,3,1,0,0,0,3,0,0,DAY
2009,2,8/23/2009,2,Anton Larson Bay,Laminaria #2,1115,10.5,31.3,10.5,Laminaria,0,0,0,0,0,0,0,0,0,DAY
2009,2,8/24/2009,2,Anton Larson Bay,Laminaria #2,1410,11,32.2,10,Laminaria,0,0,0,0,0,0,0,0,0,DAY
2009,2,8/23/2009,2,Anton Larson Bay,Laminaria Point,950,9.9,31.4,10.5,Laminaria,0,0,0,0,0,0,0,0,0,DAY
2009,2,8/24/2009,2,Anton Larson Bay,Laminaria Point,1015,9.8,32,9.3,Laminaria,0,0,0,0,0,0,0,0,0,DAY
2009,2,8/23/2009,2,Anton Larson Bay,White rock,1100,10.4,31,10.2,Bare,19,0,19,0,0,0,0,0,0,DAY
2009,2,8/24/2009,2,Anton Larson Bay,White rock,920,10.1,32,11.5,Bare,0,0,0,0,0,0,0,0,0,DAY
2009,2,8/24/2009,2,Anton Larson Bay,Wooden boat,1345,11.5,32.3,10.3,Laminaria,0,0,0,0,0,0,0,0,0,DAY
2009,2,8/25/2009,2,Anton Larson Bay,Wooden boat,828,,,,Laminaria,0,0,0,0,0,0,0,0,0,DAY
2010,1,7/19/2010,1,Cook Bay,Bare North,943,10.5,32.8,11.81,Bare,0,0,0,0,0,0,0,0,0,DAY
2010,1,7/20/2010,1,Cook Bay,Bare North,1051,10.5,32.8,11.38,Bare,0,0,0,0,0,0,0,0,0,DAY
2010,1,7/19/2010,1,Cook Bay,Eelgrass North,1122,11.3,32.7,10.96,Eelgrass,1,0,1,0,0,0,6,0,0,DAY
2010,1,7/20/2010,1,Cook Bay,Eelgrass North,900,11.4,32.7,11.5,Eelgrass,0,0,0,0,0,0,14,0,0,DAY
2010,1,7/19/2010,1,Cook Bay,Eelgrass South,1216,11.3,31.2,11.29,Eelgrass,166,2,155,9,0,0,27,0,0,DAY
2010,1,7/20/2010,1,Cook Bay,Eelgrass South,942,10,32.7,11.4,Eelgrass,83,0,83,0,2,0,1,0,0,DAY
2010,1,7/19/2010,1,Cook Bay,Eelgrass West,1015,10.8,32.7,12.14,Eelgrass,1,0,1,0,0,0,7,0,0,DAY
2010,1,7/20/2010,1,Cook Bay,Eelgrass West,1034,12,32.3,9.65,Eelgrass,0,0,0,0,1,0,5,0,0,DAY
2010,1,7/19/2010,1,Cook Bay,Laminaria East,1036,10.8,33,9.29,Laminaria,0,0,0,0,0,0,0,0,0,DAY
2010,1,7/20/2010,1,Cook Bay,Laminaria East,1015,10,32.9,11.01,Laminaria,1,0,1,0,0,0,0,0,0,DAY
2010,1,7/19/2010,1,Cook Bay,Laminaria North,1103,10.8,32.8,11.79,Laminaria,0,0,0,0,0,0,0,0,0,DAY
2010,1,7/20/2010,1,Cook Bay,Laminaria North,923,11.4,32.7,11.92,Laminaria,0,0,0,0,0,0,0,0,0,DAY
2010,1,7/19/2010,1,Cook Bay,Laminaria South,1200,10.8,31.9,12.25,Laminaria,0,0,0,0,0,0,0,0,0,DAY
2010,1,7/20/2010,1,Cook Bay,Laminaria South,1000,10.1,32.7,11.11,Laminaria,0,0,0,0,0,0,0,0,0,DAY
2010,1,7/19/2010,1,Cook Bay,Middle cove,925,10.8,33,12.1,Bare,0,0,0,0,0,0,0,0,0,DAY
2010,1,7/20/2010,1,Cook Bay,Middle cove,1106,10,32.9,11.1,Bare,299,0,297,2,0,0,0,0,0,DAY
2010,1,7/14/2010,2,Anton Larson Bay,Back Bay eelgrass,1400,11.9,27.7,12.2,Eelgrass,0,0,0,0,0,0,0,0,0,DAY
2010,1,7/16/2010,2,Anton Larson Bay,Back Bay eelgrass,848,,,,Eelgrass,0,0,0,0,0,0,0,0,0,DAY
2010,1,7/14/2010,2,Anton Larson Bay,Cobble point,1155,10.4,27.5,12.08,Eelgrass,36,0,35,1,0,0,0,0,0,DAY
2010,1,7/15/2010,2,Anton Larson Bay,Cobble point,855,,,,Eelgrass,2,0,2,0,0,0,0,0,0,DAY
2010,1,7/14/2010,2,Anton Larson Bay,Eelgrass patches,918,10.2,27.6,12.97,Eelgrass,2,0,2,0,0,0,0,0,0,DAY
2010,1,7/15/2010,2,Anton Larson Bay,Eelgrass patches,935,,,,Eelgrass,10,0,10,0,0,0,0,0,0,DAY
2010,1,7/14/2010,2,Anton Larson Bay,Eelgrass point,1029,10.2,28,12.11,Eelgrass,0,0,0,0,0,0,0,0,0,DAY
2010,1,7/15/2010,2,Anton Larson Bay,Eelgrass point,830,,,,Eelgrass,1,0,1,0,0,0,0,0,0,DAY
2010,1,7/14/2010,2,Anton Larson Bay,Laminaria #2,1336,10.4,28.7,11.95,Laminaria,0,0,0,0,0,0,0,0,0,DAY
2010,1,7/16/2010,2,Anton Larson Bay,Laminaria #2,922,,,,Laminaria,0,0,0,0,0,0,0,0,0,DAY
2010,1,7/14/2010,2,Anton Larson Bay,Laminaria Point,1003,9.3,28.7,11.81,Laminaria,11,0,11,0,0,0,0,0,0,DAY
2010,1,7/15/2010,2,Anton Larson Bay,Laminaria Point,1024,,,,Laminaria,4,0,4,0,0,0,0,0,0,DAY
2010,1,7/15/2010,2,Anton Larson Bay,White rock,957,,,,Bare,13,0,12,1,0,0,0,0,0,DAY
2010,1,7/14/2010,2,Anton Larson Bay,Wooden boat,1314,9.9,29.1,11.77,Laminaria,0,0,0,0,0,0,0,0,0,DAY
2010,1,7/16/2010,2,Anton Larson Bay,Wooden boat,905,,,,Laminaria,0,0,0,0,0,0,0,0,0,DAY
2010,2,8/23/2010,1,Cook Bay,Bare North,1430,11.6,30.8,9.85,Bare,0,0,0,0,0,0,0,0,0,DAY
2010,2,8/27/2010,1,Cook Bay,Bare North,1149,,,,Bare,0,0,0,0,0,0,0,0,0,DAY
2010,2,8/23/2010,1,Cook Bay,Eelgrass North,1200,,,,Eelgrass,0,0,0,0,0,0,9,0,0,DAY
2010,2,8/27/2010,1,Cook Bay,Eelgrass North,931,,,,Eelgrass,4,4,0,0,0,0,4,0,0,DAY
2010,2,8/23/2010,1,Cook Bay,Eelgrass South,1235,11.5,30.2,9.62,Eelgrass,34,8,23,3,0,0,10,0,0,DAY
2010,2,8/27/2010,1,Cook Bay,Eelgrass South,1250,,,,Eelgrass,18,0,18,0,0,0,3,0,0,DAY
2010,2,8/23/2010,1,Cook Bay,Eelgrass West,1137,11.9,30.5,8.51,Eelgrass,9,8,1,0,0,0,0,0,0,DAY
2010,2,8/27/2010,1,Cook Bay,Eelgrass West,1003,,,,Eelgrass,3,2,0,1,0,0,5,0,0,DAY
2010,2,8/23/2010,1,Cook Bay,Laminaria East,1401,12,30.9,9.11,Laminaria,0,0,0,0,0,0,0,0,0,DAY
2010,2,8/27/2010,1,Cook Bay,Laminaria East,1032,11.2,30.9,8.54,Laminaria,8,0,8,0,0,0,0,0,0,DAY
2010,2,8/27/2010,1,Cook Bay,Laminaria East,1215,,,,Laminaria,0,0,0,0,0,0,0,0,0,DAY
2010,2,8/23/2010,1,Cook Bay,Laminaria North,1312,,,,Laminaria,0,0,0,0,0,0,0,0,0,DAY
2010,2,8/27/2010,1,Cook Bay,Laminaria North,1130,,,,Laminaria,0,0,0,0,0,0,0,0,0,DAY
2010,2,8/23/2010,1,Cook Bay,Laminaria South,1335,11.7,30.4,10.7,Laminaria,0,0,0,0,0,0,0,0,0,DAY
2010,2,8/27/2010,1,Cook Bay,Laminaria South,1055,11,30.8,9.98,Laminaria,1,0,0,1,0,0,0,0,0,DAY
2010,2,8/23/2010,1,Cook Bay,Middle cove,1420,11.6,30.9,9.32,Bare,0,0,0,0,0,0,0,0,0,DAY
2010,2,8/24/2010,2,Anton Larson Bay,Back Bay eelgrass,1315,,,,Eelgrass,10,4,6,0,0,0,0,0,0,DAY
2010,2,8/25/2010,2,Anton Larson Bay,Back Bay eelgrass,1255,12.6,29.8,10.26,Eelgrass,0,0,0,0,0,0,0,0,0,DAY
2010,2,8/24/2010,2,Anton Larson Bay,Cobble point,1020,11.2,30.3,9.52,Eelgrass,1,1,0,0,0,0,0,0,0,DAY
2010,2,8/25/2010,2,Anton Larson Bay,Cobble point,958,10.7,30.6,9.89,Eelgrass,9,7,2,0,0,0,0,0,0,DAY
2010,2,8/24/2010,2,Anton Larson Bay,Eelgrass patches,855,11.4,30.1,9.68,Eelgrass,2,1,1,0,0,0,0,0,0,DAY
2010,2,8/25/2010,2,Anton Larson Bay,Eelgrass patches,851,11.8,30.1,9.52,Eelgrass,2,2,0,0,0,0,0,0,0,DAY
2010,2,8/24/2010,2,Anton Larson Bay,Eelgrass point,956,10.6,30.6,8.28,Eelgrass,9,9,0,0,0,0,2,0,0,DAY
2010,2,8/25/2010,2,Anton Larson Bay,Eelgrass point,938,10.5,30.7,8.62,Eelgrass,20,20,0,0,0,0,1,0,0,DAY
2010,2,8/24/2010,2,Anton Larson Bay,Laminaria #2,1448,12.8,29.2,9.09,Laminaria,0,0,0,0,0,0,0,0,0,DAY
2010,2,8/25/2010,2,Anton Larson Bay,Laminaria #2,1224,11.6,30.1,10.49,Laminaria,0,0,0,0,0,0,0,0,0,DAY
2010,2,8/24/2010,2,Anton Larson Bay,Laminaria Point,932,10.3,30.7,8.41,Laminaria,5,0,5,0,0,0,0,0,0,DAY
2010,2,8/25/2010,2,Anton Larson Bay,Laminaria Point,922,11.6,29.8,8.58,Laminaria,1,0,1,0,0,0,0,0,0,DAY
2010,2,7/14/2010,2,Anton Larson Bay,White rock,943,10.4,27.5,12,Bare,1,0,1,0,0,0,0,0,0,DAY
2010,2,8/24/2010,2,Anton Larson Bay,White rock,913,10.5,30.6,8.75,Bare,0,0,0,0,0,0,0,0,0,DAY
2010,2,8/25/2010,2,Anton Larson Bay,White rock,907,11.2,30.3,9.58,Bare,0,0,0,0,0,0,0,0,0,DAY
2010,2,8/24/2010,2,Anton Larson Bay,Wooden boat,1502,,,,Laminaria,3,0,0,3,0,0,0,0,0,DAY
2010,2,8/25/2010,2,Anton Larson Bay,Wooden boat,1239,11.1,30.4,9.43,Laminaria,0,0,0,0,0,0,0,0,0,DAY
2011,1,7/19/2011,1,Cook Bay,Bare North,1240,,,,Bare,0,0,0,0,0,0,0,0,0,DAY
2011,1,7/19/2011,1,Cook Bay,Eelgrass North,1330,11.6,31.2,12.15,Eelgrass,3,1,2,0,0,0,0,0,0,DAY
2011,1,7/20/2011,1,Cook Bay,Eelgrass North,1008,10.6,31.6,11.79,Eelgrass,2,2,0,0,0,0,0,0,0,DAY
2011,1,7/19/2011,1,Cook Bay,Eelgrass South,1431,10.5,31.1,12.61,Eelgrass,10,2,8,0,0,0,2,0,0,DAY
2011,1,7/20/2011,1,Cook Bay,Eelgrass South,1225,,,,Eelgrass,0,0,0,0,0,0,0,0,0,DAY
2011,1,7/19/2011,1,Cook Bay,Eelgrass West,1355,10.7,31.6,11.04,Eelgrass,49,10,38,0,0,0,0,0,0,DAY
2011,1,7/20/2011,1,Cook Bay,Eelgrass West,1115,10.5,31.7,11.99,Eelgrass,117,12,105,0,0,0,1,0,0,DAY
2011,1,7/19/2011,1,Cook Bay,Laminaria East,1030,,,,Laminaria,2,0,2,0,0,0,0,0,0,DAY
2011,1,7/20/2011,1,Cook Bay,Laminaria East,1319,,,,Laminaria,6,0,6,0,0,0,0,0,0,DAY
2011,1,7/19/2011,1,Cook Bay,Laminaria North,1258,10.9,30.5,12.21,Laminaria,0,0,0,0,0,0,0,0,0,DAY
2011,1,7/20/2011,1,Cook Bay,Laminaria North,1045,10.4,31.7,11.66,Laminaria,0,0,0,0,0,0,0,0,0,DAY
2011,1,7/19/2011,1,Cook Bay,Laminaria South,1451,10.2,31.3,12.12,Laminaria,21,6,15,0,0,0,0,0,0,DAY
2011,1,7/20/2011,1,Cook Bay,Laminaria South,1152,,,,Laminaria,5,2,3,0,0,0,0,0,0,DAY
2011,1,7/19/2011,1,Cook Bay,Middle cove,1531,10.3,31.4,12.12,Bare,0,0,0,0,0,0,0,0,0,DAY
2011,1,7/20/2011,1,Cook Bay,Middle cove,1344,,,,Bare,197,27,170,0,0,0,0,0,0,DAY
2011,1,7/12/2011,2,Anton Larson Bay,Back Bay eelgrass,1141,,,,Eelgrass,2,2,0,0,0,0,0,0,0,DAY
2011,1,7/13/2011,2,Anton Larson Bay,Back Bay eelgrass,1120,11.6,11.18,30.3,Eelgrass,2,2,0,0,0,0,0,0,0,DAY
2011,1,7/12/2011,2,Anton Larson Bay,Cobble point,1036,,,,Eelgrass,0,0,0,0,0,0,0,0,0,DAY
2011,1,7/13/2011,2,Anton Larson Bay,Cobble point,957,10.6,30.2,10.78,Eelgrass,10,2,5,3,1,0,0,0,0,DAY
2011,1,7/12/2011,2,Anton Larson Bay,Eelgrass patches,928,,,,Eelgrass,102,5,95,2,0,0,0,0,0,DAY
2011,1,7/13/2011,2,Anton Larson Bay,Eelgrass patches,1022,10.4,30.3,11.44,Eelgrass,100,20,50,30,0,0,1,0,0,DAY
2011,1,7/12/2011,2,Anton Larson Bay,Eelgrass point,959,,,,Eelgrass,400,64,200,136,0,0,0,0,0,DAY
2011,1,7/13/2011,2,Anton Larson Bay,Eelgrass point,930,10.2,30.4,11.05,Eelgrass,420,70,210,140,0,0,0,0,0,DAY
2011,1,7/12/2011,2,Anton Larson Bay,Laminaria #2,1107,,,,Laminaria,0,0,0,0,0,0,0,0,0,DAY
2011,1,7/13/2011,2,Anton Larson Bay,Laminaria #2,1140,11.2,11.02,30.3,Laminaria,0,0,0,0,0,0,0,0,0,DAY
2011,1,7/12/2011,2,Anton Larson Bay,Laminaria Point,1016,,,,Laminaria,1,0,1,0,0,0,0,0,0,DAY
2011,1,7/13/2011,2,Anton Larson Bay,Laminaria Point,914,10.2,30.4,11.05,Laminaria,2,1,0,1,0,0,0,0,0,DAY
2011,1,7/12/2011,2,Anton Larson Bay,White rock,908,,,,Bare,6,5,1,0,0,0,0,0,0,DAY
2011,1,7/13/2011,2,Anton Larson Bay,White rock,853,10.6,30.7,11.69,Bare,0,0,0,0,0,0,0,0,0,DAY
2011,1,7/12/2011,2,Anton Larson Bay,Wooden boat,1120,,,,Laminaria,0,0,0,0,0,0,0,0,0,DAY
2011,1,7/13/2011,2,Anton Larson Bay,Wooden boat,1100,11.2,11.22,30.3,Laminaria,0,0,0,0,0,0,0,0,0,DAY
2011,2,8/29/2011,1,Cook Bay,Bare North,1045,10.6,31.2,9.2,Bare,71,0,71,0,0,0,0,0,0,DAY
2011,2,8/29/2011,1,Cook Bay,Eelgrass North,1210,11.3,31.1,9.71,Eelgrass,183,18,165,0,0,0,12,0,0,DAY
2011,2,8/29/2011,1,Cook Bay,Eelgrass South,1239,10.5,30.9,9.3,Eelgrass,97,3,94,0,0,0,2,0,0,DAY
2011,2,8/29/2011,1,Cook Bay,Eelgrass West,1141,11.2,31,9.58,Eelgrass,95,11,84,0,0,0,0,0,0,DAY
2011,2,8/29/2011,1,Cook Bay,Laminaria East,923,10.3,31.3,8.87,Laminaria,173,0,173,0,0,0,0,0,0,DAY
2011,2,8/29/2011,1,Cook Bay,Laminaria North,1118,10.9,31.1,9.28,Laminaria,5,0,5,0,0,0,0,0,0,DAY
2011,2,8/29/2011,1,Cook Bay,Laminaria South,1011,10.3,31.2,9.06,Laminaria,45,0,45,0,0,0,0,0,0,DAY
2011,2,8/29/2011,1,Cook Bay,Middle cove,1310,10.4,31.1,9.31,Bare,0,0,0,0,0,0,0,0,0,DAY
2011,2,8/21/2011,2,Anton Larson Bay,Back Bay eelgrass,906,,,,Eelgrass,11,10,1,0,0,0,0,0,0,DAY
2011,2,8/22/2011,2,Anton Larson Bay,Back Bay eelgrass,910,11.7,29.8,10.92,Eelgrass,7,7,0,0,0,0,0,0,0,DAY
2011,2,8/21/2011,2,Anton Larson Bay,Cobble point,1027,,,,Eelgrass,4,0,4,0,0,0,0,0,0,DAY
2011,2,8/22/2011,2,Anton Larson Bay,Cobble point,1500,11.5,30.1,10.73,Eelgrass,11,7,3,1,0,0,0,0,0,DAY
2011,2,8/21/2011,2,Anton Larson Bay,Eelgrass patches,1119,,,,Eelgrass,0,0,0,0,0,0,0,0,0,DAY
2011,2,8/22/2011,2,Anton Larson Bay,Eelgrass patches,1546,11.6,28.3,10.79,Eelgrass,1,1,0,0,0,0,0,0,0,DAY
2011,2,8/21/2011,2,Anton Larson Bay,Eelgrass point,1055,,,,Eelgrass,9,0,9,0,0,0,0,0,0,DAY
2011,2,8/22/2011,2,Anton Larson Bay,Eelgrass point,1532,11.8,28.8,10.37,Eelgrass,0,0,0,0,0,0,0,0,0,DAY
2011,2,8/21/2011,2,Anton Larson Bay,Laminaria #2,937,,,,Laminaria,10,0,10,0,0,0,0,0,0,DAY
2011,2,8/22/2011,2,Anton Larson Bay,Laminaria #2,947,11.3,29.6,10.68,Laminaria,0,0,0,0,0,0,0,0,0,DAY
2011,2,8/21/2011,2,Anton Larson Bay,Laminaria Point,1040,,,,Laminaria,0,0,0,0,0,0,0,0,0,DAY
2011,2,8/22/2011,2,Anton Larson Bay,Laminaria Point,1517,11.8,28.8,10.37,Laminaria,0,0,0,0,0,0,0,0,0,DAY
2011,2,8/21/2011,2,Anton Larson Bay,White rock,959,,,,Bare,0,0,0,0,0,0,0,0,0,DAY
2011,2,8/22/2011,2,Anton Larson Bay,White rock,1438,11.2,30.1,10.03,Bare,0,0,0,0,0,0,0,0,0,DAY
2011,2,8/21/2011,2,Anton Larson Bay,Wooden boat,923,,,,Laminaria,0,0,0,0,0,0,0,0,0,DAY
2011,2,8/22/2011,2,Anton Larson Bay,Wooden boat,930,11.4,29.8,10.31,Laminaria,0,0,0,0,0,0,0,0,0,DAY
2012,1,7/18/2012,1,Cook Bay,Bare North,,10.3,31.5,12.62,Bare,21,0,21,0,0,0,0,0,0,DAY
2012,1,7/18/2012,1,Cook Bay,Eelgrass North,,9.9,31.4,12.58,Eelgrass,95,8,86,1,0,0,3,0,0,DAY
2012,1,7/18/2012,1,Cook Bay,Eelgrass South,,10.1,31,11.05,Eelgrass,492,52,440,0,0,0,5,0,0,DAY
2012,1,7/18/2012,1,Cook Bay,Eelgrass West,900,,,,Eelgrass,360,27,329,4,0,0,0,0,0,DAY
2012,1,7/18/2012,1,Cook Bay,Laminaria East,940,,,,Laminaria,1003,0,731,272,0,0,0,0,0,DAY
2012,1,7/18/2012,1,Cook Bay,Laminaria North,,10.6,31.5,12.76,Laminaria,35,0,35,0,0,0,2,0,0,DAY
2012,1,7/18/2012,1,Cook Bay,Laminaria South,1020,10.3,30.5,12.42,Laminaria,365,19,346,0,0,0,0,0,0,DAY
2012,1,7/18/2012,1,Cook Bay,Middle cove,,,,,Bare,1157,0,958,199,0,0,0,0,0,DAY
2012,1,7/13/2012,2,Anton Larson Bay,Back Bay eelgrass,1000,11.1,30.3,12,Eelgrass,3,3,0,0,0,0,0,0,0,DAY
2012,1,7/14/2012,2,Anton Larson Bay,Back Bay eelgrass,917,11.8,27,13.76,Eelgrass,0,0,0,0,0,0,0,0,0,DAY
2012,1,7/13/2012,2,Anton Larson Bay,Cobble point,1210,9.8,26.4,10.88,Eelgrass,548,0,482,66,0,0,0,0,0,DAY
2012,1,7/13/2012,2,Anton Larson Bay,Eelgrass patches,1305,10.5,28,12,Eelgrass,297,18,258,21,0,0,0,0,0,DAY
2012,1,7/13/2012,2,Anton Larson Bay,Eelgrass patches,1440,,,,Eelgrass,297,18,258,21,0,0,0,0,0,DAY
2012,1,7/15/2012,2,Anton Larson Bay,Eelgrass patches,1342,,,,Eelgrass,1,0,1,0,0,0,0,0,0,DAY
2012,1,7/13/2012,2,Anton Larson Bay,Eelgrass point,1330,10.9,26.5,12.05,Eelgrass,767,54,491,222,0,0,0,0,0,DAY
2012,1,7/14/2012,2,Anton Larson Bay,Eelgrass point,,10.2,20.5,13,Eelgrass,1393,65,1059,169,0,0,0,0,0,DAY
2012,1,7/13/2012,2,Anton Larson Bay,Laminaria #2,1018,10.7,30.4,12.92,Laminaria,459,0,455,4,0,0,0,0,0,DAY
2012,1,7/14/2012,2,Anton Larson Bay,Laminaria #2,,,,,Laminaria,340,0,340,0,0,0,0,0,0,DAY
2012,1,7/13/2012,2,Anton Larson Bay,Laminaria Point,1235,10.1,28.1,11.26,Laminaria,294,0,238,56,0,0,0,0,0,DAY
2012,1,7/14/2012,2,Anton Larson Bay,Laminaria Point,11,10.6,18,12.78,Laminaria,335,0,322,13,0,0,0,0,0,DAY
2012,1,7/13/2012,2,Anton Larson Bay,White rock,1130,9.2,30.7,10.33,Bare,4,0,3,1,0,0,0,0,0,DAY
2012,1,7/14/2012,2,Anton Larson Bay,White rock,,11.6,27.4,12.72,Bare,4,0,4,0,0,0,0,0,0,DAY
2012,1,7/13/2012,2,Anton Larson Bay,Wooden boat,920,10.5,28.5,11.54,Laminaria,0,0,0,0,0,0,0,0,0,DAY
2012,1,7/14/2012,2,Anton Larson Bay,Wooden boat,903,11.3,28,13,Laminaria,0,0,0,0,0,0,0,0,0,DAY
2012,2,8/29/2012,1,Cook Bay,Bare North,1119,10.7,31.5,11.95,Bare,47,11,36,0,0,0,0,0,0,DAY
2012,2,8/29/2012,1,Cook Bay,Eelgrass North,1200,10.8,31.5,12.28,Eelgrass,17,9,8,0,0,0,0,0,0,DAY
2012,2,8/29/2012,1,Cook Bay,Eelgrass South,1006,10.2,31.5,12.2,Eelgrass,194,11,183,0,0,0,1,0,0,DAY
2012,2,8/29/2012,1,Cook Bay,Eelgrass West,1222,10.5,31.5,12.4,Eelgrass,51,9,44,0,0,0,3,0,0,DAY
2012,2,8/29/2012,1,Cook Bay,Laminaria East,1038,10.3,31.5,11.75,Laminaria,63,2,61,0,0,0,0,0,0,DAY
2012,2,8/29/2012,1,Cook Bay,Laminaria North,1141,10.7,31.5,12.3,Laminaria,57,23,34,0,0,0,0,0,0,DAY
2012,2,8/29/2012,1,Cook Bay,Laminaria South,1252,10.2,31.4,11.6,Laminaria,31,1,30,0,0,0,0,0,0,DAY
2012,2,8/29/2012,1,Cook Bay,Middle cove,1100,10.5,31.5,11.95,Bare,121,0,121,0,0,0,0,0,0,DAY
2012,2,8/23/2012,2,Anton Larson Bay,Back Bay eelgrass,,,,,Eelgrass,58,23,35,0,0,0,0,0,0,DAY
2012,2,8/24/2012,2,Anton Larson Bay,Back Bay eelgrass,910,10.4,30.3,12.85,Eelgrass,55,10,45,0,0,0,0,0,0,DAY
2012,2,8/23/2012,2,Anton Larson Bay,Cobble point,1146,,,,Eelgrass,13,6,7,0,0,0,0,0,0,DAY
2012,2,8/24/2012,2,Anton Larson Bay,Cobble point,1125,9.8,30.6,12,Eelgrass,23,6,17,0,0,0,0,0,0,DAY
2012,2,8/23/2012,2,Anton Larson Bay,Eelgrass patches,1205,,,,Eelgrass,104,47,57,0,0,0,0,0,0,DAY
2012,2,8/24/2012,2,Anton Larson Bay,Eelgrass patches,1140,9.7,30.8,11.81,Eelgrass,35,25,10,0,0,0,0,0,0,DAY
2012,2,8/23/2012,2,Anton Larson Bay,Eelgrass point,1113,,,,Eelgrass,76,66,10,0,0,0,0,0,0,DAY
2012,2,8/24/2012,2,Anton Larson Bay,Eelgrass point,1100,9.9,30.8,12.2,Eelgrass,28,13,13,2,0,0,0,0,0,DAY
2012,2,8/23/2012,2,Anton Larson Bay,Laminaria #2,,,,,Laminaria,9,0,9,0,0,0,0,0,0,DAY
2012,2,8/24/2012,2,Anton Larson Bay,Laminaria #2,1001,10.2,30.5,12.48,Laminaria,30,1,29,0,0,0,0,0,0,DAY
2012,2,8/23/2012,2,Anton Larson Bay,Laminaria Point,1047,,,,Laminaria,14,1,13,0,0,0,0,0,0,DAY
2012,2,8/24/2012,2,Anton Larson Bay,Laminaria Point,1030,9.5,30.8,11.6,Laminaria,52,6,45,1,0,0,0,0,0,DAY
2012,2,8/23/2012,2,Anton Larson Bay,White rock,1235,,,,Bare,1,0,1,0,0,0,0,0,0,DAY
2012,2,8/24/2012,2,Anton Larson Bay,White rock,1205,10.1,30.4,12.85,Bare,0,0,0,0,0,0,0,0,0,DAY
2012,2,8/23/2012,2,Anton Larson Bay,Wooden boat,,,,,Laminaria,3,0,3,0,0,0,0,0,0,DAY
2012,2,8/24/2012,2,Anton Larson Bay,Wooden boat,940,10,30.6,12.25,Laminaria,4,0,4,0,0,0,0,0,0,DAY
2013,1,7/25/2013,1,Cook Bay,Bare North,,11,31.2,12.6,Bare,0,0,0,0,0,0,0,0,0,DAY
2013,1,7/26/2013,1,Cook Bay,Bare North,,11.2,31.3,12.38,Bare,0,0,0,0,0,0,0,0,0,DAY
2013,1,7/25/2013,1,Cook Bay,Eelgrass North,,12.4,30.3,12.42,Eelgrass,0,0,0,0,0,0,4,0,0,DAY
2013,1,7/26/2013,1,Cook Bay,Eelgrass North,,11.1,31,12.66,Eelgrass,0,0,0,0,0,0,0,0,0,DAY
2013,1,7/25/2013,1,Cook Bay,Eelgrass South,,10.8,31.1,12.6,Eelgrass,183,7,150,16,0,0,35,0,0,DAY
2013,1,7/26/2013,1,Cook Bay,Eelgrass South,,12,30.9,12.18,Eelgrass,223,2,85,136,2,0,20,0,0,DAY
2013,1,7/25/2013,1,Cook Bay,Eelgrass West,,12.5,31.2,12.63,Eelgrass,209,0,53,156,0,0,1,0,0,DAY
2013,1,7/26/2013,1,Cook Bay,Eelgrass West,,12,31.4,12.32,Eelgrass,19,1,18,0,0,0,5,0,0,DAY
2013,1,7/25/2013,1,Cook Bay,Laminaria East,,10.7,31,12.37,Laminaria,0,0,0,0,0,0,0,0,0,DAY
2013,1,7/26/2013,1,Cook Bay,Laminaria East,,10.5,31.3,12.36,Laminaria,0,0,0,0,4,0,0,0,0,DAY
2013,1,7/25/2013,1,Cook Bay,Laminaria North,,11.5,31.2,12.84,Laminaria,0,0,0,0,0,0,0,0,0,DAY
2013,1,7/26/2013,1,Cook Bay,Laminaria North,,11.1,31.3,12.63,Laminaria,0,0,0,0,1,0,0,0,0,DAY
2013,1,7/25/2013,1,Cook Bay,Laminaria South,,10.9,31.3,12.63,Laminaria,0,0,0,0,0,0,0,0,0,DAY
2013,1,7/26/2013,1,Cook Bay,Laminaria South,,11.3,31.2,12.25,Laminaria,0,0,0,0,0,0,0,0,0,DAY
2013,1,7/26/2013,1,Cook Bay,Middle cove,,10.9,31.2,12.44,Bare,0,0,0,0,0,0,1,0,0,DAY
2013,1,7/23/2013,2,Anton Larson Bay,Back Bay eelgrass,,13.8,30.2,12.58,Eelgrass,0,0,0,0,0,0,28,0,0,DAY
2013,1,7/24/2013,2,Anton Larson Bay,Back Bay eelgrass,,14.1,30,12.86,Eelgrass,0,0,0,0,0,0,15,0,0,DAY
2013,1,7/23/2013,2,Anton Larson Bay,Cobble point,,12,30,12.52,Eelgrass,11,0,11,0,2,0,2,0,0,DAY
2013,1,7/24/2013,2,Anton Larson Bay,Cobble point,,11.7,30.4,12.99,Eelgrass,4,1,3,0,1,0,2,0,0,DAY
2013,1,7/23/2013,2,Anton Larson Bay,Eelgrass patches,,11.8,30.4,12.13,Eelgrass,0,0,0,0,12,0,3,0,0,DAY
2013,1,7/24/2013,2,Anton Larson Bay,Eelgrass patches,,10.8,30.4,12.21,Eelgrass,1,0,1,0,5,0,7,0,0,DAY
2013,1,7/23/2013,2,Anton Larson Bay,Eelgrass point,,11.5,30.2,12.04,Eelgrass,47,4,43,0,5,0,0,0,0,DAY
2013,1,7/24/2013,2,Anton Larson Bay,Eelgrass point,,11,30.1,11.7,Eelgrass,13,2,11,0,5,0,9,0,0,DAY
2013,1,7/23/2013,2,Anton Larson Bay,Laminaria #2,,12.8,29.8,12.92,Laminaria,0,0,0,0,0,0,0,0,0,DAY
2013,1,7/24/2013,2,Anton Larson Bay,Laminaria #2,,13.2,30.1,12.65,Laminaria,0,0,0,0,0,0,0,0,0,DAY
2013,1,7/23/2013,2,Anton Larson Bay,Laminaria Point,,11.8,29.7,11.46,Laminaria,0,0,0,0,4,0,0,0,0,DAY
2013,1,7/24/2013,2,Anton Larson Bay,Laminaria Point,,10.7,30.6,11.77,Laminaria,2,0,2,0,5,0,0,0,0,DAY
2013,1,7/23/2013,2,Anton Larson Bay,White rock,,13.1,30.1,12.95,Bare,0,0,0,0,0,0,0,0,0,DAY
2013,1,7/24/2013,2,Anton Larson Bay,White rock,,13,30,12.33,Bare,0,0,0,0,0,0,0,0,0,DAY
2013,1,7/23/2013,2,Anton Larson Bay,Wooden boat,,12.9,30,12.78,Laminaria,0,0,0,0,0,0,0,0,0,DAY
2013,1,7/24/2013,2,Anton Larson Bay,Wooden boat,,12.6,30.2,12.65,Laminaria,0,0,0,0,1,0,0,0,0,DAY
2013,2,8/28/2013,1,Cook Bay,Bare North,,10.1,31.3,11.74,Bare,9,1,8,0,0,0,0,0,0,DAY
2013,2,8/30/2013,1,Cook Bay,Bare North,,10.4,31,10.52,Bare,24,2,22,0,0,0,0,0,0,DAY
2013,2,8/28/2013,1,Cook Bay,Eelgrass North,,10.2,31.2,12.93,Eelgrass,26,22,6,0,0,0,0,0,0,DAY
2013,2,8/30/2013,1,Cook Bay,Eelgrass North,,10.1,31,9.9,Eelgrass,4,4,0,0,0,0,0,0,0,DAY
2013,2,8/28/2013,1,Cook Bay,Eelgrass South,,10.4,31.3,13.93,Eelgrass,32,2,30,0,1,0,23,0,0,DAY
2013,2,8/30/2013,1,Cook Bay,Eelgrass South,,11.4,27.2,9.66,Eelgrass,48,6,42,0,1,0,14,0,0,DAY
2013,2,8/28/2013,1,Cook Bay,Eelgrass West,,10.7,31.1,12.62,Eelgrass,28,9,19,0,4,0,92,0,0,DAY
2013,2,8/30/2013,1,Cook Bay,Eelgrass West,,11.4,30.9,11.58,Eelgrass,20,3,17,0,1,0,4,0,0,DAY
2013,2,8/28/2013,1,Cook Bay,Laminaria East,,10.2,31.4,13.19,Laminaria,17,0,17,0,1,0,0,0,0,DAY
2013,2,8/30/2013,1,Cook Bay,Laminaria East,,10.3,31,11.58,Laminaria,11,0,11,0,0,0,0,0,0,DAY
2013,2,8/28/2013,1,Cook Bay,Laminaria North,,10.2,30.9,12.34,Laminaria,6,0,6,0,0,0,0,0,0,DAY
2013,2,8/30/2013,1,Cook Bay,Laminaria North,,10.2,31.1,10.43,Laminaria,0,0,0,0,0,0,0,0,0,DAY
2013,2,8/28/2013,1,Cook Bay,Laminaria South,,10.1,31.3,13.31,Laminaria,18,0,17,1,3,0,0,0,0,DAY
2013,2,8/30/2013,1,Cook Bay,Laminaria South,,10.9,28.7,9.77,Laminaria,33,0,33,0,0,0,0,0,0,DAY
2013,2,8/28/2013,1,Cook Bay,Middle cove,,10.1,31.4,11.79,Bare,5,0,5,0,0,0,0,0,0,DAY
2013,2,8/30/2013,1,Cook Bay,Middle cove,,10.2,31.1,10.48,Bare,1,0,1,0,0,0,0,0,0,DAY
2013,2,8/27/2013,2,Anton Larson Bay,Back Bay eelgrass,,10.8,30.3,11.85,Eelgrass,0,0,0,0,0,0,5,0,0,DAY
2013,2,8/29/2013,2,Anton Larson Bay,Back Bay eelgrass,,10.9,28,11.3,Eelgrass,2,2,0,0,0,0,11,0,0,DAY
2013,2,8/27/2013,2,Anton Larson Bay,Cobble point,,10.3,30.5,12.22,Eelgrass,13,0,7,6,0,0,5,0,0,DAY
2013,2,8/29/2013,2,Anton Larson Bay,Cobble point,,10.9,30,12.31,Eelgrass,1,0,1,0,3,0,7,0,0,DAY
2013,2,8/27/2013,2,Anton Larson Bay,Eelgrass patches,,11.6,29.9,11.81,Eelgrass,0,0,0,0,10,0,1,0,0,DAY
2013,2,8/29/2013,2,Anton Larson Bay,Eelgrass patches,,,,,Eelgrass,0,0,0,0,8,0,4,0,0,DAY
2013,2,8/27/2013,2,Anton Larson Bay,Eelgrass point,,11,29.9,11.81,Eelgrass,2,0,0,0,0,0,15,0,0,DAY
2013,2,8/29/2013,2,Anton Larson Bay,Eelgrass point,,10.2,29.1,11.02,Eelgrass,9,8,0,1,0,0,23,6,0,DAY
2013,2,8/27/2013,2,Anton Larson Bay,Laminaria #2,,10.9,29.9,11.6,Laminaria,0,0,0,0,0,0,0,0,0,DAY
2013,2,8/29/2013,2,Anton Larson Bay,Laminaria #2,,10.1,29.9,10.63,Laminaria,0,0,0,0,0,0,0,0,0,DAY
2013,2,8/27/2013,2,Anton Larson Bay,Laminaria Point,,11,29.9,11.97,Laminaria,0,0,0,0,3,0,0,0,0,DAY
2013,2,8/29/2013,2,Anton Larson Bay,Laminaria Point,,9.7,29.7,10.98,Laminaria,0,0,0,0,0,0,0,0,0,DAY
2013,2,8/27/2013,2,Anton Larson Bay,White rock,,11.4,29.3,12.04,Bare,0,0,0,0,0,0,0,0,0,DAY
2013,2,8/29/2013,2,Anton Larson Bay,White rock,,11.4,27.4,10.86,Bare,0,0,0,0,0,0,0,0,0,DAY
2013,2,8/27/2013,2,Anton Larson Bay,Wooden boat,,10.8,30.3,11.85,Laminaria,0,0,0,0,1,0,3,0,0,DAY
2013,2,8/29/2013,2,Anton Larson Bay,Wooden boat,,11,28.8,10.9,Laminaria,0,0,0,0,0,0,0,0,0,DAY
2014,1,7/19/2014,1,Cook Bay,Bare North,,,,,Bare,0,0,0,0,0,0,0,0,0,DAY
2014,1,7/22/2014,1,Cook Bay,Bare North,,12.2,31.9,10.8,Bare,0,0,0,0,0,0,0,0,0,DAY
2014,1,7/19/2014,1,Cook Bay,Eelgrass North,1305,,,,Eelgrass,1,1,0,0,0,0,0,0,0,DAY
2014,1,7/22/2014,1,Cook Bay,Eelgrass North,1014,12.4,31.7,11.05,Eelgrass,0,0,0,0,0,0,0,0,0,DAY
2014,1,7/19/2014,1,Cook Bay,Eelgrass South,,,,,Eelgrass,5,2,2,1,0,0,1,16,0,DAY
2014,1,7/22/2014,1,Cook Bay,Eelgrass South,,12.6,31.6,10.9,Eelgrass,8,8,0,0,0,0,0,3,0,DAY
2014,1,7/19/2014,1,Cook Bay,Eelgrass West,,,,,Eelgrass,0,0,0,0,0,0,4,18,0,DAY
2014,1,7/22/2014,1,Cook Bay,Eelgrass West,1204,12.5,31.9,11.49,Eelgrass,0,0,0,0,0,0,0,2,0,DAY
2014,1,7/19/2014,1,Cook Bay,Laminaria East,,,,,Laminaria,0,0,0,0,0,0,0,0,0,DAY
2014,1,7/22/2014,1,Cook Bay,Laminaria East,1125,12,31.9,10.61,Laminaria,0,0,0,0,0,0,0,0,0,DAY
2014,1,7/19/2014,1,Cook Bay,Laminaria North,,,,,Laminaria,0,0,0,0,0,0,0,0,0,DAY
2014,1,7/22/2014,1,Cook Bay,Laminaria North,1034,12.1,31.9,11.6,Laminaria,0,0,0,0,0,0,0,0,0,DAY
2014,1,7/19/2014,1,Cook Bay,Laminaria South,,,,,Laminaria,256,7,152,97,0,0,0,0,0,DAY
2014,1,7/22/2014,1,Cook Bay,Laminaria South,,12.9,31.8,10.44,Laminaria,5,0,5,0,0,0,0,0,0,DAY
2014,1,7/19/2014,1,Cook Bay,Middle cove,,,,,Bare,0,0,0,0,0,0,0,0,0,DAY
2014,1,7/22/2014,1,Cook Bay,Middle cove,1118,11.8,31.8,10.65,Bare,0,0,0,0,0,0,0,0,0,DAY
2014,1,7/16/2014,2,Anton Larson Bay,Back Bay eelgrass,917,11.8,28.8,10.23,Eelgrass,0,0,0,0,0,0,0,0,0,DAY
2014,1,7/17/2014,2,Anton Larson Bay,Back Bay eelgrass,914,,,,Eelgrass,0,0,0,0,0,0,0,8,0,DAY
2014,1,7/16/2014,2,Anton Larson Bay,Cobble point,1300,10.2,31.3,12.68,Eelgrass,35,0,32,3,0,0,0,0,0,DAY
2014,1,7/17/2014,2,Anton Larson Bay,Cobble point,,,,,Eelgrass,11,2,9,0,0,0,0,0,0,DAY
2014,1,7/16/2014,2,Anton Larson Bay,Eelgrass patches,,11.6,30,11.98,Eelgrass,17,8,6,3,0,0,0,0,0,DAY
2014,1,7/17/2014,2,Anton Larson Bay,Eelgrass patches,,,,,Eelgrass,33,6,19,8,0,0,0,0,0,DAY
2014,1,7/16/2014,2,Anton Larson Bay,Eelgrass point,,11.8,30.7,12.06,Eelgrass,36,21,14,1,2,0,0,3,0,DAY
2014,1,7/17/2014,2,Anton Larson Bay,Eelgrass point,,,,,Eelgrass,47,15,24,8,0,0,0,1,0,DAY
2014,1,7/16/2014,2,Anton Larson Bay,Laminaria #2,1022,11.1,30.6,10.48,Laminaria,0,0,0,0,0,0,0,1,0,DAY
2014,1,7/17/2014,2,Anton Larson Bay,Laminaria #2,,,,,Laminaria,0,0,0,0,0,0,0,8,0,DAY
2014,1,7/16/2014,2,Anton Larson Bay,Laminaria Point,,11.7,30.7,12.13,Laminaria,92,1,86,5,0,0,0,0,0,DAY
2014,1,7/17/2014,2,Anton Larson Bay,Laminaria Point,,,,,Laminaria,1,0,0,1,0,0,0,0,0,DAY
2014,1,7/16/2014,2,Anton Larson Bay,White rock,1118,10.5,31.1,11.86,Bare,0,0,0,0,0,0,0,0,0,DAY
2014,1,7/17/2014,2,Anton Larson Bay,White rock,1038,,,,Bare,2,1,1,0,0,0,0,0,0,DAY
2014,1,7/16/2014,2,Anton Larson Bay,Wooden boat,947,11.1,30.5,11.64,Laminaria,0,0,0,0,0,0,0,0,0,DAY
2014,1,7/17/2014,2,Anton Larson Bay,Wooden boat,936,,,,Laminaria,0,0,0,0,0,0,0,3,0,DAY
2014,2,8/22/2014,1,Cook Bay,Bare North,,,,,Bare,0,0,0,0,0,0,0,0,0,DAY
2014,2,8/23/2014,1,Cook Bay,Bare North,,12.3,31.6,9.01,Bare,0,0,0,0,0,0,0,0,0,DAY
2014,2,8/22/2014,1,Cook Bay,Eelgrass North,,,,,Eelgrass,32,32,0,0,0,0,0,14,0,DAY
2014,2,8/23/2014,1,Cook Bay,Eelgrass North,,12.3,31.6,8.94,Eelgrass,17,17,0,0,0,0,0,7,0,DAY
2014,2,8/22/2014,1,Cook Bay,Eelgrass South,,,,,Eelgrass,51,29,22,0,0,0,0,18,0,DAY
2014,2,8/23/2014,1,Cook Bay,Eelgrass South,,12.1,31.3,8.78,Eelgrass,12,6,6,0,0,0,1,0,0,DAY
2014,2,8/22/2014,1,Cook Bay,Eelgrass West,,,,,Eelgrass,6,6,0,0,0,0,0,1,0,DAY
2014,2,8/23/2014,1,Cook Bay,Eelgrass West,,12.6,31.5,9.58,Eelgrass,65,57,7,1,0,0,0,2,0,DAY
2014,2,8/22/2014,1,Cook Bay,Laminaria East,1430,,,,Laminaria,0,0,0,0,0,0,0,0,0,DAY
2014,2,8/23/2014,1,Cook Bay,Laminaria East,,11.9,31.6,9.05,Laminaria,2,0,2,0,0,0,0,0,0,DAY
2014,2,8/22/2014,1,Cook Bay,Laminaria North,,,,,Laminaria,0,0,0,0,0,0,0,0,0,DAY
2014,2,8/23/2014,1,Cook Bay,Laminaria North,,12.2,31.6,8.89,Laminaria,0,0,0,0,0,0,0,0,0,DAY
2014,2,8/22/2014,1,Cook Bay,Laminaria South,,,,,Laminaria,4,0,4,0,0,0,0,0,0,DAY
2014,2,8/23/2014,1,Cook Bay,Laminaria South,,12.1,31.2,9.54,Laminaria,7,1,6,0,0,0,0,0,0,DAY
2014,2,8/22/2014,1,Cook Bay,Middle cove,,,,,Bare,0,0,0,0,0,0,0,0,0,DAY
2014,2,8/23/2014,1,Cook Bay,Middle cove,,12.1,31.5,9.43,Bare,0,0,0,0,0,4,0,1,0,DAY
2014,2,8/20/2014,2,Anton Larson Bay,Back Bay eelgrass,930,12.7,31.1,12.06,Eelgrass,15,15,0,0,0,0,0,6,0,DAY
2014,2,8/21/2014,2,Anton Larson Bay,Back Bay eelgrass,,,,,Eelgrass,6,6,0,0,0,0,0,2,0,DAY
2014,2,8/20/2014,2,Anton Larson Bay,Cobble point,,12.4,30.4,11.6,Eelgrass,4,4,0,0,0,0,0,4,0,DAY
2014,2,8/21/2014,2,Anton Larson Bay,Cobble point,,,,,Eelgrass,1,1,0,0,0,0,0,0,0,DAY
2014,2,8/20/2014,2,Anton Larson Bay,Eelgrass patches,,12.4,30.8,12.6,Eelgrass,11,8,3,0,0,0,0,4,0,DAY
2014,2,8/21/2014,2,Anton Larson Bay,Eelgrass patches,,,,,Eelgrass,19,16,3,0,0,0,0,2,0,DAY
2014,2,8/20/2014,2,Anton Larson Bay,Eelgrass point,,12,30.2,11.04,Eelgrass,5,5,0,0,0,0,0,31,0,DAY
2014,2,8/21/2014,2,Anton Larson Bay,Eelgrass point,,,,,Eelgrass,42,42,0,0,0,0,0,32,0,DAY
2014,2,8/20/2014,2,Anton Larson Bay,Laminaria #2,,13.4,30.7,11.3,Laminaria,3,0,3,0,0,0,0,0,0,DAY
2014,2,8/21/2014,2,Anton Larson Bay,Laminaria #2,,,,,Laminaria,0,0,0,0,0,0,0,0,0,DAY
2014,2,8/20/2014,2,Anton Larson Bay,Laminaria Point,,11.9,30.8,11.42,Laminaria,0,0,0,0,0,0,0,0,0,DAY
2014,2,8/21/2014,2,Anton Larson Bay,Laminaria Point,,,,,Laminaria,0,0,0,0,0,0,0,2,0,DAY
2014,2,8/20/2014,2,Anton Larson Bay,White rock,,13.6,30.6,12.1,Bare,0,0,0,0,0,0,0,0,0,DAY
2014,2,8/21/2014,2,Anton Larson Bay,White rock,,,,,Bare,0,0,0,0,0,0,0,0,0,DAY
2014,2,8/20/2014,2,Anton Larson Bay,Wooden boat,1010,12,30.7,11.6,Laminaria,0,0,0,0,0,0,0,0,0,DAY
2014,2,8/21/2014,2,Anton Larson Bay,Wooden boat,1505,,,,Laminaria,0,0,0,0,0,0,0,0,0,DAY
2015,1,7/12/2015,1,Cook Bay,Bare North,1300,12.7,31.6,9.55,Bare,0,0,0,0,0,0,0,0,0,DAY
2015,1,7/15/2015,1,Cook Bay,Bare North,,,,,Bare,0,0,0,0,0,0,0,0,0,DAY
2015,1,7/12/2015,1,Cook Bay,Eelgrass North,910,13.2,31.8,8.87,Eelgrass,1,1,0,0,0,0,0,0,0,DAY
2015,1,7/15/2015,1,Cook Bay,Eelgrass North,1225,,,,Eelgrass,0,0,0,0,0,0,0,0,0,DAY
2015,1,7/12/2015,1,Cook Bay,Eelgrass South,1215,10.7,31.7,9.58,Eelgrass,1,0,1,0,1,2,1,40,0,DAY
2015,1,7/15/2015,1,Cook Bay,Eelgrass South,1415,,,,Eelgrass,3,3,0,0,0,4,0,40,0,DAY
2015,1,7/12/2015,1,Cook Bay,Eelgrass West,1045,12.6,31.7,9.53,Eelgrass,0,0,0,0,0,0,0,5,0,DAY
2015,1,7/15/2015,1,Cook Bay,Eelgrass West,,,,,Eelgrass,0,0,0,0,0,0,0,18,0,DAY
2015,1,7/12/2015,1,Cook Bay,Laminaria East,1020,11,31.7,10.3,Laminaria,2,0,2,0,0,0,0,0,0,DAY
2015,1,7/15/2015,1,Cook Bay,Laminaria East,1320,,,,Laminaria,0,0,2,0,0,0,0,0,0,DAY
2015,1,7/12/2015,1,Cook Bay,Laminaria North,930,12.8,31.7,9.38,Laminaria,0,0,0,0,0,0,0,0,0,DAY
2015,1,7/15/2015,1,Cook Bay,Laminaria North,1252,,,,Laminaria,0,0,0,0,0,0,0,0,0,DAY
2015,1,7/12/2015,1,Cook Bay,Laminaria South,1130,10.7,31.7,9.39,Laminaria,0,0,0,0,0,0,0,0,0,DAY
2015,1,7/15/2015,1,Cook Bay,Laminaria South,,,,,Laminaria,0,0,0,0,0,0,0,0,0,DAY
2015,1,7/12/2015,1,Cook Bay,Middle cove,955,11.9,31.5,10.2,Bare,0,0,0,0,0,0,0,0,0,DAY
2015,1,7/15/2015,1,Cook Bay,Middle cove,,,,,Bare,0,0,0,0,0,0,0,0,0,DAY
2015,1,7/11/2015,2,Anton Larson Bay,Back Bay eelgrass,1015,12,31.1,10.64,Eelgrass,0,0,0,0,0,0,0,0,0,DAY
2015,1,7/16/2015,2,Anton Larson Bay,Back Bay eelgrass,,,,,Eelgrass,13,13,0,0,0,0,0,0,0,DAY
2015,1,7/11/2015,2,Anton Larson Bay,Cobble point,1220,11.6,31,10.38,Eelgrass,0,0,0,0,0,0,0,0,0,DAY
2015,1,7/16/2015,2,Anton Larson Bay,Cobble point,,,,,Eelgrass,0,0,0,0,0,0,0,1,0,DAY
2015,1,7/11/2015,2,Anton Larson Bay,Eelgrass patches,1445,11.5,31.1,11.03,Eelgrass,0,0,0,0,0,0,20,20,0,DAY
2015,1,7/16/2015,2,Anton Larson Bay,Eelgrass patches,,,,,Eelgrass,0,0,0,0,0,0,1,0,0,DAY
2015,1,7/11/2015,2,Anton Larson Bay,Eelgrass point,,10.7,30.7,10.21,Eelgrass,0,0,0,0,0,0,14,27,0,DAY
2015,1,7/16/2015,2,Anton Larson Bay,Eelgrass point,,,,,Eelgrass,0,0,0,0,0,0,2,2,0,DAY
2015,1,7/11/2015,2,Anton Larson Bay,Laminaria #2,,11.1,31.4,9.98,Laminaria,0,0,0,0,0,0,0,0,0,DAY
2015,1,7/16/2015,2,Anton Larson Bay,Laminaria #2,,,,,Laminaria,1,1,0,0,0,0,2,1,0,DAY
2015,1,7/11/2015,2,Anton Larson Bay,Laminaria Point,1417,10.7,30.6,9.87,Laminaria,0,0,0,0,0,0,0,0,0,DAY
2015,1,7/16/2015,2,Anton Larson Bay,Laminaria Point,,,,,Laminaria,0,0,0,0,0,0,0,1,0,DAY
2015,1,7/11/2015,2,Anton Larson Bay,White rock,1130,11.6,31.2,10.58,Bare,0,0,0,0,0,0,0,0,0,DAY
2015,1,7/16/2015,2,Anton Larson Bay,White rock,,,,,Bare,0,0,0,0,0,0,0,0,0,DAY
2015,1,7/11/2015,2,Anton Larson Bay,Wooden boat,1045,11.9,31.1,10.16,Laminaria,0,0,0,0,0,0,0,0,0,DAY
2015,1,7/16/2015,2,Anton Larson Bay,Wooden boat,,,,,Laminaria,0,0,0,0,0,0,0,0,0,DAY
2015,2,8/26/2015,1,Cook Bay,Bare North,,13.7,31.4,7.6,Bare,0,0,0,0,0,0,0,0,0,DAY
2015,2,8/26/2015,1,Cook Bay,Eelgrass North,,14.3,31.4,7.6,Eelgrass,39,39,0,0,0,0,0,0,0,DAY
2015,2,8/26/2015,1,Cook Bay,Eelgrass South,,12.6,31.2,8.25,Eelgrass,23,19,4,0,0,0,0,0,0,DAY
2015,2,8/26/2015,1,Cook Bay,Eelgrass West,,14.2,31.4,7.8,Eelgrass,0,0,0,0,0,0,0,1,0,DAY
2015,2,8/26/2015,1,Cook Bay,Laminaria East,,13.4,31.4,8.01,Laminaria,0,0,0,0,0,0,0,0,0,DAY
2015,2,8/26/2015,1,Cook Bay,Laminaria North,,14.2,31.4,7.78,Laminaria,0,0,0,0,0,0,0,0,0,DAY
2015,2,8/26/2015,1,Cook Bay,Laminaria South,,12.7,31.3,8.25,Laminaria,0,0,0,0,0,0,0,0,0,DAY
2015,2,8/26/2015,1,Cook Bay,Middle cove,,13.6,31.4,8.52,Bare,80,0,76,4,0,0,0,0,0,DAY
2015,2,8/23/2015,2,Anton Larson Bay,Back Bay eelgrass,,12.8,30.9,8.38,Eelgrass,15,15,0,0,0,0,0,0,0,DAY
2015,2,8/22/2015,2,Anton Larson Bay,Cobble point,1052,12.1,31.3,9.02,Eelgrass,0,0,0,0,0,0,0,0,0,DAY
2015,2,8/23/2015,2,Anton Larson Bay,Cobble point,1215,12.4,31.2,8.98,Eelgrass,0,0,0,0,0,0,0,0,0,DAY
2015,2,8/22/2015,2,Anton Larson Bay,Eelgrass patches,,13.1,30.8,9.2,Eelgrass,0,0,0,0,0,0,0,0,0,DAY
2015,2,8/23/2015,2,Anton Larson Bay,Eelgrass patches,,13.2,31.1,8.68,Eelgrass,3,3,0,0,0,0,0,0,0,DAY
2015,2,8/22/2015,2,Anton Larson Bay,Eelgrass point,,12.1,31.3,8.92,Eelgrass,0,0,0,0,0,0,20,31,0,DAY
2015,2,8/23/2015,2,Anton Larson Bay,Eelgrass point,,12.4,31.2,8.85,Eelgrass,0,0,0,0,0,0,1,9,0,DAY
2015,2,8/23/2015,2,Anton Larson Bay,Laminaria #2,,12.6,31.2,8.7,Laminaria,0,0,0,0,0,0,0,0,0,DAY
2015,2,8/22/2015,2,Anton Larson Bay,Laminaria Point,,12,31.2,8.9,Laminaria,0,0,0,0,0,0,0,0,0,DAY
2015,2,8/23/2015,2,Anton Larson Bay,Laminaria Point,,12.3,31.2,8.86,Laminaria,0,0,0,0,0,0,0,0,0,DAY
2015,2,8/22/2015,2,Anton Larson Bay,White rock,1005,12.6,31.1,9.17,Bare,0,0,0,0,0,0,0,0,0,DAY
2015,2,8/23/2015,2,Anton Larson Bay,White rock,,12.3,31.2,8.73,Bare,0,0,0,0,0,0,0,0,0,DAY
2015,2,8/23/2015,2,Anton Larson Bay,Wooden boat,,12.7,31.2,8.61,Laminaria,0,0,0,0,0,0,0,0,0,DAY
2016,1,7/15/2016,1,Cook Bay,Bare North,1240,13.7,31.8,11.09,Bare,0,0,0,0,0,0,0,0,0,DAY
2016,1,7/20/2016,1,Cook Bay,Bare North,,,,,Bare,2,2,0,0,0,0,0,0,0,DAY
2016,1,7/15/2016,1,Cook Bay,Eelgrass North,,14,31.6,10.01,Eelgrass,22,22,0,0,0,0,0,0,0,DAY
2016,1,7/20/2016,1,Cook Bay,Eelgrass North,,,,,Eelgrass,11,11,0,0,0,0,0,0,0,DAY
2016,1,7/15/2016,1,Cook Bay,Eelgrass South,,12.6,31.6,10.87,Eelgrass,8,4,3,1,0,0,0,0,0,DAY
2016,1,7/20/2016,1,Cook Bay,Eelgrass South,,,,,Eelgrass,29,7,21,1,0,0,0,4,0,DAY
2016,1,7/15/2016,1,Cook Bay,Eelgrass West,,15,31.7,10.46,Eelgrass,29,29,0,0,0,0,0,0,0,DAY
2016,1,7/20/2016,1,Cook Bay,Eelgrass West,,,,,Eelgrass,44,44,0,0,0,0,0,0,0,DAY
2016,1,7/15/2016,1,Cook Bay,Laminaria East,,12.9,31.7,11.06,Laminaria,41,0,39,2,0,0,0,0,0,DAY
2016,1,7/20/2016,1,Cook Bay,Laminaria East,1205,,,,Laminaria,0,0,0,0,0,0,0,0,0,DAY
2016,1,7/15/2016,1,Cook Bay,Laminaria North,,14,31.7,10.27,Laminaria,1,0,1,0,0,0,0,0,0,DAY
2016,1,7/20/2016,1,Cook Bay,Laminaria North,,,,,Laminaria,0,0,0,0,0,0,0,0,0,DAY
2016,1,7/15/2016,1,Cook Bay,Laminaria South,1500,12.9,31.6,10.38,Laminaria,0,0,0,0,0,0,0,0,0,DAY
2016,1,7/20/2016,1,Cook Bay,Laminaria South,,,,,Laminaria,0,0,0,0,0,0,0,0,0,DAY
2016,1,7/15/2016,1,Cook Bay,Middle cove,,12.9,31.6,10.16,Bare,4,0,4,0,0,0,0,0,0,DAY
2016,1,7/20/2016,1,Cook Bay,Middle cove,1500,,,,Bare,0,0,0,0,0,0,0,0,0,DAY
2016,1,7/16/2016,2,Anton Larson Bay,Back Bay eelgrass,,13.8,27,10.22,Eelgrass,20,20,0,0,0,0,0,0,0,DAY
2016,1,7/17/2016,2,Anton Larson Bay,Back Bay eelgrass,,,,,Eelgrass,3,3,0,0,0,0,0,0,0,DAY
2016,1,7/16/2016,2,Anton Larson Bay,Cobble point,1220,13.4,29.6,10.68,Eelgrass,12,9,3,0,0,0,0,0,0,DAY
2016,1,7/17/2016,2,Anton Larson Bay,Cobble point,,,,,Eelgrass,2,1,1,0,0,0,0,0,0,DAY
2016,1,7/16/2016,2,Anton Larson Bay,Eelgrass patches,,13,29.4,10.81,Eelgrass,21,11,3,7,0,0,0,0,0,DAY
2016,1,7/17/2016,2,Anton Larson Bay,Eelgrass patches,,,,,Eelgrass,15,11,0,4,0,0,0,0,0,DAY
2016,1,7/16/2016,2,Anton Larson Bay,Eelgrass point,,12.8,29.3,10.45,Eelgrass,1,1,0,0,0,0,0,4,0,DAY
2016,1,7/17/2016,2,Anton Larson Bay,Eelgrass point,1155,,,,Eelgrass,0,0,0,0,0,0,0,4,0,DAY
2016,1,7/16/2016,2,Anton Larson Bay,Laminaria #2,1050,13.4,27.1,9.87,Laminaria,0,0,0,0,0,0,0,0,0,DAY
2016,1,7/17/2016,2,Anton Larson Bay,Laminaria #2,1030,,,,Laminaria,1,0,1,0,0,0,0,0,0,DAY
2016,1,7/16/2016,2,Anton Larson Bay,Laminaria Point,,12.7,29.3,10.44,Laminaria,6,1,2,3,0,0,0,0,0,DAY
2016,1,7/17/2016,2,Anton Larson Bay,Laminaria Point,915,,,,Laminaria,0,0,0,0,0,0,0,0,0,DAY
2016,1,7/16/2016,2,Anton Larson Bay,White rock,,13.9,28.7,10.39,Bare,0,0,0,0,0,0,0,0,0,DAY
2016,1,7/17/2016,2,Anton Larson Bay,White rock,1340,,,,Bare,0,0,0,0,0,0,0,0,0,DAY
2016,1,7/16/2016,2,Anton Larson Bay,Wooden boat,950,13.5,27,9.86,Laminaria,2,0,2,0,0,0,0,0,0,DAY
2016,1,7/17/2016,2,Anton Larson Bay,Wooden boat,,,,,Laminaria,0,0,0,0,0,0,0,0,0,DAY
2017,1,7/15/2017,1,Cook Bay,Bare North,730,10.4,31.8,11.35,Bare,388,0,52,336,0,0,0,0,0,DAY
2017,1,7/17/2017,1,Cook Bay,Bare North,930,,,,Bare,216,1,0,215,0,0,0,0,0,DAY
2017,1,7/15/2017,1,Cook Bay,Eelgrass North,1425,10.6,32,11.95,Eelgrass,462,2,377,83,0,0,0,0,0,DAY
2017,1,7/17/2017,1,Cook Bay,Eelgrass North,1515,,,,Eelgrass,296,37,242,17,0,0,0,0,0,DAY
2017,1,7/15/2017,1,Cook Bay,Eelgrass South,1130,10.2,31.9,10.96,Eelgrass,778,0,709,69,0,0,0,0,0,DAY
2017,1,7/17/2017,1,Cook Bay,Eelgrass South,1320,,,,Eelgrass,482,7,374,101,0,0,0,0,0,DAY
2017,1,7/15/2017,1,Cook Bay,Eelgrass West,1500,11.4,31.6,12.85,Eelgrass,536,19,392,125,0,0,0,0,0,DAY
2017,1,7/17/2017,1,Cook Bay,Eelgrass West,1355,,,,Eelgrass,319,61,248,10,0,0,0,0,0,DAY
2017,1,7/15/2017,1,Cook Bay,Laminaria East,1230,10.8,32.2,10.99,Laminaria,4123,0,365,3758,0,0,0,0,0,DAY
2017,1,7/17/2017,1,Cook Bay,Laminaria East,1610,,,,Laminaria,930,0,271,659,0,0,0,0,0,DAY
2017,1,7/15/2017,1,Cook Bay,Laminaria North,1335,10.6,32.1,11.61,Laminaria,177,0,80,97,0,0,0,0,0,DAY
2017,1,7/17/2017,1,Cook Bay,Laminaria North,1430,,,,Laminaria,128,1,98,29,0,0,0,0,0,DAY
2017,1,7/15/2017,1,Cook Bay,Laminaria South,1045,10.1,32,10.89,Laminaria,931,0,331,600,0,0,0,0,0,DAY
2017,1,7/17/2017,1,Cook Bay,Laminaria South,1230,,,,Laminaria,505,0,417,88,0,0,0,0,0,DAY
2017,1,7/15/2017,1,Cook Bay,Middle cove,810,10.3,31.9,10.76,Bare,591,0,155,436,0,0,0,0,0,DAY
2017,1,7/17/2017,1,Cook Bay,Middle cove,1015,,,,Bare,796,1,184,611,0,0,0,0,0,DAY
2017,1,7/13/2017,2,Anton Larson Bay,Back Bay eelgrass,1345,14.1,28.4,12.9,Eelgrass,67,67,0,0,0,0,0,1,0,DAY
2017,1,7/14/2017,2,Anton Larson Bay,Back Bay eelgrass,1400,,,,Eelgrass,97,97,0,0,0,0,0,1,0,DAY
2017,1,7/13/2017,2,Anton Larson Bay,Cobble point,1110,11.3,30.4,12.95,Eelgrass,62,0,62,0,0,0,0,2,0,DAY
2017,1,7/14/2017,2,Anton Larson Bay,Cobble point,1035,,,,Eelgrass,3,0,0,3,0,0,0,26,0,DAY
2017,1,7/13/2017,2,Anton Larson Bay,Eelgrass patches,1015,12.1,29.3,12.63,Eelgrass,277,22,244,11,0,0,0,0,0,DAY
2017,1,7/14/2017,2,Anton Larson Bay,Eelgrass patches,1000,,,,Eelgrass,135,3,127,5,0,0,0,9,0,DAY
2017,1,7/13/2017,2,Anton Larson Bay,Eelgrass point,1225,10.9,30.5,13.51,Eelgrass,235,18,186,31,0,0,0,3,0,DAY
2017,1,7/14/2017,2,Anton Larson Bay,Eelgrass point,1140,,,,Eelgrass,148,31,116,1,0,0,0,9,0,DAY
2017,1,7/13/2017,2,Anton Larson Bay,Laminaria #2,1240,14.1,28.4,12.9,Laminaria,36,0,36,0,0,0,0,3,0,DAY
2017,1,7/14/2017,2,Anton Larson Bay,Laminaria #2,1245,,,,Laminaria,8,0,8,0,0,0,0,59,0,DAY
2017,1,7/13/2017,2,Anton Larson Bay,Laminaria Point,1145,10.4,30.4,13.44,Laminaria,73,8,56,9,1,0,0,2,0,DAY
2017,1,7/14/2017,2,Anton Larson Bay,Laminaria Point,1105,,,,Laminaria,238,0,143,95,0,0,0,3,0,DAY
2017,1,7/13/2017,2,Anton Larson Bay,White rock,1600,12.9,29.5,14.22,Bare,0,0,0,0,0,0,0,2,0,DAY
2017,1,7/14/2017,2,Anton Larson Bay,White rock,1605,,,,Bare,0,0,0,0,0,0,0,7,0,DAY
2017,1,7/13/2017,2,Anton Larson Bay,Wooden boat,1315,13.3,29.2,12.52,Laminaria,28,0,28,0,0,0,0,3,0,DAY
2017,1,7/14/2017,2,Anton Larson Bay,Wooden boat,1310,,,,Laminaria,20,3,17,0,0,0,0,4,0,DAY
2017,2,8/22/2017,1,Cook Bay,Bare North,,,,,Bare,48,9,39,0,0,0,0,0,0,DAY
2017,2,8/23/2017,1,Cook Bay,Bare North,,,,,Bare,,,22,0,0,0,,0,0,DAY
2017,2,8/22/2017,1,Cook Bay,Eelgrass North,,,,,Eelgrass,204,112,76,16,0,0,0,0,0,DAY
2017,2,8/23/2017,1,Cook Bay,Eelgrass North,,,,,Eelgrass,86,45,35,6,0,0,0,0,0,DAY
2017,2,8/22/2017,1,Cook Bay,Eelgrass South,,,,,Eelgrass,185,22,163,0,0,0,0,0,0,DAY
2017,2,8/23/2017,1,Cook Bay,Eelgrass South,,,,,Eelgrass,,,22,1,0,0,,0,0,DAY
2017,2,8/22/2017,1,Cook Bay,Eelgrass West,,,,,Eelgrass,93,20,73,0,0,0,0,0,0,DAY
2017,2,8/23/2017,1,Cook Bay,Eelgrass West,,,,,Eelgrass,30,16,13,1,0,0,1,0,0,DAY
2017,2,8/22/2017,1,Cook Bay,Laminaria East,,,,,Laminaria,214,2,212,1,0,0,0,0,0,DAY
2017,2,8/23/2017,1,Cook Bay,Laminaria East,,,,,Laminaria,,0,230,9,0,0,,0,0,DAY
2017,2,8/22/2017,1,Cook Bay,Laminaria North,,,,,Laminaria,3,0,3,0,0,0,0,0,0,DAY
2017,2,8/23/2017,1,Cook Bay,Laminaria North,,,,,Laminaria,0,0,0,0,0,0,0,0,0,DAY
2017,2,8/22/2017,1,Cook Bay,Laminaria South,,,,,Laminaria,110,0,110,0,0,0,0,0,0,DAY
2017,2,8/23/2017,1,Cook Bay,Laminaria South,,,,,Laminaria,,,3,0,0,0,,0,0,DAY
2017,2,8/22/2017,1,Cook Bay,Middle cove,,,,,Bare,20,3,17,0,0,0,0,0,0,DAY
2017,2,8/23/2017,1,Cook Bay,Middle cove,,,,,Bare,,,45,0,0,0,,0,0,DAY
2017,2,8/18/2017,2,Anton Larson Bay,Back Bay eelgrass,,,,,Eelgrass,32,23,9,0,0,0,0,0,0,DAY
2017,2,8/19/2017,2,Anton Larson Bay,Back Bay eelgrass,,,,,Eelgrass,19,18,1,0,0,0,0,0,0,DAY
2017,2,8/18/2017,2,Anton Larson Bay,Cobble point,,,,,Eelgrass,6,5,1,0,0,0,4,1,0,DAY
2017,2,8/19/2017,2,Anton Larson Bay,Cobble point,,,,,Eelgrass,29,16,13,0,0,0,0,3,0,DAY
2017,2,8/18/2017,2,Anton Larson Bay,Eelgrass patches,,,,,Eelgrass,0,0,0,0,0,0,0,0,0,DAY
2017,2,8/19/2017,2,Anton Larson Bay,Eelgrass patches,,,,,Eelgrass,18,7,11,0,0,0,1,0,0,DAY
2017,2,8/18/2017,2,Anton Larson Bay,Eelgrass point,,,,,Eelgrass,32,20,12,0,0,0,15,33,0,DAY
2017,2,8/19/2017,2,Anton Larson Bay,Eelgrass point,,,,,Eelgrass,30,26,4,0,0,0,0,8,0,DAY
2017,2,8/18/2017,2,Anton Larson Bay,Laminaria #2,,,,,Laminaria,1,0,1,0,0,0,0,0,0,DAY
2017,2,8/19/2017,2,Anton Larson Bay,Laminaria #2,,,,,Laminaria,0,0,0,0,0,0,1,1,0,DAY
2017,2,8/18/2017,2,Anton Larson Bay,Laminaria Point,,,,,Laminaria,2,1,1,0,0,0,0,0,0,DAY
2017,2,8/19/2017,2,Anton Larson Bay,Laminaria Point,,,,,Laminaria,0,0,0,0,0,0,0,0,0,DAY
2017,2,8/18/2017,2,Anton Larson Bay,White rock,,,,,Bare,0,0,0,0,0,0,0,0,0,DAY
2017,2,8/19/2017,2,Anton Larson Bay,White rock,,,,,Bare,5,1,4,0,0,0,1,1,0,DAY
2017,2,8/18/2017,2,Anton Larson Bay,Wooden boat,,,,,Laminaria,0,0,0,0,0,0,0,6,0,DAY
2017,2,8/19/2017,2,Anton Larson Bay,Wooden boat,,,,,Laminaria,7,0,7,0,0,0,9,8,0,DAY
2018,1,7/16/2018,1,Cook Bay,Bare North,1538,10.3,31.7,11.21,Bare,3,0,3,0,0,0,0,0,0,DAY
2018,1,7/17/2018,1,Cook Bay,Bare North,1525,10,31.7,11.61,Bare,7,0,7,0,0,0,0,0,0,DAY
2018,1,7/16/2018,1,Cook Bay,Eelgrass North,1502,10,31.7,7.15,Eelgrass,43,2,40,1,0,0,0,0,0,DAY
2018,1,7/17/2018,1,Cook Bay,Eelgrass North,1003,11.1,31.8,11.11,Eelgrass,101,7,55,39,0,0,0,0,0,DAY
2018,1,7/16/2018,1,Cook Bay,Eelgrass South,1404,10.9,30.9,11.59,Eelgrass,476,1,470,5,0,0,0,0,0,DAY
2018,1,7/17/2018,1,Cook Bay,Eelgrass South,1127,10,31.7,10.99,Eelgrass,528,0,391,137,0,0,0,0,0,DAY
2018,1,7/16/2018,1,Cook Bay,Eelgrass West,1335,11.5,31.9,11.91,Eelgrass,24,6,17,1,0,0,2,0,0,DAY
2018,1,7/17/2018,1,Cook Bay,Eelgrass West,1055,12.7,31.8,10.96,Eelgrass,30,4,26,0,0,0,1,0,0,DAY
2018,1,7/16/2018,1,Cook Bay,Laminaria East,1103,9.8,31.7,11.03,Laminaria,411,1,218,192,0,0,0,0,0,DAY
2018,1,7/17/2018,1,Cook Bay,Laminaria East,1200,10.2,31.8,11.52,Laminaria,4720,0,789,3931,0,0,0,0,0,DAY
2018,1,7/16/2018,1,Cook Bay,Laminaria North,1520,9.8,31.6,10.99,Laminaria,2,0,2,0,0,0,0,0,0,DAY
2018,1,7/17/2018,1,Cook Bay,Laminaria North,1030,10.4,32,12.02,Laminaria,27,0,20,7,0,0,0,0,0,DAY
2018,1,7/16/2018,1,Cook Bay,Laminaria South,1430,10.4,31.3,11.02,Laminaria,283,0,203,80,0,0,0,0,0,DAY
2018,1,7/17/2018,1,Cook Bay,Laminaria South,1429,10.3,31.6,11.82,Laminaria,254,0,219,35,0,0,0,0,0,DAY
2018,1,7/16/2018,1,Cook Bay,Middle cove,957,9.7,31.8,10.83,Bare,2822,0,363,2459,0,0,0,0,0,DAY
2018,1,7/17/2018,1,Cook Bay,Middle cove,1546,10.3,31.8,11.44,Bare,7,0,7,0,0,0,0,0,0,DAY
2018,1,7/15/2018,2,Anton Larson Bay,Back Bay eelgrass,1400,11.3,11.88,31.1,Eelgrass,47,47,0,0,0,0,5,0,0,DAY
2018,1,7/18/2018,2,Anton Larson Bay,Back Bay eelgrass,948,11.7,31.3,11.24,Eelgrass,25,25,0,0,0,0,1,0,0,DAY
2018,1,7/15/2018,2,Anton Larson Bay,Cobble point,955,10,31.1,12.22,Eelgrass,44,5,11,28,0,0,0,0,0,DAY
2018,1,7/18/2018,2,Anton Larson Bay,Cobble point,1449,10.5,31,11.25,Bare,15,0,6,9,0,0,0,0,0,DAY
2018,1,7/15/2018,2,Anton Larson Bay,Eelgrass patches,1239,10,31,11.49,Eelgrass,5,1,1,3,0,0,1,0,0,DAY
2018,1,7/18/2018,2,Anton Larson Bay,Eelgrass patches,1433,11.4,31.1,11.95,Eelgrass,5,2,3,0,0,0,4,0,0,DAY
2018,1,7/15/2018,2,Anton Larson Bay,Eelgrass point,831,9.9,31,11.13,Eelgrass,114,8,4,102,0,0,1,0,0,DAY
2018,1,7/18/2018,2,Anton Larson Bay,Eelgrass point,1303,12.4,30.6,11.49,Eelgrass,87,6,32,49,0,0,2,0,0,DAY
2018,1,7/15/2018,2,Anton Larson Bay,Laminaria #2,1310,10.6,32.5,11.24,Laminaria,0,0,0,0,0,0,20,0,0,DAY
2018,1,7/18/2018,2,Anton Larson Bay,Laminaria #2,1040,12.1,31,10.38,Laminaria,0,0,0,0,0,0,3,0,0,DAY
2018,1,7/15/2018,2,Anton Larson Bay,Laminaria Point,915,10.1,30.8,11.46,Laminaria,145,0,140,5,0,0,0,0,0,DAY
2018,1,7/18/2018,2,Anton Larson Bay,Laminaria Point,1250,11.6,30.7,10.77,Laminaria,2,1,1,0,0,0,0,0,0,DAY
2018,1,7/15/2018,2,Anton Larson Bay,White rock,1444,10.5,31,11.39,Bare,0,0,0,0,0,0,0,0,0,DAY
2018,1,7/18/2018,2,Anton Larson Bay,White rock,1515,11.9,31.2,11.58,Bare,27,27,0,0,0,0,0,0,0,DAY
2018,1,7/15/2018,2,Anton Larson Bay,Wooden boat,1330,10.8,31.1,11.43,Laminaria,94,0,93,1,0,0,1,0,0,DAY
2018,1,7/18/2018,2,Anton Larson Bay,Wooden boat,1014,11.8,31.5,11.42,Laminaria,69,0,69,0,0,0,2,0,0,DAY
2018,2,8/21/2018,1,Cook Bay,Bare North,1230,11.4,30.9,9.32,Bare,20,1,19,0,0,0,0,0,0,DAY
2018,2,8/22/2018,1,Cook Bay,Bare North,1310,11.1,31.2,9.97,Bare,0,0,0,0,0,0,0,0,0,DAY
2018,2,8/21/2018,1,Cook Bay,Eelgrass North,1330,11.5,30.8,7.93,Eelgrass,109,20,87,2,0,0,3,0,0,DAY
2018,2,8/22/2018,1,Cook Bay,Eelgrass North,958,11.3,31.1,9.63,Eelgrass,196,42,153,1,0,0,1,0,0,DAY
2018,2,8/21/2018,1,Cook Bay,Eelgrass South,1525,11.7,30.4,10.5,Eelgrass,673,24,641,8,0,0,2,0,0,DAY
2018,2,8/22/2018,1,Cook Bay,Eelgrass South,748,10.8,30.9,9.75,Eelgrass,768,6,483,279,0,0,1,0,0,DAY
2018,2,8/21/2018,1,Cook Bay,Eelgrass West,1605,11.9,31,9.28,Eelgrass,203,9,165,29,0,0,6,0,0,DAY
2018,2,8/22/2018,1,Cook Bay,Eelgrass West,905,11.4,31.1,9.73,Eelgrass,138,12,124,2,0,0,0,0,0,DAY
2018,2,8/21/2018,1,Cook Bay,Laminaria East,1700,11.4,31,9.57,Laminaria,484,0,47,437,0,0,0,0,0,DAY
2018,2,8/22/2018,1,Cook Bay,Laminaria East,700,10.8,31.1,9.6,Laminaria,720,0,79,641,0,0,0,0,0,DAY
2018,2,8/21/2018,1,Cook Bay,Laminaria North,1407,11.7,30.8,9.08,Laminaria,185,0,11,174,0,0,0,0,0,DAY
2018,2,8/22/2018,1,Cook Bay,Laminaria North,940,11.3,30.9,9.94,Laminaria,19,0,19,0,0,0,0,0,0,DAY
2018,2,8/21/2018,1,Cook Bay,Laminaria South,1450,11.5,30.8,9.84,Laminaria,0,0,0,0,0,0,0,0,0,DAY
2018,2,8/22/2018,1,Cook Bay,Laminaria South,834,10.8,31.1,9.98,Laminaria,53,1,38,14,0,0,0,0,0,DAY
2018,2,8/21/2018,1,Cook Bay,Middle cove,1250,10.9,30.8,9.4,Bare,28,0,27,1,0,0,0,0,0,DAY
2018,2,8/22/2018,1,Cook Bay,Middle cove,1245,11.1,31.2,9.9,Bare,3,0,3,0,0,0,0,0,0,DAY
2018,2,8/23/2018,2,Anton Larson Bay,Back Bay eelgrass,1115,12.5,28.7,11.41,Eelgrass,5,5,0,0,0,0,0,0,0,DAY
2018,2,8/24/2018,2,Anton Larson Bay,Back Bay eelgrass,1030,12.2,29.1,11.25,Eelgrass,7,7,0,0,0,0,1,0,0,DAY
2018,2,8/23/2018,2,Anton Larson Bay,Cobble point,1040,12.3,28.4,10.14,Eelgrass,4,1,1,2,0,0,0,0,0,DAY
2018,2,8/24/2018,2,Anton Larson Bay,Cobble point,955,12.6,23.2,10.34,Eelgrass,2,2,0,0,0,0,1,0,0,DAY
2018,2,8/23/2018,2,Anton Larson Bay,Eelgrass patches,1010,12.3,27.5,9.82,Eelgrass,47,23,12,12,0,0,34,0,0,DAY
2018,2,8/24/2018,2,Anton Larson Bay,Eelgrass patches,930,12.1,25,10.4,Eelgrass,57,37,1,19,0,0,2,0,0,DAY
2018,2,8/23/2018,2,Anton Larson Bay,Eelgrass point,940,11.9,28.4,10.25,Eelgrass,3,3,0,0,0,0,33,0,0,DAY
2018,2,8/24/2018,2,Anton Larson Bay,Eelgrass point,900,11.9,26.8,10.36,Eelgrass,3,3,0,0,0,0,10,0,0,DAY
2018,2,8/23/2018,2,Anton Larson Bay,Laminaria #2,1210,12.2,28.7,10.23,Laminaria,0,0,0,0,0,0,0,0,0,DAY
2018,2,8/24/2018,2,Anton Larson Bay,Laminaria #2,1120,12.1,29.5,10.37,Laminaria,0,0,0,0,0,0,0,0,0,DAY
2018,2,8/23/2018,2,Anton Larson Bay,Laminaria Point,905,12.5,26.1,9.86,Laminaria,0,0,0,0,0,0,0,0,0,DAY
2018,2,8/24/2018,2,Anton Larson Bay,Laminaria Point,830,11.5,29.4,10.63,Laminaria,0,0,0,0,0,0,0,0,0,DAY
2018,2,8/23/2018,2,Anton Larson Bay,White rock,1425,12.5,28.2,10.68,Bare,2,2,0,0,0,0,0,0,0,DAY
2018,2,8/24/2018,2,Anton Larson Bay,White rock,1230,13.1,21.6,11.16,Bare,2,2,0,0,0,0,0,0,0,DAY
2018,2,8/23/2018,2,Anton Larson Bay,Wooden boat,1142,12.2,28.8,10.24,Laminaria,0,0,0,0,0,0,0,0,0,DAY
2018,2,8/24/2018,2,Anton Larson Bay,Wooden boat,1100,11.4,29.8,10.13,Laminaria,0,0,0,0,0,0,4,0,0,DAY
2019,1,7/12/2019,1,Cook Bay,Bare North,1430,12.3,30.1,10.91,Bare,0,0,0,0,0,0,0,0,0,DAY
2019,1,7/15/2019,1,Cook Bay,Bare North,1232,11.8,31.5,,Bare,0,0,0,0,0,0,0,0,0,DAY
2019,1,7/12/2019,1,Cook Bay,Eelgrass North,1530,13.2,31.2,10.29,Eelgrass,0,0,0,0,0,0,0,0,0,DAY
2019,1,7/15/2019,1,Cook Bay,Eelgrass North,1015,11.8,31.6,,Eelgrass,0,0,0,0,0,0,1,0,0,DAY
2019,1,7/12/2019,1,Cook Bay,Eelgrass South,1750,12.1,31.3,12.26,Eelgrass,0,0,0,0,0,0,0,0,0,DAY
2019,1,7/15/2019,1,Cook Bay,Eelgrass South,800,11.1,31.5,,Eelgrass,1,0,2,0,0,0,14,0,0,DAY
2019,1,7/12/2019,1,Cook Bay,Eelgrass West,1620,13.6,31.3,11.13,Eelgrass,0,0,0,0,0,0,2,0,0,DAY
2019,1,7/15/2019,1,Cook Bay,Eelgrass West,910,11.6,31.5,,Eelgrass,0,0,0,0,0,0,0,0,0,DAY
2019,1,7/12/2019,1,Cook Bay,Laminaria East,1705,11.8,31.3,11.32,Laminaria,1,0,1,0,0,0,0,0,0,DAY
2019,1,7/15/2019,1,Cook Bay,Laminaria East,840,11.4,31.6,,Laminaria,0,0,0,0,0,0,0,0,0,DAY
2019,1,7/12/2019,1,Cook Bay,Laminaria North,1600,13.7,31.3,10.86,Laminaria,0,0,0,0,0,0,0,0,0,DAY
2019,1,7/15/2019,1,Cook Bay,Laminaria North,940,11.6,31.5,,Laminaria,0,0,0,0,0,0,0,0,0,DAY
2019,1,7/12/2019,1,Cook Bay,Laminaria South,1640,12.4,30.9,10.9,Laminaria,0,0,0,0,0,0,0,0,0,DAY
2019,1,7/15/2019,1,Cook Bay,Laminaria South,730,11.2,31.5,,Laminaria,0,0,0,0,0,0,0,0,0,DAY
2019,1,7/12/2019,1,Cook Bay,Middle cove,1410,11.8,31.3,11.04,Bare,0,0,0,0,0,0,0,0,0,DAY
2019,1,7/15/2019,1,Cook Bay,Middle cove,1320,11.5,31.5,,Bare,0,0,0,0,0,0,0,0,0,DAY
2019,1,7/13/2019,2,Anton Larson Bay,Back Bay eelgrass,725,12.6,31.2,10.09,Eelgrass,0,0,0,0,0,0,0,0,0,DAY
2019,1,7/14/2019,2,Anton Larson Bay,Back Bay eelgrass,800,12,31.4,,Eelgrass,2,2,0,0,0,0,0,0,0,DAY
2019,1,7/13/2019,2,Anton Larson Bay,Cobble point,915,12.8,31,10.57,Eelgrass,23,2,21,0,0,0,0,0,0,DAY
2019,1,7/14/2019,2,Anton Larson Bay,Cobble point,935,12.5,29.9,,Eelgrass,5,0,5,0,0,0,0,0,0,DAY
2019,1,7/13/2019,2,Anton Larson Bay,Eelgrass patches,945,13.3,30.7,13.19,Eelgrass,8,2,8,0,0,0,0,0,0,DAY
2019,1,7/14/2019,2,Anton Larson Bay,Eelgrass patches,840,12.4,30.9,,Eelgrass,2,2,0,0,0,0,0,0,0,DAY
2019,1,7/13/2019,2,Anton Larson Bay,Eelgrass point,840,12.3,31.1,10.85,Eelgrass,44,2,42,0,0,0,0,4,0,DAY
2019,1,7/14/2019,2,Anton Larson Bay,Eelgrass point,1010,12.4,30.9,,Eelgrass,89,2,87,0,0,0,0,0,0,DAY
2019,1,7/13/2019,2,Anton Larson Bay,Laminaria #2,630,13.6,30.8,10.99,Laminaria,0,0,0,0,0,0,0,0,0,DAY
2019,1,7/14/2019,2,Anton Larson Bay,Laminaria #2,700,11.4,31.3,,Laminaria,0,0,0,0,0,0,1,0,0,DAY
2019,1,7/13/2019,2,Anton Larson Bay,Laminaria Point,815,12.4,31.2,10.76,Laminaria,1,0,1,0,0,0,0,0,0,DAY
2019,1,7/14/2019,2,Anton Larson Bay,Laminaria Point,910,12.6,30.3,,Laminaria,1,0,1,0,0,0,0,0,0,DAY
2019,1,7/13/2019,2,Anton Larson Bay,White rock,1000,13.5,31,10.65,Bare,0,0,0,0,0,0,0,0,0,DAY
2019,1,7/14/2019,2,Anton Larson Bay,White rock,1130,12.7,31.1,,Bare,2,2,0,0,0,0,0,0,0,DAY
2019,1,7/13/2019,2,Anton Larson Bay,Wooden boat,700,12.1,31.3,11.09,Laminaria,0,0,0,0,0,0,0,0,0,DAY
2019,1,7/14/2019,2,Anton Larson Bay,Wooden boat,730,11,31.3,,Laminaria,0,0,0,0,0,0,0,0,0,DAY
2019,2,8/20/2019,1,Cook Bay,Bare North,800,13.7,33.5,8.58,Bare,0,0,0,0,0,0,0,0,0,DAY
2019,2,8/21/2019,1,Cook Bay,Bare North,755,13.5,33.3,8.22,Bare,0,0,0,0,0,0,0,0,0,DAY
2019,2,8/20/2019,1,Cook Bay,Eelgrass North,1000,13.9,33.5,8.17,Eelgrass,0,0,0,0,0,0,0,0,0,DAY
2019,2,8/21/2019,1,Cook Bay,Eelgrass North,1110,13.6,33.3,8.41,Eelgrass,0,0,0,0,0,0,0,0,0,DAY
2019,2,8/20/2019,1,Cook Bay,Eelgrass South,1210,13.4,33.3,9.39,Eelgrass,0,0,0,0,0,0,0,0,0,DAY
2019,2,8/21/2019,1,Cook Bay,Eelgrass South,1025,13.3,33.3,8.73,Eelgrass,1,0,1,0,0,0,0,0,0,DAY
2019,2,8/20/2019,1,Cook Bay,Eelgrass West,1055,13.6,33.4,9.78,Eelgrass,0,0,0,0,0,0,0,0,0,DAY
2019,2,8/21/2019,1,Cook Bay,Eelgrass West,1240,14,33.4,8.6,Eelgrass,0,0,0,0,0,0,0,0,0,DAY
2019,2,8/20/2019,1,Cook Bay,Laminaria East,1030,13.6,33.4,9.15,Laminaria,0,0,0,0,0,0,0,0,0,DAY
2019,2,8/21/2019,1,Cook Bay,Laminaria East,1220,13.4,33.3,9.07,Laminaria,0,0,0,0,0,0,0,0,0,DAY
2019,2,8/20/2019,1,Cook Bay,Laminaria North,930,13.8,33.5,8.27,Laminaria,0,0,0,0,0,0,0,0,0,DAY
2019,2,8/21/2019,1,Cook Bay,Laminaria North,1148,13.5,33.3,8.23,Laminaria,0,0,0,0,0,0,0,0,0,DAY
2019,2,8/20/2019,1,Cook Bay,Laminaria South,1135,13.3,33.3,9.65,Laminaria,0,0,0,0,0,0,0,0,0,DAY
2019,2,8/21/2019,1,Cook Bay,Laminaria South,1000,13.2,33.3,8.8,Laminaria,0,0,0,0,0,0,0,0,0,DAY
2019,2,8/20/2019,1,Cook Bay,Middle cove,730,13.7,33.4,8.22,Bare,0,0,0,0,0,0,0,0,0,DAY
2019,2,8/21/2019,1,Cook Bay,Middle cove,725,13.2,33.3,8.22,Bare,0,0,0,0,0,0,0,0,0,DAY
2019,2,8/24/2019,2,Anton Larson Bay,Back Bay eelgrass,1230,13.9,33.6,9.24,Eelgrass,0,0,0,0,0,0,0,0,0,DAY
2019,2,8/25/2019,2,Anton Larson Bay,Back Bay eelgrass,1320,14.3,33.3,10.28,Eelgrass,0,0,0,0,0,0,0,0,0,DAY
2019,2,8/24/2019,2,Anton Larson Bay,Cobble point,1430,14.3,33.2,10.74,Eelgrass,41,11,30,0,0,0,0,0,0,DAY
2019,2,8/25/2019,2,Anton Larson Bay,Cobble point,1550,14.9,33,9.88,Eelgrass,9,3,6,0,0,0,3,0,0,DAY
2019,2,8/24/2019,2,Anton Larson Bay,Eelgrass patches,1355,14.8,33,9.2,Eelgrass,7,0,7,0,0,0,2,0,0,DAY
2019,2,8/25/2019,2,Anton Larson Bay,Eelgrass patches,1435,15.6,32.7,9.42,Eelgrass,1,1,0,0,0,0,1,0,0,DAY
2019,2,8/24/2019,2,Anton Larson Bay,Eelgrass point,1545,14.6,33.1,10.36,Eelgrass,7,6,1,0,0,0,9,2,0,DAY
2019,2,8/25/2019,2,Anton Larson Bay,Eelgrass point,1525,15.4,32.7,9.77,Eelgrass,4,4,0,0,0,0,6,1,0,DAY
2019,2,8/24/2019,2,Anton Larson Bay,Laminaria #2,1345,13.9,33.5,9.28,Laminaria,0,0,0,0,0,0,0,0,0,DAY
2019,2,8/25/2019,2,Anton Larson Bay,Laminaria #2,1400,14.6,33.3,9.7,Laminaria,0,0,0,0,0,0,0,0,0,DAY
2019,2,8/24/2019,2,Anton Larson Bay,Laminaria Point,1505,14.5,33.3,9.98,Laminaria,0,0,0,0,0,0,0,0,0,DAY
2019,2,8/25/2019,2,Anton Larson Bay,Laminaria Point,1504,15.2,32.7,9.51,Laminaria,0,0,0,0,0,0,0,0,0,DAY
2019,2,8/24/2019,2,Anton Larson Bay,White rock,915,15,33,9.73,Bare,0,0,0,0,0,0,0,0,0,DAY
2019,2,8/25/2019,2,Anton Larson Bay,White rock,1010,14,33,9.72,Bare,0,0,0,0,0,0,0,0,0,DAY
2019,2,8/24/2019,2,Anton Larson Bay,Wooden boat,1315,13.8,33.4,9.63,Laminaria,0,0,0,0,0,0,0,0,0,DAY
2019,2,8/25/2019,2,Anton Larson Bay,Wooden boat,1340,14.3,33.3,9.66,Laminaria,0,0,0,0,0,0,1,1,0,DAY
2020,1,7/2/2020,1,Cook Bay,Eelgrass South,830,10.3,32,,Eelgrass,425,0,370,55,0,0,0,1,0,DAY
2020,1,7/2/2020,1,Cook Bay,Eelgrass West,654,10.6,31.9,,Eelgrass,432,0,212,220,0,0,0,1,0,DAY
2020,1,7/2/2020,1,Cook Bay,Laminaria East,746,10.3,31.9,,Laminaria,204,0,204,0,0,0,0,0,0,DAY
2020,1,7/2/2020,1,Cook Bay,Laminaria North,616,10.8,31.8,,Laminaria,16,0,16,0,0,0,0,0,0,DAY
2020,2,8/21/2020,1,Cook Bay,Bare North,1548,13.8,32,,Bare,1350,0,1350,0,0,0,0,0,0,DAY
2020,2,8/21/2020,1,Cook Bay,Eelgrass North,916,13.2,31.8,,Eelgrass,834,3,830,1,0,0,0,0,0,DAY
2020,2,8/21/2020,1,Cook Bay,Eelgrass South,1153,13.1,31.7,,Eelgrass,950,0,950,0,0,0,0,0,0,DAY
2020,2,8/21/2020,1,Cook Bay,Eelgrass West,1021,13.7,32,,Eelgrass,676,1,673,2,0,0,0,0,0,DAY
2020,2,8/21/2020,1,Cook Bay,Laminaria East,1107,13.2,31.8,,Laminaria,211,0,211,0,0,0,0,0,0,DAY
2020,2,8/21/2020,1,Cook Bay,Laminaria North,837,14,31.8,,Laminaria,484,0,484,0,0,0,0,0,0,DAY
2020,2,8/21/2020,1,Cook Bay,Laminaria South,1218,13.5,31.7,,Laminaria,95,0,95,0,0,0,0,0,0,DAY
2020,2,8/21/2020,1,Cook Bay,Middle Cove,1512,12.2,31.8,,Bare,67,0,67,0,0,0,0,0,0,DAY
2020,2,8/20/2020,2,Anton Larson Bay,Back Bay eelgrass,1130,13.3,31.5,,Eelgrass,1,0,0,1,0,0,0,0,0,DAY
2020,2,8/20/2020,2,Anton Larson Bay,Cobble point,1433,12.6,31.5,,Eelgrass,2,0,2,0,0,0,0,0,0,DAY
2020,2,8/20/2020,2,Anton Larson Bay,Eelgrass patches,1208,14,30.5,,Eelgrass,6,0,4,2,0,0,0,0,0,DAY
2020,2,8/20/2020,2,Anton Larson Bay,Eelgrass point,855,11.9,30.8,,Eelgrass,6,1,5,0,0,0,0,1,0,DAY
2020,2,8/20/2020,2,Anton Larson Bay,Laminaria #2,956,12.5,31.4,,Laminaria,3,0,2,1,0,0,0,1,0,DAY
2020,2,8/20/2020,2,Anton Larson Bay,Laminaria Point,915,12.4,30.6,,Laminaria,2,0,0,2,0,0,0,0,0,DAY
2020,2,8/20/2020,2,Anton Larson Bay,White rock,1510,14.4,30.4,,Bare,0,0,0,0,0,0,0,0,0,DAY
2020,2,8/20/2020,2,Anton Larson Bay,Wooden boat,1036,13.5,31.3,,Laminaria,0,0,0,0,0,0,0,0,0,DAY
2021,1,7/14/2021,1,Cook Bay,Bare North,1623,9.5,33.8,11.42,Bare,0,0,0,0,3,0,0,0,0,DAY
2021,1,7/15/2021,1,Cook Bay,Bare North,828,9.7,33.5,10.76,Bare,0,0,0,0,3,0,0,0,0,DAY
2021,1,7/14/2021,1,Cook Bay,Eelgrass North,942,8.9,33.9,10.39,Eelgrass,36,0,12,24,1,0,0,0,0,DAY
2021,1,7/15/2021,1,Cook Bay,Eelgrass North,1015,9.8,33.6,11.11,Eelgrass,118,0,9,109,1,0,1,0,0,DAY
2021,1,7/14/2021,1,Cook Bay,Eelgrass South,1249,9.8,33.6,10.6,Eelgrass,294,0,36,258,0,0,0,0,0,DAY
2021,1,7/15/2021,1,Cook Bay,Eelgrass South,1247,9.2,33.7,12.06,Eelgrass,0,0,0,0,0,0,0,0,0,DAY
2021,1,7/14/2021,1,Cook Bay,Eelgrass West,1040,8.8,33.8,10.22,Eelgrass,1637,0,443,1194,27,0,0,0,0,DAY
2021,1,7/15/2021,1,Cook Bay,Eelgrass West,1055,10,33.8,11.21,Eelgrass,289,0,87,202,1,0,0,0,0,DAY
2021,1,7/15/2021,1,Cook Bay,Laminaria East,1152,9.9,33.8,10.8,Laminaria,8,0,8,0,1,0,0,0,0,DAY
2021,1,7/14/2021,1,Cook Bay,Laminaria North,1020,8.9,33.9,10.39,Laminaria,1,0,1,0,0,0,0,0,0,DAY
2021,1,7/15/2021,1,Cook Bay,Laminaria North,1042,9.8,33.7,11.15,Laminaria,1,0,1,0,1,0,0,0,0,DAY
2021,1,7/14/2021,1,Cook Bay,Laminaria South,1228,9.5,33.4,10.25,Laminaria,0,0,0,0,0,0,0,0,0,DAY
2021,1,7/15/2021,1,Cook Bay,Laminaria South,1229,9.5,33.8,11.64,Laminaria,210,0,1,209,0,0,0,0,0,DAY
2021,1,7/14/2021,1,Cook Bay,Middle cove,1601,8.8,33.9,11.42,Bare,3,0,3,0,7,0,0,0,0,DAY
2021,1,7/15/2021,1,Cook Bay,Middle cove,815,9.2,33.8,10.62,Bare,0,0,0,0,3,0,0,0,0,DAY
2021,1,7/9/2021,2,Anton Larson Bay,Back Bay eelgrass,1115,11,31.8,12.59,Eelgrass,0,0,0,0,0,0,0,0,0,DAY
2021,1,7/10/2021,2,Anton Larson Bay,Back Bay eelgrass,1215,9.7,31.6,11.56,Eelgrass,1,0,1,0,0,0,0,0,0,DAY
2021,1,7/9/2021,2,Anton Larson Bay,Cobble point,1033,10.3,31.1,11.93,Eelgrass,18,0,3,15,0,0,0,0,0,DAY
2021,1,7/10/2021,2,Anton Larson Bay,Cobble point,1315,9,32.6,13.13,Eelgrass,6,0,5,1,0,0,0,0,0,DAY
2021,1,7/9/2021,2,Anton Larson Bay,Eelgrass patches,815,10.2,32.3,11.65,Eelgrass,27,0,13,14,0,0,0,0,0,DAY
2021,1,7/10/2021,2,Anton Larson Bay,Eelgrass patches,925,9.4,32.3,12.91,Eelgrass,7,2,5,0,0,0,0,0,0,DAY
2021,1,7/9/2021,2,Anton Larson Bay,Eelgrass point,902,9.8,31.9,12.78,Eelgrass,377,0,20,357,1,0,0,0,0,DAY
2021,1,7/10/2021,2,Anton Larson Bay,Eelgrass point,1038,8.6,32.9,11.73,Eelgrass,138,0,11,127,0,0,0,0,0,DAY
2021,1,7/10/2021,2,Anton Larson Bay,Laminaria #2,835,9.4,31.4,11.34,Laminaria,0,0,0,0,0,0,0,0,0,DAY
2021,1,7/11/2021,2,Anton Larson Bay,Laminaria #2,945,9.6,32,11.3,Laminaria,1,0,1,0,0,0,0,0,0,DAY
2021,1,7/9/2021,2,Anton Larson Bay,Laminaria Point,1005,9.9,31.7,12.65,Laminaria,18,0,13,5,0,0,0,0,0,DAY
2021,1,7/10/2021,2,Anton Larson Bay,Laminaria Point,1100,8.7,32.8,11.64,Laminaria,19,0,10,9,0,0,0,0,0,DAY
2021,1,7/9/2021,2,Anton Larson Bay,White rock,1315,10.2,31.9,12.65,Bare,3,0,2,1,0,0,0,0,0,DAY
2021,1,7/10/2021,2,Anton Larson Bay,White rock,1405,9.8,32,11.94,Bare,5,2,2,1,0,0,0,0,0,DAY
2021,1,7/10/2021,2,Anton Larson Bay,Wooden boat,1115,9.5,31.39,11.63,Laminaria,64,0,62,2,0,0,0,0,0,DAY
2021,1,7/11/2021,2,Anton Larson Bay,Wooden boat,1010,9.2,32.5,11.4,Laminaria,76,0,76,0,0,0,0,0,0,DAY
2021,2,8/20/2021,1,Cook Bay,Bare North,1226,11.9,31.4,,Bare,1,0,1,0,0,0,0,0,0,DAY
2021,2,8/21/2021,1,Cook Bay,Bare North,1247,12.1,31.5,,Bare,0,0,0,0,0,0,0,0,0,DAY
2021,2,8/20/2021,1,Cook Bay,Eelgrass North,917,11.2,31.1,,Eelgrass,16,0,16,0,0,0,0,0,0,DAY
2021,2,8/21/2021,1,Cook Bay,Eelgrass North,939,11.3,31.3,,Eelgrass,2,0,2,0,0,0,0,0,0,DAY
2021,2,8/20/2021,1,Cook Bay,Eelgrass South,107,11.1,31.3,,Eelgrass,448,0,254,194,9,0,0,0,0,DAY
2021,2,8/21/2021,1,Cook Bay,Eelgrass South,710,11,31.4,,Eelgrass,395,0,320,75,16,0,0,0,0,DAY
2021,2,8/20/2021,1,Cook Bay,Eelgrass West,806,11.3,31.3,,Eelgrass,305,0,110,195,0,0,0,0,0,DAY
2021,2,8/21/2021,1,Cook Bay,Eelgrass West,837,11.1,31.4,,Eelgrass,6,0,5,1,5,0,0,0,0,DAY
2021,2,8/20/2021,1,Cook Bay,Laminaria East,139,11.1,31.4,,Laminaria,31,0,30,1,1,0,0,0,0,DAY
2021,2,8/21/2021,1,Cook Bay,Laminaria East,801,11.2,31.4,,Laminaria,15,0,15,0,0,0,0,0,0,DAY
2021,2,8/20/2021,1,Cook Bay,Laminaria North,849,11.5,31.4,,Laminaria,88,0,84,4,2,0,0,0,0,DAY
2021,2,8/21/2021,1,Cook Bay,Laminaria North,905,11.5,31.4,,Laminaria,10,0,10,0,0,0,0,0,0,DAY
2021,2,8/20/2021,1,Cook Bay,Laminaria South,621,11,28.1,,Laminaria,56,0,7,49,0,0,0,0,0,DAY
2021,2,8/21/2021,1,Cook Bay,Laminaria South,638,11.2,31.3,,Laminaria,3,0,2,1,1,0,0,0,0,DAY
2021,2,8/20/2021,1,Cook Bay,Middle Cove,1248,11.3,31.5,,Bare,5,0,5,0,31,0,0,0,0,DAY
2021,2,8/21/2021,1,Cook Bay,Middle Cove,1312,11.3,31.5,,Bare,0,0,0,0,0,0,0,0,0,DAY
2021,2,8/23/2021,2,Anton Larson Bay,Back Bay eelgrass,1230,11.3,33.2,9.62,Eelgrass,0,0,0,0,0,0,0,0,0,DAY
2021,2,8/24/2021,2,Anton Larson Bay,Back Bay eelgrass,1314,12.2,32.8,10.56,Eelgrass,0,0,0,0,0,0,0,0,0,DAY
2021,2,8/23/2021,2,Anton Larson Bay,Cobble point,1345,11.4,33.1,10.78,Eelgrass,1,0,1,0,0,0,0,0,0,DAY
2021,2,8/24/2021,2,Anton Larson Bay,Cobble point,1409,12.2,32.6,10.93,Eelgrass,86,0,0,86,0,0,0,0,0,DAY
2021,2,8/22/2021,2,Anton Larson Bay,Eelgrass patches,750,12.4,32.2,10.09,Eelgrass,7,2,5,0,0,0,0,0,0,DAY
2021,2,8/23/2021,2,Anton Larson Bay,Eelgrass patches,817,11.9,32.4,10.14,Eelgrass,3,0,2,1,0,0,0,0,0,DAY
2021,2,8/22/2021,2,Anton Larson Bay,Eelgrass point,819,12.8,31.9,10.48,Eelgrass,11,0,8,3,0,0,0,0,0,DAY
2021,2,8/23/2021,2,Anton Larson Bay,Eelgrass point,949,11.8,32.5,9.85,Eelgrass,8,0,4,4,0,0,0,0,0,DAY
2021,2,8/22/2021,2,Anton Larson Bay,Laminaria #2,1011,11.6,33.4,11.72,Laminaria,0,0,0,0,0,0,2,0,0,DAY
2021,2,8/23/2021,2,Anton Larson Bay,Laminaria #2,1130,11.9,33.1,10.72,Laminaria,0,0,0,0,0,0,0,0,0,DAY
2021,2,8/22/2021,2,Anton Larson Bay,Laminaria Point,839,12.9,31.6,10.15,Laminaria,0,0,0,0,0,0,0,0,0,DAY
2021,2,8/23/2021,2,Anton Larson Bay,Laminaria Point,915,11.9,32.8,10.66,Laminaria,0,0,0,0,0,0,0,0,0,DAY
2021,2,8/23/2021,2,Anton Larson Bay,White rock,1313,12.7,32.4,10.2,Bare,0,0,0,0,0,0,0,0,0,DAY
2021,2,8/24/2021,2,Anton Larson Bay,White rock,1347,11.6,33.1,10.98,Bare,0,0,0,0,0,0,0,0,0,DAY
2021,2,8/22/2021,2,Anton Larson Bay,Wooden boat,935,11.4,33.2,10.09,Laminaria,0,0,0,0,0,0,0,0,69,DAY
2021,2,8/23/2021,2,Anton Larson Bay,Wooden boat,1110,11.4,33.2,9.86,Laminaria,0,0,0,0,0,0,0,0,0,DAY
