Date,Station,Site,Bay,species,length,,
7/9/2024,561,AG-1,Agripina,chum salmon,53,,
7/9/2024,561,AG-1,Agripina,chum salmon,56,,
7/9/2024,561,AG-1,Agripina,chum salmon,57,,
7/9/2024,561,AG-1,Agripina,chum salmon,58,,
7/9/2024,561,AG-1,Agripina,chum salmon,62,,
7/9/2024,561,AG-1,Agripina,chum salmon,63,,
7/9/2024,561,AG-1,Agripina,chum salmon,64,,
7/9/2024,561,AG-1,Agripina,chum salmon,65,,
7/9/2024,561,AG-1,Agripina,chum salmon,65,,
7/9/2024,561,AG-1,Agripina,chum salmon,66,,
7/9/2024,561,AG-1,Agripina,chum salmon,67,,
7/9/2024,561,AG-1,Agripina,pink salmon,46,,
7/9/2024,562,AG-2,Agripina,copper rockfish,65,,
7/9/2024,562,AG-2,Agripina,Pacific cod,33,,
7/9/2024,562,AG-2,Agripina,Pacific cod,33,,
7/9/2024,562,AG-2,Agripina,Pacific cod,34,,
7/9/2024,562,AG-2,Agripina,Pacific cod,35,,
7/9/2024,562,AG-2,Agripina,Pacific cod,36,,
7/9/2024,562,AG-2,Agripina,Pacific cod,36,,
7/9/2024,562,AG-2,Agripina,Pacific cod,37,,
7/9/2024,562,AG-2,Agripina,Pacific cod,37,,
7/9/2024,562,AG-2,Agripina,Pacific cod,37,,
7/9/2024,562,AG-2,Agripina,Pacific cod,38,,
7/9/2024,562,AG-2,Agripina,Pacific cod,39,,
7/9/2024,562,AG-2,Agripina,Pacific cod,39,,
7/9/2024,562,AG-2,Agripina,Pacific cod,39,,
7/9/2024,562,AG-2,Agripina,Pacific cod,40,,
7/9/2024,562,AG-2,Agripina,Pacific cod,40,,
7/9/2024,562,AG-2,Agripina,Pacific cod,40,,
7/9/2024,562,AG-2,Agripina,Pacific cod,41,,
7/9/2024,562,AG-2,Agripina,Pacific cod,41,,
7/9/2024,562,AG-2,Agripina,Pacific cod,42,,
7/9/2024,562,AG-2,Agripina,Pacific cod,42,,
7/9/2024,562,AG-2,Agripina,Pacific cod,43,,
7/9/2024,562,AG-2,Agripina,Pacific cod,43,,
7/9/2024,562,AG-2,Agripina,Pacific cod,43,,
7/9/2024,562,AG-2,Agripina,Pacific cod,43,,
7/9/2024,562,AG-2,Agripina,Pacific cod,45,,
7/9/2024,562,AG-2,Agripina,Pacific cod,45,,
7/9/2024,562,AG-2,Agripina,Pacific cod,46,,
7/9/2024,562,AG-2,Agripina,Pacific cod,46,,
7/9/2024,562,AG-2,Agripina,Pacific cod,47,,
7/9/2024,562,AG-2,Agripina,Pacific cod,48,,
7/9/2024,562,AG-2,Agripina,Pacific cod,48,,
7/9/2024,562,AG-2,Agripina,Pacific cod,48,,
7/9/2024,562,AG-2,Agripina,Pacific cod,48,,
7/9/2024,562,AG-2,Agripina,Pacific cod,48,,
7/9/2024,562,AG-2,Agripina,Pacific cod,48,,
7/9/2024,562,AG-2,Agripina,Pacific cod,48,,
7/9/2024,562,AG-2,Agripina,Pacific cod,49,,
7/9/2024,562,AG-2,Agripina,Pacific cod,50,,
7/9/2024,562,AG-2,Agripina,Pacific cod,50,,
7/9/2024,562,AG-2,Agripina,Pacific cod,51,,
7/9/2024,562,AG-2,Agripina,Pacific cod,51,,
7/9/2024,562,AG-2,Agripina,Pacific cod,52,,
7/9/2024,562,AG-2,Agripina,Pacific cod,52,,
7/9/2024,562,AG-2,Agripina,Pacific cod,53,,
7/9/2024,562,AG-2,Agripina,Pacific cod,54,,
7/9/2024,562,AG-2,Agripina,Pacific cod,54,,
7/9/2024,562,AG-2,Agripina,Pacific cod,54,,
7/9/2024,562,AG-2,Agripina,Pacific cod,55,,
7/9/2024,562,AG-2,Agripina,Pacific cod,56,,
7/9/2024,562,AG-2,Agripina,Pacific cod,56,,
7/9/2024,562,AG-2,Agripina,Pacific cod,58,,
7/9/2024,564,AG-3,Agripina,Pacific cod,54,,
7/9/2024,565,AG-4,Agripina,walleye pollock,26,,
7/9/2024,563,AG-5,Agripina,chum salmon,57,,
7/9/2024,563,AG-5,Agripina,chum salmon,64,,
7/9/2024,563,AG-5,Agripina,copper rockfish,59,,
7/9/2024,563,AG-5,Agripina,copper rockfish,61,,
7/9/2024,563,AG-5,Agripina,copper rockfish,62,,
7/9/2024,563,AG-5,Agripina,copper rockfish,70,,
7/9/2024,563,AG-5,Agripina,walleye pollock,34,,
7/9/2024,566,AG-6,Agripina,chum salmon,45,,
7/9/2024,566,AG-6,Agripina,pink salmon,36,,
7/18/2024,575,Bar-1,Baralof,chum salmon,63,,
7/18/2024,575,Bar-1,Baralof,chum salmon,65,,
7/18/2024,575,Bar-1,Baralof,chum salmon,67,,
7/18/2024,575,Bar-1,Baralof,chum salmon,68,,
7/18/2024,575,Bar-1,Baralof,chum salmon,68,,
7/18/2024,575,Bar-1,Baralof,chum salmon,76,,
7/18/2024,575,Bar-1,Baralof,Pacific cod,38,,
7/18/2024,575,Bar-1,Baralof,Pacific cod,40,,
7/18/2024,575,Bar-1,Baralof,Pacific cod,40,,
7/18/2024,575,Bar-1,Baralof,Pacific cod,40,,
7/18/2024,575,Bar-1,Baralof,Pacific cod,41,,
7/18/2024,575,Bar-1,Baralof,Pacific cod,41,,
7/18/2024,575,Bar-1,Baralof,Pacific cod,41,,
7/18/2024,575,Bar-1,Baralof,Pacific cod,41,,
7/18/2024,575,Bar-1,Baralof,Pacific cod,42,,
7/18/2024,575,Bar-1,Baralof,Pacific cod,42,,
7/18/2024,575,Bar-1,Baralof,Pacific cod,42,,
7/18/2024,575,Bar-1,Baralof,Pacific cod,42,,
7/18/2024,575,Bar-1,Baralof,Pacific cod,42,,
7/18/2024,575,Bar-1,Baralof,Pacific cod,43,,
7/18/2024,575,Bar-1,Baralof,Pacific cod,43,,
7/18/2024,575,Bar-1,Baralof,Pacific cod,43,,
7/18/2024,575,Bar-1,Baralof,Pacific cod,43,,
7/18/2024,575,Bar-1,Baralof,Pacific cod,43,,
7/18/2024,575,Bar-1,Baralof,Pacific cod,43,,
7/18/2024,575,Bar-1,Baralof,Pacific cod,43,,
7/18/2024,575,Bar-1,Baralof,Pacific cod,43,,
7/18/2024,575,Bar-1,Baralof,Pacific cod,43,,
7/18/2024,575,Bar-1,Baralof,Pacific cod,43,,
7/18/2024,575,Bar-1,Baralof,Pacific cod,44,,
7/18/2024,575,Bar-1,Baralof,Pacific cod,44,,
7/18/2024,575,Bar-1,Baralof,Pacific cod,44,,
7/18/2024,575,Bar-1,Baralof,Pacific cod,44,,
7/18/2024,575,Bar-1,Baralof,Pacific cod,44,,
7/18/2024,575,Bar-1,Baralof,Pacific cod,45,,
7/18/2024,575,Bar-1,Baralof,Pacific cod,45,,
7/18/2024,575,Bar-1,Baralof,Pacific cod,45,,
7/18/2024,575,Bar-1,Baralof,Pacific cod,45,,
7/18/2024,575,Bar-1,Baralof,Pacific cod,45,,
7/18/2024,575,Bar-1,Baralof,Pacific cod,46,,
7/18/2024,575,Bar-1,Baralof,Pacific halibut,40,,
7/18/2024,575,Bar-1,Baralof,Pacific halibut,45,,
7/18/2024,575,Bar-1,Baralof,Pacific halibut,45,,
7/18/2024,575,Bar-1,Baralof,Pacific halibut,45,,
7/18/2024,575,Bar-1,Baralof,Pacific halibut,46,,
7/18/2024,575,Bar-1,Baralof,Pacific halibut,48,,
7/18/2024,575,Bar-1,Baralof,Pacific halibut,51,,
7/18/2024,575,Bar-1,Baralof,walleye pollock,30,,
7/18/2024,575,Bar-1,Baralof,walleye pollock,31,,
7/18/2024,574,Bar-2,Baralof,Pacific cod,40,,
7/18/2024,574,Bar-2,Baralof,Pacific cod,43,,
7/18/2024,574,Bar-2,Baralof,Pacific cod,43,,
7/18/2024,574,Bar-2,Baralof,Pacific cod,43,,
7/18/2024,574,Bar-2,Baralof,Pacific cod,43,,
7/18/2024,574,Bar-2,Baralof,Pacific cod,44,,
7/18/2024,574,Bar-2,Baralof,Pacific cod,44,,
7/18/2024,574,Bar-2,Baralof,Pacific cod,44,,
7/18/2024,574,Bar-2,Baralof,Pacific cod,45,,
7/18/2024,574,Bar-2,Baralof,Pacific cod,45,,
7/18/2024,574,Bar-2,Baralof,Pacific cod,46,,
7/18/2024,574,Bar-2,Baralof,Pacific cod,46,,
7/18/2024,574,Bar-2,Baralof,Pacific cod,47,,
7/18/2024,574,Bar-2,Baralof,Pacific cod,48,,
7/18/2024,574,Bar-2,Baralof,Pacific cod,48,,
7/18/2024,574,Bar-2,Baralof,Pacific cod,48,,
7/18/2024,574,Bar-2,Baralof,Pacific cod,50,,
7/18/2024,574,Bar-2,Baralof,Pacific cod,50,,
7/18/2024,574,Bar-2,Baralof,Pacific cod,50,,
7/18/2024,574,Bar-2,Baralof,Pacific cod,54,,
7/18/2024,573,Bar-3,Baralof,Pacific cod,33,,
7/18/2024,573,Bar-3,Baralof,Pacific cod,35,,
7/18/2024,573,Bar-3,Baralof,Pacific cod,36,,
7/18/2024,573,Bar-3,Baralof,Pacific cod,37,,
7/18/2024,573,Bar-3,Baralof,Pacific cod,38,,
7/18/2024,573,Bar-3,Baralof,Pacific cod,38,,
7/18/2024,573,Bar-3,Baralof,Pacific cod,40,,
7/18/2024,573,Bar-3,Baralof,Pacific cod,40,,
7/18/2024,573,Bar-3,Baralof,Pacific cod,40,,
7/18/2024,573,Bar-3,Baralof,Pacific cod,41,,
7/18/2024,573,Bar-3,Baralof,Pacific cod,43,,
7/18/2024,573,Bar-3,Baralof,Pacific cod,44,,
7/18/2024,573,Bar-3,Baralof,Pacific cod,44,,
7/18/2024,573,Bar-3,Baralof,Pacific cod,45,,
7/18/2024,573,Bar-3,Baralof,Pacific cod,45,,
7/18/2024,573,Bar-3,Baralof,Pacific cod,45,,
7/18/2024,573,Bar-3,Baralof,Pacific cod,45,,
7/18/2024,573,Bar-3,Baralof,Pacific cod,45,,
7/18/2024,573,Bar-3,Baralof,Pacific cod,47,,
7/18/2024,573,Bar-3,Baralof,Pacific cod,47,,
7/18/2024,573,Bar-3,Baralof,Pacific cod,47,,
7/18/2024,573,Bar-3,Baralof,Pacific cod,48,,
7/18/2024,573,Bar-3,Baralof,Pacific cod,48,,
7/18/2024,573,Bar-3,Baralof,Pacific cod,49,,
7/18/2024,573,Bar-3,Baralof,Pacific cod,50,,
7/18/2024,573,Bar-3,Baralof,Pacific cod,50,,
7/18/2024,573,Bar-3,Baralof,pink salmon,64,,
7/18/2024,573,Bar-3,Baralof,pink salmon,68,,
7/18/2024,573,Bar-3,Baralof,pink salmon,76,,
7/18/2024,573,Bar-3,Baralof,pink salmon,82,,
7/18/2024,573,Bar-3,Baralof,pink salmon,85,,
7/18/2024,573,Bar-3,Baralof,pink salmon,90,,
7/18/2024,573,Bar-3,Baralof,walleye pollock,25,,
7/18/2024,573,Bar-3,Baralof,walleye pollock,28,,
7/18/2024,573,Bar-3,Baralof,walleye pollock,30,,
7/18/2024,573,Bar-3,Baralof,walleye pollock,30,,
7/18/2024,573,Bar-3,Baralof,walleye pollock,32,,
7/18/2024,573,Bar-3,Baralof,walleye pollock,34,,
7/18/2024,573,Bar-3,Baralof,walleye pollock,35,,
7/18/2024,573,Bar-3,Baralof,walleye pollock,37,,
7/18/2024,573,Bar-3,Baralof,walleye pollock,38,,
7/18/2024,573,Bar-3,Baralof,walleye pollock,42,,
7/18/2024,573,Bar-3,Baralof,walleye pollock,45,,
7/18/2024,572,Bar-4,Baralof,chinook salmon,124,,
7/18/2024,572,Bar-4,Baralof,chinook salmon,125,,
7/18/2024,572,Bar-4,Baralof,chinook salmon,127,,
7/18/2024,572,Bar-4,Baralof,Pacific cod,32,,
7/18/2024,572,Bar-4,Baralof,Pacific cod,35,,
7/18/2024,572,Bar-4,Baralof,Pacific cod,36,,
7/18/2024,572,Bar-4,Baralof,Pacific cod,36,,
7/18/2024,572,Bar-4,Baralof,Pacific cod,37,,
7/18/2024,572,Bar-4,Baralof,Pacific cod,38,,
7/18/2024,572,Bar-4,Baralof,Pacific cod,38,,
7/18/2024,572,Bar-4,Baralof,Pacific cod,40,,
7/18/2024,572,Bar-4,Baralof,Pacific cod,40,,
7/18/2024,572,Bar-4,Baralof,Pacific cod,41,,
7/18/2024,572,Bar-4,Baralof,Pacific cod,41,,
7/18/2024,572,Bar-4,Baralof,Pacific cod,41,,
7/18/2024,572,Bar-4,Baralof,Pacific cod,42,,
7/18/2024,572,Bar-4,Baralof,Pacific cod,42,,
7/18/2024,572,Bar-4,Baralof,Pacific cod,43,,
7/18/2024,572,Bar-4,Baralof,Pacific cod,43,,
7/18/2024,572,Bar-4,Baralof,Pacific cod,43,,
7/18/2024,572,Bar-4,Baralof,Pacific cod,43,,
7/18/2024,572,Bar-4,Baralof,Pacific cod,43,,
7/18/2024,572,Bar-4,Baralof,Pacific cod,44,,
7/18/2024,572,Bar-4,Baralof,Pacific cod,44,,
7/18/2024,572,Bar-4,Baralof,Pacific cod,45,,
7/18/2024,572,Bar-4,Baralof,Pacific cod,45,,
7/18/2024,572,Bar-4,Baralof,Pacific cod,45,,
7/18/2024,572,Bar-4,Baralof,Pacific cod,47,,
7/18/2024,572,Bar-4,Baralof,Pacific cod,49,,
7/18/2024,572,Bar-4,Baralof,Pacific cod,49,,
7/18/2024,572,Bar-4,Baralof,saffron cod,42,,
7/18/2024,572,Bar-4,Baralof,saffron cod,51,,
7/18/2024,572,Bar-4,Baralof,walleye pollock,116,,
7/18/2024,572,Bar-4,Baralof,walleye pollock,155,,
7/18/2024,571,Bar-5,Baralof,chinook salmon,127,,
7/18/2024,571,Bar-5,Baralof,Pacific cod,35,,
7/18/2024,571,Bar-5,Baralof,Pacific cod,37,,
7/18/2024,571,Bar-5,Baralof,Pacific cod,37,,
7/18/2024,571,Bar-5,Baralof,Pacific cod,38,,
7/18/2024,571,Bar-5,Baralof,Pacific cod,38,,
7/18/2024,571,Bar-5,Baralof,Pacific cod,40,,
7/18/2024,571,Bar-5,Baralof,Pacific cod,40,,
7/18/2024,571,Bar-5,Baralof,Pacific cod,40,,
7/18/2024,571,Bar-5,Baralof,Pacific cod,41,,
7/18/2024,571,Bar-5,Baralof,Pacific cod,42,,
7/18/2024,571,Bar-5,Baralof,Pacific cod,43,,
7/18/2024,571,Bar-5,Baralof,Pacific cod,45,,
7/18/2024,571,Bar-5,Baralof,Pacific cod,45,,
7/18/2024,571,Bar-5,Baralof,Pacific cod,45,,
7/18/2024,571,Bar-5,Baralof,Pacific cod,45,,
7/18/2024,571,Bar-5,Baralof,Pacific cod,46,,
7/18/2024,571,Bar-5,Baralof,Pacific cod,46,,
7/18/2024,571,Bar-5,Baralof,Pacific cod,46,,
7/18/2024,571,Bar-5,Baralof,Pacific cod,46,,
7/18/2024,571,Bar-5,Baralof,Pacific cod,47,,
7/18/2024,571,Bar-5,Baralof,Pacific cod,47,,
7/18/2024,571,Bar-5,Baralof,Pacific cod,48,,
7/18/2024,571,Bar-5,Baralof,Pacific cod,49,,
7/18/2024,571,Bar-5,Baralof,Pacific cod,50,,
7/18/2024,571,Bar-5,Baralof,Pacific cod,50,,
7/18/2024,571,Bar-5,Baralof,Pacific cod,51,,
7/18/2024,571,Bar-5,Baralof,Pacific cod,56,,
7/18/2024,571,Bar-5,Baralof,walleye pollock,33,,
7/18/2024,571,Bar-5,Baralof,walleye pollock,33,,
7/18/2024,571,Bar-5,Baralof,walleye pollock,35,,
7/18/2024,571,Bar-5,Baralof,walleye pollock,37,,
7/18/2024,571,Bar-5,Baralof,walleye pollock,37,,
7/18/2024,571,Bar-5,Baralof,walleye pollock,37,,
7/18/2024,571,Bar-5,Baralof,walleye pollock,39,,
7/18/2024,571,Bar-5,Baralof,walleye pollock,40,,
7/18/2024,571,Bar-5,Baralof,walleye pollock,40,,
7/18/2024,571,Bar-5,Baralof,walleye pollock,42,,
7/18/2024,571,Bar-5,Baralof,walleye pollock,42,,
7/18/2024,571,Bar-5,Baralof,walleye pollock,42,,
7/18/2024,571,Bar-5,Baralof,walleye pollock,43,,
7/18/2024,571,Bar-5,Baralof,walleye pollock,45,,
7/18/2024,571,Bar-5,Baralof,walleye pollock,45,,
7/18/2024,571,Bar-5,Baralof,walleye pollock,47,,
7/18/2024,571,Bar-5,Baralof,walleye pollock,49,,
7/21/2024,585,BB-2,Balboa,capelin,48,,
7/21/2024,585,BB-2,Balboa,Pacific cod,33,,
7/21/2024,585,BB-2,Balboa,Pacific cod,35,,
7/21/2024,585,BB-2,Balboa,Pacific cod,35,,
7/21/2024,585,BB-2,Balboa,Pacific cod,36,,
7/21/2024,585,BB-2,Balboa,Pacific cod,36,,
7/21/2024,585,BB-2,Balboa,Pacific cod,36,,
7/21/2024,585,BB-2,Balboa,Pacific cod,37,,
7/21/2024,585,BB-2,Balboa,Pacific cod,38,,
7/21/2024,585,BB-2,Balboa,Pacific cod,38,,
7/21/2024,585,BB-2,Balboa,Pacific cod,38,,
7/21/2024,585,BB-2,Balboa,Pacific cod,40,,
7/21/2024,585,BB-2,Balboa,Pacific cod,40,,
7/21/2024,585,BB-2,Balboa,Pacific cod,43,,
7/21/2024,585,BB-2,Balboa,Pacific cod,44,,
7/21/2024,585,BB-2,Balboa,Pacific cod,46,,
7/21/2024,585,BB-2,Balboa,Pacific cod,53,,
7/21/2024,585,BB-2,Balboa,Pacific cod,54,,
7/21/2024,585,BB-2,Balboa,Pacific cod,56,,
7/21/2024,585,BB-2,Balboa,Pacific cod,59,,
7/21/2024,585,BB-2,Balboa,saffron cod,49,,
7/21/2024,585,BB-2,Balboa,saffron cod,51,,
7/21/2024,584,BB-3,Balboa,Pacific cod,55,,
7/21/2024,584,BB-3,Balboa,Pacific cod,57,,
7/21/2024,584,BB-3,Balboa,Pacific cod,65,,
7/21/2024,583,BB-4,Balboa,Pacific cod,37,,
7/21/2024,583,BB-4,Balboa,Pacific cod,38,,
7/21/2024,583,BB-4,Balboa,Pacific cod,43,,
7/21/2024,583,BB-4,Balboa,Pacific cod,44,,
7/21/2024,583,BB-4,Balboa,pink salmon,51,,
7/21/2024,583,BB-4,Balboa,saffron cod,50,,
7/21/2024,583,BB-4,Balboa,saffron cod,51,,
7/21/2024,583,BB-4,Balboa,saffron cod,51,,
7/21/2024,583,BB-4,Balboa,saffron cod,51,,
7/21/2024,583,BB-4,Balboa,saffron cod,53,,
7/21/2024,582,BB-7,Balboa,chinook salmon,147,,
7/21/2024,582,BB-7,Balboa,Pacific cod,32,,
7/21/2024,582,BB-7,Balboa,Pacific cod,35,,
7/21/2024,582,BB-7,Balboa,Pacific cod,37,,
7/21/2024,582,BB-7,Balboa,Pacific cod,38,,
7/21/2024,582,BB-7,Balboa,Pacific cod,38,,
7/21/2024,582,BB-7,Balboa,Pacific cod,40,,
7/21/2024,582,BB-7,Balboa,Pacific cod,40,,
7/21/2024,582,BB-7,Balboa,Pacific cod,40,,
7/21/2024,582,BB-7,Balboa,Pacific cod,41,,
7/21/2024,582,BB-7,Balboa,Pacific cod,41,,
7/21/2024,582,BB-7,Balboa,Pacific cod,42,,
7/21/2024,582,BB-7,Balboa,Pacific cod,42,,
7/21/2024,582,BB-7,Balboa,Pacific cod,42,,
7/21/2024,582,BB-7,Balboa,Pacific cod,42,,
7/21/2024,582,BB-7,Balboa,Pacific cod,42,,
7/21/2024,582,BB-7,Balboa,Pacific cod,42,,
7/21/2024,582,BB-7,Balboa,Pacific cod,43,,
7/21/2024,582,BB-7,Balboa,Pacific cod,43,,
7/21/2024,582,BB-7,Balboa,Pacific cod,43,,
7/21/2024,582,BB-7,Balboa,Pacific cod,44,,
7/21/2024,582,BB-7,Balboa,Pacific cod,44,,
7/21/2024,582,BB-7,Balboa,Pacific cod,45,,
7/21/2024,582,BB-7,Balboa,Pacific cod,45,,
7/21/2024,582,BB-7,Balboa,Pacific cod,45,,
7/21/2024,582,BB-7,Balboa,Pacific cod,45,,
7/21/2024,582,BB-7,Balboa,Pacific cod,45,,
7/21/2024,582,BB-7,Balboa,Pacific cod,45,,
7/21/2024,582,BB-7,Balboa,Pacific cod,46,,
7/21/2024,582,BB-7,Balboa,Pacific cod,47,,
7/21/2024,582,BB-7,Balboa,Pacific cod,47,,
7/21/2024,582,BB-7,Balboa,Pacific cod,47,,
7/21/2024,582,BB-7,Balboa,Pacific cod,48,,
7/21/2024,582,BB-7,Balboa,Pacific cod,48,,
7/21/2024,582,BB-7,Balboa,Pacific cod,48,,
7/21/2024,582,BB-7,Balboa,Pacific cod,49,,
7/21/2024,582,BB-7,Balboa,Pacific cod,49,,
7/21/2024,582,BB-7,Balboa,Pacific cod,49,,
7/21/2024,582,BB-7,Balboa,Pacific cod,50,,
7/21/2024,582,BB-7,Balboa,Pacific cod,50,,
7/21/2024,582,BB-7,Balboa,Pacific cod,50,,
7/21/2024,582,BB-7,Balboa,Pacific cod,50,,
7/21/2024,582,BB-7,Balboa,Pacific cod,52,,
7/21/2024,582,BB-7,Balboa,Pacific cod,58,,
7/21/2024,582,BB-7,Balboa,Pacific cod,58,,
7/21/2024,582,BB-7,Balboa,Pacific cod,59,,
7/21/2024,582,BB-7,Balboa,saffron cod,45,,
7/21/2024,582,BB-7,Balboa,saffron cod,46,,
7/21/2024,582,BB-7,Balboa,saffron cod,47,,
7/21/2024,582,BB-7,Balboa,saffron cod,49,,
7/21/2024,582,BB-7,Balboa,saffron cod,53,,
7/21/2024,582,BB-7,Balboa,saffron cod,53,,
6/6/2024,546,Eelgrass North,Cook,starry flounder,102,,
6/6/2024,542,Eelgrass South,Cook,capelin,53,,
6/6/2024,544,Eelgrass West,Cook,Pacific cod,27,,
6/6/2024,544,Eelgrass West,Cook,Pacific cod,31,,
6/6/2024,544,Eelgrass West,Cook,walleye pollock,20,,
6/6/2024,544,Eelgrass West,Cook,walleye pollock,21,,
6/6/2024,544,Eelgrass West,Cook,walleye pollock,21,,
6/6/2024,544,Eelgrass West,Cook,walleye pollock,22,,
6/6/2024,544,Eelgrass West,Cook,walleye pollock,22,,
6/6/2024,544,Eelgrass West,Cook,walleye pollock,22,,
6/6/2024,544,Eelgrass West,Cook,walleye pollock,23,,
7/20/2024,576,Fal-1,Falmouth,black rockfish,56,,
7/20/2024,576,Fal-1,Falmouth,Pacific cod,42,,
7/20/2024,576,Fal-1,Falmouth,Pacific cod,42,,
7/20/2024,576,Fal-1,Falmouth,Pacific cod,43,,
7/20/2024,576,Fal-1,Falmouth,Pacific cod,44,,
7/20/2024,576,Fal-1,Falmouth,Pacific cod,45,,
7/20/2024,576,Fal-1,Falmouth,Pacific cod,45,,
7/20/2024,576,Fal-1,Falmouth,Pacific cod,46,,
7/20/2024,576,Fal-1,Falmouth,Pacific cod,46,,
7/20/2024,576,Fal-1,Falmouth,Pacific cod,46,,
7/20/2024,576,Fal-1,Falmouth,Pacific cod,46,,
7/20/2024,576,Fal-1,Falmouth,Pacific cod,47,,
7/20/2024,576,Fal-1,Falmouth,Pacific cod,47,,
7/20/2024,576,Fal-1,Falmouth,Pacific cod,48,,
7/20/2024,576,Fal-1,Falmouth,Pacific cod,50,,
7/20/2024,576,Fal-1,Falmouth,Pacific cod,50,,
7/20/2024,576,Fal-1,Falmouth,Pacific cod,50,,
7/20/2024,576,Fal-1,Falmouth,Pacific cod,51,,
7/20/2024,576,Fal-1,Falmouth,Pacific cod,52,,
7/20/2024,576,Fal-1,Falmouth,Pacific cod,53,,
7/20/2024,576,Fal-1,Falmouth,Pacific cod,54,,
7/20/2024,576,Fal-1,Falmouth,Pacific cod,55,,
7/20/2024,576,Fal-1,Falmouth,Pacific cod,55,,
7/20/2024,576,Fal-1,Falmouth,Pacific cod,55,,
7/20/2024,576,Fal-1,Falmouth,Pacific cod,56,,
7/20/2024,576,Fal-1,Falmouth,Pacific cod,58,,
7/20/2024,576,Fal-1,Falmouth,Pacific sandfish,65,,
7/20/2024,576,Fal-1,Falmouth,pink salmon,71,,
7/20/2024,576,Fal-1,Falmouth,pink salmon,72,,
7/20/2024,576,Fal-1,Falmouth,pink salmon,74,,
7/20/2024,576,Fal-1,Falmouth,pink salmon,75,,
7/20/2024,576,Fal-1,Falmouth,pink salmon,75,,
7/20/2024,576,Fal-1,Falmouth,pink salmon,76,,
7/20/2024,576,Fal-1,Falmouth,pink salmon,77,,
7/20/2024,580,Fal-2,Falmouth,saffron cod,56,,
7/20/2024,581,Fal-2 extra IPHC,Falmouth,Pacific cod,54,,
7/20/2024,581,Fal-2 extra IPHC,Falmouth,Pacific halibut,160,,
7/20/2024,578,Fal-3,Falmouth,Pacific cod,45,,
7/20/2024,578,Fal-3,Falmouth,Pacific cod,45,,
7/20/2024,578,Fal-3,Falmouth,Pacific cod,46,,
7/20/2024,578,Fal-3,Falmouth,Pacific cod,47,,
7/20/2024,578,Fal-3,Falmouth,Pacific cod,47,,
7/20/2024,578,Fal-3,Falmouth,Pacific cod,47,,
7/20/2024,578,Fal-3,Falmouth,Pacific cod,48,,
7/20/2024,578,Fal-3,Falmouth,Pacific cod,48,,
7/20/2024,578,Fal-3,Falmouth,Pacific cod,48,,
7/20/2024,578,Fal-3,Falmouth,Pacific cod,48,,
7/20/2024,578,Fal-3,Falmouth,Pacific cod,48,,
7/20/2024,578,Fal-3,Falmouth,Pacific cod,50,,
7/20/2024,578,Fal-3,Falmouth,Pacific cod,51,,
7/20/2024,578,Fal-3,Falmouth,Pacific cod,51,,
7/20/2024,578,Fal-3,Falmouth,Pacific cod,51,,
7/20/2024,578,Fal-3,Falmouth,Pacific cod,51,,
7/20/2024,578,Fal-3,Falmouth,Pacific cod,52,,
7/20/2024,578,Fal-3,Falmouth,Pacific cod,53,,
7/20/2024,578,Fal-3,Falmouth,Pacific cod,53,,
7/20/2024,578,Fal-3,Falmouth,Pacific cod,53,,
7/20/2024,578,Fal-3,Falmouth,Pacific cod,53,,
7/20/2024,578,Fal-3,Falmouth,Pacific cod,53,,
7/20/2024,578,Fal-3,Falmouth,Pacific cod,54,,
7/20/2024,578,Fal-3,Falmouth,Pacific cod,54,,
7/20/2024,578,Fal-3,Falmouth,Pacific cod,55,,
7/20/2024,578,Fal-3,Falmouth,Pacific cod,55,,
7/20/2024,578,Fal-3,Falmouth,Pacific cod,55,,
7/20/2024,578,Fal-3,Falmouth,Pacific cod,55,,
7/20/2024,578,Fal-3,Falmouth,Pacific cod,55,,
7/20/2024,578,Fal-3,Falmouth,Pacific cod,55,,
7/20/2024,578,Fal-3,Falmouth,Pacific cod,55,,
7/20/2024,578,Fal-3,Falmouth,Pacific cod,55,,
7/20/2024,578,Fal-3,Falmouth,Pacific cod,56,,
7/20/2024,578,Fal-3,Falmouth,Pacific cod,56,,
7/20/2024,578,Fal-3,Falmouth,Pacific cod,56,,
7/20/2024,578,Fal-3,Falmouth,Pacific cod,56,,
7/20/2024,578,Fal-3,Falmouth,Pacific cod,59,,
7/20/2024,578,Fal-3,Falmouth,Pacific cod,59,,
7/20/2024,578,Fal-3,Falmouth,Pacific cod,60,,
7/20/2024,578,Fal-3,Falmouth,Pacific cod,61,,
7/20/2024,578,Fal-3,Falmouth,Pacific cod,65,,
7/20/2024,578,Fal-3,Falmouth,Pacific sandfish,60,,
7/20/2024,578,Fal-3,Falmouth,Pacific sandfish,64,,
7/20/2024,578,Fal-3,Falmouth,Pacific sandlance,94,,
7/20/2024,578,Fal-3,Falmouth,Pacific sandlance,95,,
7/20/2024,578,Fal-3,Falmouth,Pacific sandlance,98,,
7/20/2024,578,Fal-3,Falmouth,Pacific sandlance,100,,
7/20/2024,578,Fal-3,Falmouth,Pacific sandlance,104,,
7/20/2024,578,Fal-3,Falmouth,Pacific sandlance,104,,
7/20/2024,578,Fal-3,Falmouth,Pacific sandlance,105,,
7/20/2024,578,Fal-3,Falmouth,Pacific sandlance,108,,
7/20/2024,578,Fal-3,Falmouth,Pacific sandlance,110,,
7/20/2024,578,Fal-3,Falmouth,Pacific sandlance,111,,
7/20/2024,578,Fal-3,Falmouth,Pacific sandlance,112,,
7/20/2024,578,Fal-3,Falmouth,Pacific sandlance,116,,
7/20/2024,578,Fal-3,Falmouth,Pacific sandlance,125,,
7/20/2024,579,Fal-4,Falmouth,Pacific cod,42,,
7/20/2024,579,Fal-4,Falmouth,Pacific cod,45,,
7/20/2024,579,Fal-4,Falmouth,Pacific cod,45,,
7/20/2024,579,Fal-4,Falmouth,Pacific cod,45,,
7/20/2024,579,Fal-4,Falmouth,Pacific cod,46,,
7/20/2024,579,Fal-4,Falmouth,Pacific cod,47,,
7/20/2024,579,Fal-4,Falmouth,Pacific cod,48,,
7/20/2024,579,Fal-4,Falmouth,Pacific cod,48,,
7/20/2024,579,Fal-4,Falmouth,Pacific cod,49,,
7/20/2024,579,Fal-4,Falmouth,Pacific cod,50,,
7/20/2024,579,Fal-4,Falmouth,Pacific cod,50,,
7/20/2024,579,Fal-4,Falmouth,Pacific cod,50,,
7/20/2024,579,Fal-4,Falmouth,Pacific cod,50,,
7/20/2024,579,Fal-4,Falmouth,Pacific cod,54,,
7/20/2024,579,Fal-4,Falmouth,Pacific cod,54,,
7/20/2024,579,Fal-4,Falmouth,Pacific cod,55,,
7/20/2024,579,Fal-4,Falmouth,Pacific cod,55,,
7/20/2024,579,Fal-4,Falmouth,Pacific cod,55,,
7/20/2024,579,Fal-4,Falmouth,Pacific cod,55,,
7/20/2024,579,Fal-4,Falmouth,Pacific cod,55,,
7/20/2024,579,Fal-4,Falmouth,Pacific cod,56,,
7/20/2024,579,Fal-4,Falmouth,Pacific cod,56,,
7/20/2024,579,Fal-4,Falmouth,Pacific sandfish,58,,
7/20/2024,579,Fal-4,Falmouth,Pacific sandfish,61,,
7/20/2024,579,Fal-4,Falmouth,Pacific sandfish,63,,
7/20/2024,579,Fal-4,Falmouth,Pacific sandfish,65,,
7/20/2024,579,Fal-4,Falmouth,Pacific sandfish,65,,
7/20/2024,577,Fal-5,Falmouth,Pacific cod,40,,
7/20/2024,577,Fal-5,Falmouth,Pacific cod,47,,
7/20/2024,577,Fal-5,Falmouth,Pacific cod,49,,
7/20/2024,577,Fal-5,Falmouth,Pacific cod,49,,
7/20/2024,577,Fal-5,Falmouth,Pacific cod,49,,
7/20/2024,577,Fal-5,Falmouth,Pacific cod,50,,
7/20/2024,577,Fal-5,Falmouth,Pacific cod,50,,
7/20/2024,577,Fal-5,Falmouth,Pacific cod,51,,
7/20/2024,577,Fal-5,Falmouth,Pacific cod,51,,
7/20/2024,577,Fal-5,Falmouth,Pacific cod,54,,
7/20/2024,577,Fal-5,Falmouth,Pacific cod,55,,
7/20/2024,577,Fal-5,Falmouth,Pacific cod,55,,
7/23/2024,590,Fox-1,Fox,black rockfish,170,,
7/23/2024,590,Fox-1,Fox,black rockfish,173,,
7/23/2024,590,Fox-1,Fox,black rockfish,175,,
7/23/2024,590,Fox-1,Fox,black rockfish,180,,
7/23/2024,590,Fox-1,Fox,black rockfish,186,,
7/23/2024,590,Fox-1,Fox,black rockfish,189,,
7/23/2024,590,Fox-1,Fox,Pacific cod,35,,
7/23/2024,590,Fox-1,Fox,Pacific cod,36,,
7/23/2024,589,Fox-1,Fox,Pacific cod,38,,
7/23/2024,590,Fox-1,Fox,Pacific cod,38,,
7/23/2024,590,Fox-1,Fox,Pacific cod,38,,
7/23/2024,590,Fox-1,Fox,Pacific cod,40,,
7/23/2024,590,Fox-1,Fox,Pacific cod,40,,
7/23/2024,590,Fox-1,Fox,Pacific cod,41,,
7/23/2024,590,Fox-1,Fox,Pacific cod,41,,
7/23/2024,590,Fox-1,Fox,Pacific cod,41,,
7/23/2024,589,Fox-1,Fox,Pacific cod,43,,
7/23/2024,589,Fox-1,Fox,Pacific cod,45,,
7/23/2024,590,Fox-1,Fox,Pacific cod,47,,
7/23/2024,590,Fox-1,Fox,Pacific cod,47,,
7/23/2024,589,Fox-1,Fox,Pacific cod,48,,
7/23/2024,590,Fox-1,Fox,Pacific cod,50,,
7/23/2024,590,Fox-1,Fox,Pacific cod,62,,
7/23/2024,589,Fox-1,Fox,Pacific tomcod,184,,
7/23/2024,590,Fox-1,Fox,saffron cod,247,,
7/23/2024,590,Fox-1,Fox,saffron cod,356,,
7/23/2024,589,Fox-1,Fox,walleye pollock,36,,
7/23/2024,590,Fox-1,Fox,walleye pollock,37,,
7/23/2024,590,Fox-1,Fox,walleye pollock,38,,
7/23/2024,590,Fox-1,Fox,walleye pollock,38,,
7/23/2024,590,Fox-1,Fox,walleye pollock,40,,
7/23/2024,590,Fox-1,Fox,walleye pollock,41,,
7/23/2024,590,Fox-1,Fox,walleye pollock,41,,
7/23/2024,588,Fox-2,Fox,Pacific cod,34,,
7/23/2024,588,Fox-2,Fox,Pacific cod,36,,
7/23/2024,588,Fox-2,Fox,Pacific cod,38,,
7/23/2024,588,Fox-2,Fox,Pacific cod,38,,
7/23/2024,588,Fox-2,Fox,Pacific cod,38,,
7/23/2024,588,Fox-2,Fox,Pacific cod,39,,
7/23/2024,588,Fox-2,Fox,Pacific cod,40,,
7/23/2024,588,Fox-2,Fox,Pacific cod,42,,
7/23/2024,588,Fox-2,Fox,Pacific cod,42,,
7/23/2024,588,Fox-2,Fox,Pacific cod,43,,
7/23/2024,588,Fox-2,Fox,Pacific cod,43,,
7/23/2024,588,Fox-2,Fox,Pacific cod,43,,
7/23/2024,588,Fox-2,Fox,Pacific cod,44,,
7/23/2024,588,Fox-2,Fox,Pacific cod,44,,
7/23/2024,588,Fox-2,Fox,Pacific cod,44,,
7/23/2024,588,Fox-2,Fox,Pacific cod,44,,
7/23/2024,588,Fox-2,Fox,Pacific cod,44,,
7/23/2024,588,Fox-2,Fox,Pacific cod,46,,
7/23/2024,588,Fox-2,Fox,Pacific cod,46,,
7/23/2024,588,Fox-2,Fox,Pacific cod,46,,
7/23/2024,588,Fox-2,Fox,Pacific cod,46,,
7/23/2024,588,Fox-2,Fox,Pacific cod,46,,
7/23/2024,588,Fox-2,Fox,Pacific cod,47,,
7/23/2024,588,Fox-2,Fox,Pacific cod,49,,
7/23/2024,588,Fox-2,Fox,Pacific cod,49,,
7/23/2024,588,Fox-2,Fox,Pacific cod,53,,
7/23/2024,588,Fox-2,Fox,Pacific cod,53,,
7/23/2024,588,Fox-2,Fox,Pacific cod,53,,
7/23/2024,588,Fox-2,Fox,Pacific cod,54,,
7/23/2024,588,Fox-2,Fox,Pacific cod,54,,
7/23/2024,588,Fox-2,Fox,Pacific cod,54,,
7/23/2024,588,Fox-2,Fox,Pacific cod,56,,
7/23/2024,588,Fox-2,Fox,Pacific cod,58,,
7/23/2024,588,Fox-2,Fox,Pacific cod,59,,
7/23/2024,588,Fox-2,Fox,Pacific cod,60,,
7/23/2024,588,Fox-2,Fox,Pacific cod,63,,
7/23/2024,588,Fox-2,Fox,Pacific cod,68,,
7/23/2024,588,Fox-2,Fox,walleye pollock,34,,
7/23/2024,588,Fox-2,Fox,walleye pollock,34,,
7/23/2024,588,Fox-2,Fox,walleye pollock,35,,
7/23/2024,588,Fox-2,Fox,walleye pollock,35,,
7/23/2024,588,Fox-2,Fox,walleye pollock,35,,
7/23/2024,588,Fox-2,Fox,walleye pollock,37,,
7/23/2024,588,Fox-2,Fox,walleye pollock,38,,
7/23/2024,588,Fox-2,Fox,walleye pollock,38,,
7/23/2024,588,Fox-2,Fox,walleye pollock,42,,
7/23/2024,588,Fox-2,Fox,walleye pollock,42,,
7/23/2024,588,Fox-2,Fox,walleye pollock,42,,
7/23/2024,588,Fox-2,Fox,walleye pollock,42,,
7/23/2024,588,Fox-2,Fox,walleye pollock,43,,
7/23/2024,588,Fox-2,Fox,walleye pollock,44,,
7/23/2024,588,Fox-2,Fox,walleye pollock,44,,
7/23/2024,588,Fox-2,Fox,walleye pollock,44,,
7/23/2024,588,Fox-2,Fox,walleye pollock,45,,
7/23/2024,588,Fox-2,Fox,walleye pollock,45,,
7/23/2024,588,Fox-2,Fox,walleye pollock,46,,
7/23/2024,588,Fox-2,Fox,walleye pollock,47,,
7/23/2024,588,Fox-2,Fox,walleye pollock,47,,
7/23/2024,588,Fox-2,Fox,walleye pollock,47,,
7/23/2024,588,Fox-2,Fox,walleye pollock,48,,
7/23/2024,588,Fox-2,Fox,walleye pollock,50,,
7/23/2024,588,Fox-2,Fox,walleye pollock,50,,
7/23/2024,588,Fox-2,Fox,walleye pollock,50,,
7/23/2024,588,Fox-2,Fox,walleye pollock,54,,
7/23/2024,591,Fox-3,Fox,chum salmon,88,,
7/23/2024,591,Fox-3,Fox,pink salmon,57,,
7/23/2024,591,Fox-3,Fox,pink salmon,69,,
7/23/2024,591,Fox-3,Fox,pink salmon,75,,
7/23/2024,591,Fox-3,Fox,pink salmon,78,,
7/23/2024,591,Fox-3,Fox,pink salmon,78,,
7/23/2024,586,Fox-4,Fox,walleye pollock,38,,
7/23/2024,586,Fox-4,Fox,walleye pollock,42,,
7/23/2024,586,Fox-4,Fox,walleye pollock,42,,
7/23/2024,586,Fox-4,Fox,walleye pollock,45,,
7/23/2024,586,Fox-4,Fox,walleye pollock,45,,
7/23/2024,586,Fox-4,Fox,walleye pollock,46,,
7/23/2024,586,Fox-4,Fox,walleye pollock,46,,
7/23/2024,586,Fox-4,Fox,walleye pollock,47,,
7/23/2024,586,Fox-4,Fox,walleye pollock,47,,
7/23/2024,586,Fox-4,Fox,walleye pollock,48,,
7/23/2024,586,Fox-4,Fox,walleye pollock,48,,
7/23/2024,586,Fox-4,Fox,walleye pollock,50,,
7/23/2024,586,Fox-4,Fox,walleye pollock,50,,
7/23/2024,586,Fox-4,Fox,walleye pollock,51,,
7/23/2024,586,Fox-4,Fox,walleye pollock,53,,
7/23/2024,587,Fox-5,Fox,Pacific cod,38,,
7/23/2024,587,Fox-5,Fox,Pacific cod,38,,
7/23/2024,587,Fox-5,Fox,Pacific cod,44,,
7/23/2024,587,Fox-5,Fox,saffron cod,50,,
7/23/2024,587,Fox-5,Fox,walleye pollock,33,,
7/23/2024,587,Fox-5,Fox,walleye pollock,35,,
7/23/2024,587,Fox-5,Fox,walleye pollock,40,,
7/23/2024,587,Fox-5,Fox,walleye pollock,41,,
7/23/2024,587,Fox-5,Fox,walleye pollock,42,,
7/23/2024,587,Fox-5,Fox,walleye pollock,42,,
7/23/2024,587,Fox-5,Fox,walleye pollock,42,,
7/23/2024,587,Fox-5,Fox,walleye pollock,42,,
7/23/2024,587,Fox-5,Fox,walleye pollock,43,,
7/23/2024,587,Fox-5,Fox,walleye pollock,43,,
7/23/2024,587,Fox-5,Fox,walleye pollock,44,,
7/23/2024,587,Fox-5,Fox,walleye pollock,44,,
7/23/2024,587,Fox-5,Fox,walleye pollock,45,,
7/23/2024,587,Fox-5,Fox,walleye pollock,45,,
7/23/2024,587,Fox-5,Fox,walleye pollock,46,,
7/23/2024,587,Fox-5,Fox,walleye pollock,48,,
7/23/2024,587,Fox-5,Fox,walleye pollock,50,,
7/23/2024,587,Fox-5,Fox,walleye pollock,50,,
7/23/2024,587,Fox-5,Fox,walleye pollock,50,,
7/23/2024,587,Fox-5,Fox,walleye pollock,51,,
7/30/2024,598,Jap-1,Japanese ,black rockfish,60,,
7/30/2024,598,Jap-1,Japanese ,Pacific cod,59,,
7/30/2024,598,Jap-1,Japanese ,Pacific cod,60,,
7/30/2024,598,Jap-1,Japanese ,Pacific cod,60,,
7/30/2024,598,Jap-1,Japanese ,Pacific cod,61,,
7/30/2024,598,Jap-1,Japanese ,Pacific cod,61,,
7/30/2024,598,Jap-1,Japanese ,Pacific cod,63,,
7/30/2024,598,Jap-1,Japanese ,Pacific cod,64,,
7/30/2024,598,Jap-1,Japanese ,Pacific cod,65,,
7/30/2024,598,Jap-1,Japanese ,Pacific cod,66,,
7/30/2024,598,Jap-1,Japanese ,Pacific cod,66,,
7/30/2024,598,Jap-1,Japanese ,Pacific cod,67,,
7/30/2024,598,Jap-1,Japanese ,Pacific cod,67,,
7/30/2024,598,Jap-1,Japanese ,Pacific cod,68,,
7/30/2024,598,Jap-1,Japanese ,Pacific cod,68,,
7/30/2024,598,Jap-1,Japanese ,Pacific cod,69,,
7/30/2024,598,Jap-1,Japanese ,Pacific cod,70,,
7/30/2024,598,Jap-1,Japanese ,Pacific cod,70,,
7/30/2024,598,Jap-1,Japanese ,Pacific cod,70,,
7/30/2024,598,Jap-1,Japanese ,Pacific cod,70,,
7/30/2024,598,Jap-1,Japanese ,Pacific cod,70,,
7/30/2024,598,Jap-1,Japanese ,Pacific cod,72,,
7/30/2024,598,Jap-1,Japanese ,Pacific cod,73,,
7/30/2024,598,Jap-1,Japanese ,Pacific cod,73,,
7/30/2024,598,Jap-1,Japanese ,Pacific cod,74,,
7/30/2024,598,Jap-1,Japanese ,Pacific cod,74,,
7/30/2024,598,Jap-1,Japanese ,Pacific cod,75,,
7/30/2024,598,Jap-1,Japanese ,Pacific cod,75,,
7/30/2024,598,Jap-1,Japanese ,Pacific cod,76,,
7/30/2024,598,Jap-1,Japanese ,Pacific cod,76,,
7/30/2024,598,Jap-1,Japanese ,Pacific cod,77,,
7/30/2024,598,Jap-1,Japanese ,Pacific cod,78,,
7/30/2024,598,Jap-1,Japanese ,Pacific cod,78,,
7/30/2024,598,Jap-1,Japanese ,Pacific cod,80,,
7/30/2024,598,Jap-1,Japanese ,Pacific cod,80,,
7/30/2024,598,Jap-1,Japanese ,Pacific cod,90,,
7/30/2024,598,Jap-1,Japanese ,saffron cod,86,,
7/30/2024,598,Jap-1,Japanese ,saffron cod,89,,
7/30/2024,598,Jap-1,Japanese ,saffron cod,90,,
7/30/2024,598,Jap-1,Japanese ,saffron cod,90,,
7/30/2024,598,Jap-1,Japanese ,saffron cod,91,,
7/30/2024,598,Jap-1,Japanese ,saffron cod,94,,
7/30/2024,598,Jap-1,Japanese ,saffron cod,95,,
7/30/2024,598,Jap-1,Japanese ,saffron cod,96,,
7/30/2024,598,Jap-1,Japanese ,saffron cod,99,,
7/31/2024,603,Jap-2,Japanese ,Pacific herring,35,,
7/31/2024,603,Jap-2,Japanese ,Pacific herring,35,,
7/31/2024,603,Jap-2,Japanese ,Pacific herring,38,,
7/31/2024,603,Jap-2,Japanese ,pink salmon,89,,
7/31/2024,601,Jap-3,Japanese ,capelin,68,,
7/31/2024,601,Jap-3,Japanese ,capelin,71,,
7/31/2024,601,Jap-3,Japanese ,capelin,73,,
7/31/2024,601,Jap-3,Japanese ,capelin,79,,
7/31/2024,601,Jap-3,Japanese ,capelin,79,,
7/31/2024,601,Jap-3,Japanese ,capelin,80,,
7/31/2024,601,Jap-3,Japanese ,capelin,82,,
7/31/2024,601,Jap-3,Japanese ,Pacific herring,40,,
7/31/2024,601,Jap-3,Japanese ,Pacific herring,43,,
7/31/2024,601,Jap-3,Japanese ,Pacific herring,45,,
7/31/2024,601,Jap-3,Japanese ,Pacific herring,46,,
7/31/2024,601,Jap-3,Japanese ,Pacific herring,53,,
7/31/2024,601,Jap-3,Japanese ,Pacific herring,55,,
7/31/2024,601,Jap-3,Japanese ,Pacific sandfish,74,,
7/31/2024,601,Jap-3,Japanese ,Pacific sandfish,80,,
7/31/2024,601,Jap-3,Japanese ,Pacific sandfish,85,,
7/31/2024,601,Jap-3,Japanese ,Pacific sandfish,87,,
7/31/2024,601,Jap-3,Japanese ,Pacific sandfish,87,,
7/31/2024,601,Jap-3,Japanese ,Pacific sandfish,88,,
7/31/2024,601,Jap-3,Japanese ,Pacific sandfish,95,,
7/31/2024,601,Jap-3,Japanese ,Pacific sandfish,95,,
7/31/2024,601,Jap-3,Japanese ,Pacific sandfish,97,,
7/31/2024,601,Jap-3,Japanese ,Pacific sandfish,103,,
7/30/2024,599,Jap-4,Japanese ,capelin,44,,
7/30/2024,599,Jap-4,Japanese ,chum salmon,65,,
7/30/2024,599,Jap-4,Japanese ,chum salmon,65,,
7/30/2024,599,Jap-4,Japanese ,chum salmon,77,,
7/30/2024,599,Jap-4,Japanese ,chum salmon,79,,
7/30/2024,599,Jap-4,Japanese ,chum salmon,80,,
7/30/2024,599,Jap-4,Japanese ,chum salmon,80,,
7/30/2024,599,Jap-4,Japanese ,Pacific cod,62,,
7/30/2024,599,Jap-4,Japanese ,Pacific cod,65,,
7/30/2024,599,Jap-4,Japanese ,Pacific cod,65,,
7/30/2024,599,Jap-4,Japanese ,Pacific cod,68,,
7/30/2024,599,Jap-4,Japanese ,Pacific cod,68,,
7/30/2024,599,Jap-4,Japanese ,Pacific cod,70,,
7/30/2024,599,Jap-4,Japanese ,Pacific cod,71,,
7/30/2024,599,Jap-4,Japanese ,Pacific cod,71,,
7/30/2024,599,Jap-4,Japanese ,Pacific cod,98,,
7/30/2024,599,Jap-4,Japanese ,Pacific cod,101,,
7/30/2024,599,Jap-4,Japanese ,saffron cod,91,,
7/30/2024,599,Jap-4,Japanese ,saffron cod,94,,
7/30/2024,599,Jap-4,Japanese ,saffron cod,102,,
7/30/2024,599,Jap-4,Japanese ,saffron cod,105,,
7/30/2024,600,Jap-5,Japanese ,chum salmon,66,,
7/30/2024,600,Jap-5,Japanese ,Pacific cod,65,,
7/30/2024,600,Jap-5,Japanese ,Pacific cod,70,,
7/30/2024,600,Jap-5,Japanese ,Pacific cod,76,,
7/30/2024,600,Jap-5,Japanese ,saffron cod,85,,
7/30/2024,600,Jap-5,Japanese ,saffron cod,90,,
7/30/2024,600,Jap-5,Japanese ,saffron cod,94,,
7/31/2024,604,Jap-6,Japanese ,black rockfish,60,,
7/31/2024,604,Jap-6,Japanese ,chum salmon,57,,
7/31/2024,604,Jap-6,Japanese ,copper rockfish,81,,
7/31/2024,604,Jap-6,Japanese ,copper rockfish,82,,
7/31/2024,604,Jap-6,Japanese ,Pacific cod,60,,
7/31/2024,604,Jap-6,Japanese ,Pacific cod,62,,
7/31/2024,604,Jap-6,Japanese ,Pacific cod,62,,
7/31/2024,604,Jap-6,Japanese ,Pacific cod,64,,
7/31/2024,604,Jap-6,Japanese ,Pacific cod,64,,
7/31/2024,604,Jap-6,Japanese ,Pacific cod,64,,
7/31/2024,604,Jap-6,Japanese ,Pacific cod,64,,
7/31/2024,604,Jap-6,Japanese ,Pacific cod,65,,
7/31/2024,604,Jap-6,Japanese ,Pacific cod,66,,
7/31/2024,604,Jap-6,Japanese ,Pacific cod,67,,
7/31/2024,604,Jap-6,Japanese ,Pacific cod,67,,
7/31/2024,604,Jap-6,Japanese ,Pacific cod,70,,
7/31/2024,604,Jap-6,Japanese ,Pacific cod,70,,
7/31/2024,604,Jap-6,Japanese ,Pacific cod,72,,
7/31/2024,604,Jap-6,Japanese ,Pacific cod,72,,
7/31/2024,604,Jap-6,Japanese ,Pacific cod,73,,
7/31/2024,604,Jap-6,Japanese ,Pacific cod,73,,
7/31/2024,604,Jap-6,Japanese ,Pacific cod,75,,
7/31/2024,604,Jap-6,Japanese ,Pacific cod,75,,
7/31/2024,604,Jap-6,Japanese ,Pacific cod,78,,
7/31/2024,604,Jap-6,Japanese ,Pacific cod,78,,
7/31/2024,604,Jap-6,Japanese ,Pacific cod,79,,
7/31/2024,604,Jap-6,Japanese ,Pacific cod,81,,
7/31/2024,604,Jap-6,Japanese ,Pacific herring,40,,
7/31/2024,604,Jap-6,Japanese ,Pacific herring,42,,
7/31/2024,604,Jap-6,Japanese ,Pacific herring,48,,
7/31/2024,604,Jap-6,Japanese ,Pacific herring,51,,
7/31/2024,604,Jap-6,Japanese ,Pacific herring,52,,
7/31/2024,604,Jap-6,Japanese ,pink salmon,74,,
7/31/2024,604,Jap-6,Japanese ,pink salmon,80,,
7/31/2024,604,Jap-6,Japanese ,pink salmon,82,,
7/31/2024,604,Jap-6,Japanese ,pink salmon,84,,
7/31/2024,604,Jap-6,Japanese ,pink salmon,90,,
7/31/2024,604,Jap-6,Japanese ,pink salmon,92,,
7/31/2024,604,Jap-6,Japanese ,pink salmon,93,,
7/31/2024,604,Jap-6,Japanese ,pink salmon,93,,
7/31/2024,604,Jap-6,Japanese ,pink salmon,95,,
7/31/2024,604,Jap-6,Japanese ,pink salmon,98,,
7/31/2024,604,Jap-6,Japanese ,pink salmon,102,,
7/31/2024,604,Jap-6,Japanese ,pink salmon,535,,
7/31/2024,604,Jap-6,Japanese ,saffron cod,87,,
7/31/2024,604,Jap-6,Japanese ,saffron cod,89,,
7/31/2024,604,Jap-6,Japanese ,saffron cod,90,,
7/31/2024,604,Jap-6,Japanese ,saffron cod,90,,
7/31/2024,604,Jap-6,Japanese ,saffron cod,95,,
7/31/2024,604,Jap-6,Japanese ,saffron cod,95,,
7/31/2024,604,Jap-6,Japanese ,saffron cod,95,,
7/31/2024,604,Jap-6,Japanese ,saffron cod,98,,
7/31/2024,604,Jap-6,Japanese ,saffron cod,98,,
7/31/2024,604,Jap-6,Japanese ,saffron cod,98,,
7/31/2024,604,Jap-6,Japanese ,saffron cod,99,,
7/31/2024,604,Jap-6,Japanese ,saffron cod,101,,
7/31/2024,604,Jap-6,Japanese ,saffron cod,102,,
7/31/2024,604,Jap-6,Japanese ,walleye pollock,70,,
7/31/2024,604,Jap-6,Japanese ,walleye pollock,89,,
7/31/2024,602,Jap-7,Japanese ,black rockfish,56,,
7/31/2024,602,Jap-7,Japanese ,black rockfish,57,,
7/31/2024,602,Jap-7,Japanese ,black rockfish,57,,
7/31/2024,602,Jap-7,Japanese ,black rockfish,58,,
7/31/2024,602,Jap-7,Japanese ,black rockfish,59,,
7/31/2024,602,Jap-7,Japanese ,black rockfish,59,,
7/31/2024,602,Jap-7,Japanese ,black rockfish,207,,
7/31/2024,602,Jap-7,Japanese ,black rockfish,220,,
7/31/2024,602,Jap-7,Japanese ,Pacific cod,55,,
7/31/2024,602,Jap-7,Japanese ,Pacific cod,57,,
7/31/2024,602,Jap-7,Japanese ,Pacific cod,57,,
7/31/2024,602,Jap-7,Japanese ,Pacific cod,58,,
7/31/2024,602,Jap-7,Japanese ,Pacific cod,58,,
7/31/2024,602,Jap-7,Japanese ,Pacific cod,60,,
7/31/2024,602,Jap-7,Japanese ,Pacific cod,60,,
7/31/2024,602,Jap-7,Japanese ,Pacific cod,64,,
7/31/2024,602,Jap-7,Japanese ,Pacific cod,64,,
7/31/2024,602,Jap-7,Japanese ,Pacific cod,65,,
7/31/2024,602,Jap-7,Japanese ,Pacific cod,65,,
7/31/2024,602,Jap-7,Japanese ,Pacific cod,65,,
7/31/2024,602,Jap-7,Japanese ,Pacific cod,65,,
7/31/2024,602,Jap-7,Japanese ,Pacific cod,65,,
7/31/2024,602,Jap-7,Japanese ,Pacific cod,67,,
7/31/2024,602,Jap-7,Japanese ,Pacific cod,68,,
7/31/2024,602,Jap-7,Japanese ,Pacific cod,68,,
7/31/2024,602,Jap-7,Japanese ,Pacific cod,70,,
7/31/2024,602,Jap-7,Japanese ,Pacific cod,70,,
7/31/2024,602,Jap-7,Japanese ,Pacific cod,70,,
7/31/2024,602,Jap-7,Japanese ,Pacific cod,70,,
7/31/2024,602,Jap-7,Japanese ,Pacific cod,70,,
7/31/2024,602,Jap-7,Japanese ,Pacific cod,71,,
7/31/2024,602,Jap-7,Japanese ,Pacific cod,73,,
7/31/2024,602,Jap-7,Japanese ,Pacific cod,74,,
7/31/2024,602,Jap-7,Japanese ,Pacific cod,74,,
7/31/2024,602,Jap-7,Japanese ,Pacific cod,74,,
7/31/2024,602,Jap-7,Japanese ,Pacific cod,75,,
7/31/2024,602,Jap-7,Japanese ,Pacific cod,75,,
7/31/2024,602,Jap-7,Japanese ,Pacific cod,76,,
7/31/2024,602,Jap-7,Japanese ,Pacific cod,78,,
7/31/2024,602,Jap-7,Japanese ,Pacific cod,80,,
7/31/2024,602,Jap-7,Japanese ,pink salmon,101,,
7/31/2024,602,Jap-7,Japanese ,saffron cod,85,,
7/31/2024,602,Jap-7,Japanese ,saffron cod,90,, 
7/31/2024,602,Jap-7,Japanese ,saffron cod,98,,
7/31/2024,602,Jap-7,Japanese ,saffron cod,98,,
7/31/2024,602,Jap-7,Japanese ,walleye pollock,74,,
7/5/2024,557,Kai-1,Kaiugnak,chum salmon,58,,
7/5/2024,557,Kai-1,Kaiugnak,chum salmon,59,,
7/5/2024,557,Kai-1,Kaiugnak,Pacific cod,31,,
7/5/2024,556,Kai-2,Kaiugnak,chum salmon,63,,
7/5/2024,556,Kai-2,Kaiugnak,Pacific herring,102,,
7/5/2024,556,Kai-2,Kaiugnak,Pacific herring,104,,
7/5/2024,556,Kai-2,Kaiugnak,Pacific herring,105,,
7/5/2024,556,Kai-2,Kaiugnak,Pacific herring,106,,
7/5/2024,556,Kai-2,Kaiugnak,Pacific herring,109,,
7/5/2024,556,Kai-2,Kaiugnak,Pacific herring,109,,
7/5/2024,556,Kai-2,Kaiugnak,Pacific herring,109,,
7/5/2024,556,Kai-2,Kaiugnak,Pacific herring,110,,
7/5/2024,556,Kai-2,Kaiugnak,Pacific herring,110,,
7/5/2024,556,Kai-2,Kaiugnak,Pacific herring,110,,
7/5/2024,556,Kai-2,Kaiugnak,Pacific herring,111,,
7/5/2024,556,Kai-2,Kaiugnak,Pacific herring,113,,
7/5/2024,556,Kai-2,Kaiugnak,Pacific herring,114,,
7/5/2024,556,Kai-2,Kaiugnak,Pacific herring,115,,
7/5/2024,556,Kai-2,Kaiugnak,Pacific herring,115,,
7/5/2024,556,Kai-2,Kaiugnak,Pacific herring,116,,
7/5/2024,556,Kai-2,Kaiugnak,Pacific herring,116,,
7/5/2024,556,Kai-2,Kaiugnak,Pacific herring,120,,
7/5/2024,556,Kai-2,Kaiugnak,Pacific herring,120,,
7/5/2024,552,Kai-3,Kaiugnak,chum salmon,61,,
7/5/2024,554,Kai-7,Kaiugnak,dolly varden,273,,
7/5/2024,554,Kai-7,Kaiugnak,Pacific cod,32,,
7/5/2024,554,Kai-7,Kaiugnak,Pacific cod,36,,
7/5/2024,554,Kai-7,Kaiugnak,Pacific cod,38,,
7/5/2024,554,Kai-7,Kaiugnak,Pacific cod,38,,
7/5/2024,554,Kai-7,Kaiugnak,Pacific cod,38,,
7/5/2024,554,Kai-7,Kaiugnak,Pacific cod,39,,
7/5/2024,554,Kai-7,Kaiugnak,Pacific cod,40,,
7/5/2024,554,Kai-7,Kaiugnak,Pacific cod,40,,
7/5/2024,554,Kai-7,Kaiugnak,Pacific cod,40,,
7/5/2024,554,Kai-7,Kaiugnak,Pacific cod,40,,
7/5/2024,554,Kai-7,Kaiugnak,Pacific cod,41,,
7/5/2024,554,Kai-7,Kaiugnak,Pacific cod,41,,
7/5/2024,554,Kai-7,Kaiugnak,Pacific cod,42,,
7/5/2024,554,Kai-7,Kaiugnak,Pacific cod,42,,
7/5/2024,554,Kai-7,Kaiugnak,Pacific cod,42,,
7/5/2024,554,Kai-7,Kaiugnak,Pacific cod,42,,
7/5/2024,554,Kai-7,Kaiugnak,Pacific cod,43,,
7/5/2024,554,Kai-7,Kaiugnak,Pacific cod,44,,
7/5/2024,554,Kai-7,Kaiugnak,Pacific cod,44,,
7/5/2024,554,Kai-7,Kaiugnak,Pacific cod,44,,
7/5/2024,554,Kai-7,Kaiugnak,Pacific cod,44,,
7/5/2024,554,Kai-7,Kaiugnak,Pacific cod,44,,
7/5/2024,554,Kai-7,Kaiugnak,Pacific cod,46,,
7/5/2024,554,Kai-7,Kaiugnak,Pacific cod,46,,
7/5/2024,554,Kai-7,Kaiugnak,Pacific cod,48,,
7/5/2024,554,Kai-7,Kaiugnak,Pacific cod,221,,
7/5/2024,554,Kai-7,Kaiugnak,saffron cod,42,,
7/5/2024,554,Kai-7,Kaiugnak,saffron cod,43,,
7/5/2024,554,Kai-7,Kaiugnak,saffron cod,43,,
7/5/2024,554,Kai-7,Kaiugnak,saffron cod,45,,
7/5/2024,554,Kai-7,Kaiugnak,saffron cod,46,,
7/5/2024,554,Kai-7,Kaiugnak,saffron cod,46,,
7/5/2024,554,Kai-7,Kaiugnak,saffron cod,47,,
7/5/2024,554,Kai-7,Kaiugnak,saffron cod,48,,
7/5/2024,554,Kai-7,Kaiugnak,saffron cod,51,,
7/5/2024,554,Kai-7,Kaiugnak,saffron cod,52,,
7/5/2024,554,Kai-7,Kaiugnak,saffron cod,53,,
7/5/2024,554,Kai-7,Kaiugnak,saffron cod,54,,
7/5/2024,554,Kai-7,Kaiugnak,saffron cod,54,,
7/5/2024,554,Kai-7,Kaiugnak,walleye pollock,37,,
7/5/2024,554,Kai-7,Kaiugnak,walleye pollock,38,,
7/5/2024,554,Kai-7,Kaiugnak,walleye pollock,46,,
7/5/2024,554,Kai-7,Kaiugnak,walleye pollock,141,,
7/5/2024,554,Kai-7,Kaiugnak,walleye pollock,294,,
7/3/2024,549,Kilu-3,Kiliuda,capelin,48,,
7/3/2024,549,Kilu-3,Kiliuda,Pacific cod,26,,
7/3/2024,549,Kilu-3,Kiliuda,Pacific cod,28,,
7/3/2024,549,Kilu-3,Kiliuda,Pacific cod,31,,
7/3/2024,549,Kilu-3,Kiliuda,Pacific cod,31,,
7/3/2024,549,Kilu-3,Kiliuda,Pacific cod,32,,
7/3/2024,549,Kilu-3,Kiliuda,Pacific cod,32,,
7/3/2024,549,Kilu-3,Kiliuda,Pacific cod,32,,
7/3/2024,549,Kilu-3,Kiliuda,Pacific cod,33,,
7/3/2024,549,Kilu-3,Kiliuda,Pacific cod,33,,
7/3/2024,549,Kilu-3,Kiliuda,Pacific cod,33,,
7/3/2024,549,Kilu-3,Kiliuda,Pacific cod,34,,
7/3/2024,549,Kilu-3,Kiliuda,Pacific cod,34,,
7/3/2024,549,Kilu-3,Kiliuda,Pacific cod,35,,
7/3/2024,549,Kilu-3,Kiliuda,Pacific cod,35,,
7/3/2024,549,Kilu-3,Kiliuda,Pacific cod,35,,
7/3/2024,549,Kilu-3,Kiliuda,Pacific cod,36,,
7/3/2024,549,Kilu-3,Kiliuda,Pacific cod,36,,
7/3/2024,549,Kilu-3,Kiliuda,Pacific cod,37,,
7/3/2024,549,Kilu-3,Kiliuda,Pacific cod,37,,
7/3/2024,549,Kilu-3,Kiliuda,Pacific cod,37,,
7/3/2024,549,Kilu-3,Kiliuda,Pacific cod,38,,
7/3/2024,549,Kilu-3,Kiliuda,Pacific cod,38,,
7/3/2024,549,Kilu-3,Kiliuda,Pacific cod,38,,
7/3/2024,549,Kilu-3,Kiliuda,Pacific cod,38,,
7/3/2024,549,Kilu-3,Kiliuda,Pacific cod,38,,
7/3/2024,549,Kilu-3,Kiliuda,Pacific cod,39,,
7/3/2024,549,Kilu-3,Kiliuda,Pacific cod,40,,
7/3/2024,549,Kilu-3,Kiliuda,Pacific cod,40,,
7/3/2024,549,Kilu-3,Kiliuda,Pacific cod,40,,
7/3/2024,549,Kilu-3,Kiliuda,Pacific cod,41,,
7/3/2024,549,Kilu-3,Kiliuda,Pacific cod,41,,
7/3/2024,549,Kilu-3,Kiliuda,Pacific cod,43,,
7/3/2024,549,Kilu-3,Kiliuda,Pacific cod,43,,
7/3/2024,549,Kilu-3,Kiliuda,Pacific cod,44,,
7/3/2024,549,Kilu-3,Kiliuda,Pacific cod,44,,
7/3/2024,549,Kilu-3,Kiliuda,Pacific cod,44,,
7/3/2024,549,Kilu-3,Kiliuda,Pacific cod,46,,
7/3/2024,549,Kilu-3,Kiliuda,Pacific cod,48,,
7/3/2024,549,Kilu-3,Kiliuda,Pacific cod,48,,
7/3/2024,549,Kilu-3,Kiliuda,Pacific cod,49,,
7/3/2024,549,Kilu-3,Kiliuda,Pacific cod,52,,
7/3/2024,549,Kilu-3,Kiliuda,saffron cod,57,,
7/3/2024,549,Kilu-3,Kiliuda,saffron cod,58,,
7/3/2024,549,Kilu-3,Kiliuda,saffron cod,60,,
7/3/2024,549,Kilu-3,Kiliuda,walleye pollock,38,,
7/3/2024,551,Kilu-4,Kiliuda,chum salmon,60,,
7/3/2024,551,Kilu-4,Kiliuda,Pacific cod,27,,
7/3/2024,551,Kilu-4,Kiliuda,Pacific cod,29,,
7/3/2024,551,Kilu-4,Kiliuda,Pacific cod,33,,
7/3/2024,551,Kilu-4,Kiliuda,Pacific cod,34,,
7/3/2024,551,Kilu-4,Kiliuda,Pacific cod,35,,
7/3/2024,551,Kilu-4,Kiliuda,Pacific cod,35,,
7/3/2024,551,Kilu-4,Kiliuda,Pacific cod,35,,
7/3/2024,551,Kilu-4,Kiliuda,Pacific cod,38,,
7/3/2024,551,Kilu-4,Kiliuda,Pacific cod,38,,
7/3/2024,551,Kilu-4,Kiliuda,Pacific cod,39,,
7/3/2024,551,Kilu-4,Kiliuda,Pacific cod,39,,
7/3/2024,551,Kilu-4,Kiliuda,Pacific cod,40,,
7/3/2024,551,Kilu-4,Kiliuda,Pacific cod,41,,
7/3/2024,551,Kilu-4,Kiliuda,Pacific cod,43,,
7/3/2024,551,Kilu-4,Kiliuda,Pacific cod,43,,
7/3/2024,551,Kilu-4,Kiliuda,Pacific cod,44,,
7/3/2024,548,Kilu-5,Kiliuda,capelin,50,,
7/3/2024,548,Kilu-5,Kiliuda,capelin,51,,
7/3/2024,548,Kilu-5,Kiliuda,capelin,52,,
7/3/2024,548,Kilu-5,Kiliuda,capelin,54,,
7/3/2024,548,Kilu-5,Kiliuda,capelin,54,,
7/3/2024,548,Kilu-5,Kiliuda,capelin,56,,
7/3/2024,548,Kilu-5,Kiliuda,capelin,56,,
7/3/2024,548,Kilu-5,Kiliuda,capelin,56,,
7/3/2024,548,Kilu-5,Kiliuda,capelin,57,,
7/3/2024,548,Kilu-5,Kiliuda,capelin,58,,
7/3/2024,548,Kilu-5,Kiliuda,capelin,58,,
7/3/2024,548,Kilu-5,Kiliuda,capelin,62,,
7/3/2024,548,Kilu-5,Kiliuda,capelin,65,,
7/3/2024,548,Kilu-5,Kiliuda,capelin,65,,
7/3/2024,548,Kilu-5,Kiliuda,capelin,65,,
7/3/2024,548,Kilu-5,Kiliuda,Pacific cod,22,,
7/3/2024,548,Kilu-5,Kiliuda,Pacific cod,28,,
7/3/2024,548,Kilu-5,Kiliuda,Pacific cod,30,,
7/3/2024,548,Kilu-5,Kiliuda,Pacific cod,30,,
7/3/2024,548,Kilu-5,Kiliuda,Pacific cod,31,,
7/3/2024,548,Kilu-5,Kiliuda,Pacific cod,32,,
7/3/2024,548,Kilu-5,Kiliuda,Pacific cod,32,,
7/3/2024,548,Kilu-5,Kiliuda,Pacific cod,33,,
7/3/2024,548,Kilu-5,Kiliuda,Pacific cod,33,,
7/3/2024,548,Kilu-5,Kiliuda,Pacific cod,33,,
7/3/2024,548,Kilu-5,Kiliuda,Pacific cod,33,,
7/3/2024,548,Kilu-5,Kiliuda,Pacific cod,34,,
7/3/2024,548,Kilu-5,Kiliuda,Pacific cod,34,,
7/3/2024,548,Kilu-5,Kiliuda,Pacific cod,34,,
7/3/2024,548,Kilu-5,Kiliuda,Pacific cod,34,,
7/3/2024,548,Kilu-5,Kiliuda,Pacific cod,35,,
7/3/2024,548,Kilu-5,Kiliuda,Pacific cod,35,,
7/3/2024,548,Kilu-5,Kiliuda,Pacific cod,35,,
7/3/2024,548,Kilu-5,Kiliuda,Pacific cod,35,,
7/3/2024,548,Kilu-5,Kiliuda,Pacific cod,36,,
7/3/2024,548,Kilu-5,Kiliuda,Pacific cod,36,,
7/3/2024,548,Kilu-5,Kiliuda,Pacific cod,37,,
7/3/2024,548,Kilu-5,Kiliuda,Pacific cod,37,,
7/3/2024,548,Kilu-5,Kiliuda,Pacific cod,37,,
7/3/2024,548,Kilu-5,Kiliuda,Pacific cod,37,,
7/3/2024,548,Kilu-5,Kiliuda,Pacific cod,37,,
7/3/2024,548,Kilu-5,Kiliuda,Pacific cod,37,,
7/3/2024,548,Kilu-5,Kiliuda,Pacific cod,37,,
7/3/2024,548,Kilu-5,Kiliuda,Pacific cod,37,,
7/3/2024,548,Kilu-5,Kiliuda,Pacific cod,38,,
7/3/2024,548,Kilu-5,Kiliuda,Pacific cod,38,,
7/3/2024,548,Kilu-5,Kiliuda,Pacific cod,38,,
7/3/2024,548,Kilu-5,Kiliuda,Pacific cod,38,,
7/3/2024,548,Kilu-5,Kiliuda,Pacific cod,38,,
7/3/2024,548,Kilu-5,Kiliuda,Pacific cod,38,,
7/3/2024,548,Kilu-5,Kiliuda,Pacific cod,39,,
7/3/2024,548,Kilu-5,Kiliuda,Pacific cod,39,,
7/3/2024,548,Kilu-5,Kiliuda,Pacific cod,39,,
7/3/2024,548,Kilu-5,Kiliuda,Pacific cod,39,,
7/3/2024,548,Kilu-5,Kiliuda,Pacific cod,40,,
7/3/2024,548,Kilu-5,Kiliuda,Pacific cod,42,,
7/3/2024,548,Kilu-5,Kiliuda,Pacific cod,42,,
7/3/2024,548,Kilu-5,Kiliuda,Pacific cod,42,,
7/3/2024,548,Kilu-5,Kiliuda,Pacific cod,42,,
7/3/2024,548,Kilu-5,Kiliuda,Pacific cod,42,,
7/3/2024,548,Kilu-5,Kiliuda,Pacific cod,42,,
7/3/2024,548,Kilu-5,Kiliuda,Pacific cod,43,,
7/3/2024,548,Kilu-5,Kiliuda,Pacific cod,43,,
7/3/2024,548,Kilu-5,Kiliuda,Pacific cod,43,,
7/3/2024,548,Kilu-5,Kiliuda,Pacific cod,43,,
7/3/2024,548,Kilu-5,Kiliuda,Pacific cod,44,,
7/3/2024,548,Kilu-5,Kiliuda,Pacific cod,45,,
7/3/2024,548,Kilu-5,Kiliuda,Pacific cod,45,,
7/3/2024,548,Kilu-5,Kiliuda,Pacific cod,47,,
7/3/2024,548,Kilu-5,Kiliuda,Pacific cod,47,,
7/3/2024,548,Kilu-5,Kiliuda,Pacific cod,52,,
7/3/2024,548,Kilu-5,Kiliuda,Pacific cod,52,,
7/3/2024,548,Kilu-5,Kiliuda,walleye pollock,24,,
7/3/2024,548,Kilu-5,Kiliuda,walleye pollock,24,,
7/3/2024,548,Kilu-5,Kiliuda,walleye pollock,27,,
7/3/2024,548,Kilu-5,Kiliuda,walleye pollock,28,,
7/3/2024,548,Kilu-5,Kiliuda,walleye pollock,30,,
7/3/2024,548,Kilu-5,Kiliuda,walleye pollock,31,,
7/3/2024,548,Kilu-5,Kiliuda,walleye pollock,34,,
7/3/2024,548,Kilu-5,Kiliuda,walleye pollock,35,,
7/3/2024,548,Kilu-5,Kiliuda,walleye pollock,35,,
7/3/2024,548,Kilu-5,Kiliuda,walleye pollock,36,,
7/3/2024,548,Kilu-5,Kiliuda,walleye pollock,37,,
7/3/2024,548,Kilu-5,Kiliuda,walleye pollock,37,,
7/3/2024,548,Kilu-5,Kiliuda,walleye pollock,38,,
7/3/2024,548,Kilu-5,Kiliuda,walleye pollock,38,,
7/3/2024,548,Kilu-5,Kiliuda,walleye pollock,38,,
7/3/2024,548,Kilu-5,Kiliuda,walleye pollock,38,,
7/3/2024,548,Kilu-5,Kiliuda,walleye pollock,38,,
7/3/2024,548,Kilu-5,Kiliuda,walleye pollock,40,,
7/3/2024,548,Kilu-5,Kiliuda,walleye pollock,41,,
7/3/2024,548,Kilu-5,Kiliuda,walleye pollock,41,,
7/3/2024,548,Kilu-5,Kiliuda,walleye pollock,42,,
7/3/2024,548,Kilu-5,Kiliuda,walleye pollock,42,,
7/3/2024,548,Kilu-5,Kiliuda,walleye pollock,42,,
7/3/2024,548,Kilu-5,Kiliuda,walleye pollock,43,,
7/3/2024,548,Kilu-5,Kiliuda,walleye pollock,44,,
7/3/2024,548,Kilu-5,Kiliuda,walleye pollock,44,,
7/3/2024,548,Kilu-5,Kiliuda,walleye pollock,47,,
7/3/2024,547,Kilu-6,Kiliuda,Pacific cod,31,,
7/3/2024,547,Kilu-6,Kiliuda,Pacific cod,31,,
7/3/2024,547,Kilu-6,Kiliuda,Pacific cod,34,,
7/3/2024,547,Kilu-6,Kiliuda,Pacific cod,35,,
7/3/2024,547,Kilu-6,Kiliuda,Pacific cod,35,,
7/3/2024,547,Kilu-6,Kiliuda,Pacific cod,36,,
7/3/2024,547,Kilu-6,Kiliuda,Pacific cod,36,,
7/3/2024,547,Kilu-6,Kiliuda,Pacific cod,36,,
7/3/2024,547,Kilu-6,Kiliuda,Pacific cod,37,,
7/3/2024,547,Kilu-6,Kiliuda,Pacific cod,37,,
7/3/2024,547,Kilu-6,Kiliuda,Pacific cod,37,,
7/3/2024,547,Kilu-6,Kiliuda,Pacific cod,37,,
7/3/2024,547,Kilu-6,Kiliuda,Pacific cod,37,,
7/3/2024,547,Kilu-6,Kiliuda,Pacific cod,37,,
7/3/2024,547,Kilu-6,Kiliuda,Pacific cod,37,,
7/3/2024,547,Kilu-6,Kiliuda,Pacific cod,38,,
7/3/2024,547,Kilu-6,Kiliuda,Pacific cod,38,,
7/3/2024,547,Kilu-6,Kiliuda,Pacific cod,38,,
7/3/2024,547,Kilu-6,Kiliuda,Pacific cod,38,,
7/3/2024,547,Kilu-6,Kiliuda,Pacific cod,38,,
7/3/2024,547,Kilu-6,Kiliuda,Pacific cod,39,,
7/3/2024,547,Kilu-6,Kiliuda,Pacific cod,39,,
7/3/2024,547,Kilu-6,Kiliuda,Pacific cod,40,,
7/3/2024,547,Kilu-6,Kiliuda,Pacific cod,40,,
7/3/2024,547,Kilu-6,Kiliuda,Pacific cod,40,,
7/3/2024,547,Kilu-6,Kiliuda,Pacific cod,40,,
7/3/2024,547,Kilu-6,Kiliuda,Pacific cod,41,,
7/3/2024,547,Kilu-6,Kiliuda,Pacific cod,43,,
7/3/2024,547,Kilu-6,Kiliuda,Pacific cod,43,,
7/3/2024,547,Kilu-6,Kiliuda,Pacific cod,44,,
7/3/2024,547,Kilu-6,Kiliuda,Pacific cod,45,,
7/3/2024,547,Kilu-6,Kiliuda,Pacific cod,46,,
7/3/2024,547,Kilu-6,Kiliuda,Pacific cod,49,,
7/3/2024,547,Kilu-6,Kiliuda,Pacific cod,52,,
7/3/2024,547,Kilu-6,Kiliuda,Pacific cod,54,,
7/3/2024,547,Kilu-6,Kiliuda,walleye pollock,28,,
7/3/2024,547,Kilu-6,Kiliuda,walleye pollock,28,,
7/3/2024,547,Kilu-6,Kiliuda,walleye pollock,30,,
7/3/2024,547,Kilu-6,Kiliuda,walleye pollock,31,,
7/3/2024,547,Kilu-6,Kiliuda,walleye pollock,31,,
7/3/2024,547,Kilu-6,Kiliuda,walleye pollock,32,,
7/3/2024,547,Kilu-6,Kiliuda,walleye pollock,32,,
7/3/2024,547,Kilu-6,Kiliuda,walleye pollock,32,,
7/3/2024,547,Kilu-6,Kiliuda,walleye pollock,32,,
7/3/2024,547,Kilu-6,Kiliuda,walleye pollock,32,,
7/3/2024,547,Kilu-6,Kiliuda,walleye pollock,33,,
7/3/2024,547,Kilu-6,Kiliuda,walleye pollock,33,,
7/3/2024,547,Kilu-6,Kiliuda,walleye pollock,33,,
7/3/2024,547,Kilu-6,Kiliuda,walleye pollock,33,,
7/3/2024,547,Kilu-6,Kiliuda,walleye pollock,33,,
7/3/2024,547,Kilu-6,Kiliuda,walleye pollock,33,,
7/3/2024,547,Kilu-6,Kiliuda,walleye pollock,34,,
7/3/2024,547,Kilu-6,Kiliuda,walleye pollock,34,,
7/3/2024,547,Kilu-6,Kiliuda,walleye pollock,34,,
7/3/2024,547,Kilu-6,Kiliuda,walleye pollock,34,,
7/3/2024,547,Kilu-6,Kiliuda,walleye pollock,36,,
7/3/2024,547,Kilu-6,Kiliuda,walleye pollock,37,,
7/3/2024,547,Kilu-6,Kiliuda,walleye pollock,37,,
7/3/2024,547,Kilu-6,Kiliuda,walleye pollock,37,,
7/3/2024,547,Kilu-6,Kiliuda,walleye pollock,38,,
7/3/2024,547,Kilu-6,Kiliuda,walleye pollock,38,,
7/3/2024,547,Kilu-6,Kiliuda,walleye pollock,38,,
7/3/2024,547,Kilu-6,Kiliuda,walleye pollock,38,,
7/3/2024,547,Kilu-6,Kiliuda,walleye pollock,38,,
7/3/2024,547,Kilu-6,Kiliuda,walleye pollock,38,,
7/3/2024,547,Kilu-6,Kiliuda,walleye pollock,39,,
7/3/2024,547,Kilu-6,Kiliuda,walleye pollock,39,,
7/3/2024,547,Kilu-6,Kiliuda,walleye pollock,40,,
7/3/2024,547,Kilu-6,Kiliuda,walleye pollock,40,,
7/3/2024,547,Kilu-6,Kiliuda,walleye pollock,41,,
7/3/2024,547,Kilu-6,Kiliuda,walleye pollock,41,,
7/3/2024,547,Kilu-6,Kiliuda,walleye pollock,41,,
7/3/2024,547,Kilu-6,Kiliuda,walleye pollock,41,,
7/3/2024,547,Kilu-6,Kiliuda,walleye pollock,44,,
6/6/2024,545,Laminaria North,Cook,pink salmon,48,,
7/26/2024,597,Mit-1,Mitrofania,chinook salmon,130,,
7/26/2024,597,Mit-1,Mitrofania,chinook salmon,135,,
7/26/2024,597,Mit-1,Mitrofania,chinook salmon,140,,
7/26/2024,597,Mit-1,Mitrofania,chinook salmon,145,,
7/26/2024,597,Mit-1,Mitrofania,chinook salmon,147,,
7/26/2024,597,Mit-1,Mitrofania,chinook salmon,155,,
7/26/2024,596,Mit-2,Mitrofania,Pacific cod,44,,
7/26/2024,596,Mit-2,Mitrofania,Pacific cod,50,,
7/26/2024,596,Mit-2,Mitrofania,Pacific cod,50,,
7/26/2024,596,Mit-2,Mitrofania,Pacific cod,50,,
7/26/2024,596,Mit-2,Mitrofania,Pacific cod,50,,
7/26/2024,596,Mit-2,Mitrofania,Pacific cod,52,,
7/26/2024,596,Mit-2,Mitrofania,Pacific cod,53,,
7/26/2024,596,Mit-2,Mitrofania,Pacific cod,53,,
7/26/2024,596,Mit-2,Mitrofania,Pacific cod,53,,
7/26/2024,596,Mit-2,Mitrofania,Pacific cod,54,,
7/26/2024,596,Mit-2,Mitrofania,Pacific cod,55,,
7/26/2024,596,Mit-2,Mitrofania,Pacific cod,55,,
7/26/2024,596,Mit-2,Mitrofania,Pacific cod,55,,
7/26/2024,596,Mit-2,Mitrofania,Pacific cod,56,,
7/26/2024,596,Mit-2,Mitrofania,Pacific cod,56,,
7/26/2024,596,Mit-2,Mitrofania,Pacific cod,60,,
7/26/2024,596,Mit-2,Mitrofania,Pacific cod,60,,
7/26/2024,596,Mit-2,Mitrofania,Pacific cod,60,,
7/26/2024,596,Mit-2,Mitrofania,Pacific cod,60,,
7/26/2024,596,Mit-2,Mitrofania,Pacific cod,61,,
7/26/2024,596,Mit-2,Mitrofania,Pacific cod,62,,
7/26/2024,596,Mit-2,Mitrofania,Pacific cod,65,,
7/26/2024,596,Mit-2,Mitrofania,Pacific cod,70,,
7/26/2024,596,Mit-2,Mitrofania,pink salmon,60,,
7/26/2024,596,Mit-2,Mitrofania,pink salmon,65,,
7/26/2024,596,Mit-2,Mitrofania,pink salmon,70,,
7/26/2024,596,Mit-2,Mitrofania,pink salmon,71,,
7/26/2024,596,Mit-2,Mitrofania,walleye pollock,53,,
7/26/2024,595,Mit-3,Mitrofania,Pacific cod,33,,
7/26/2024,595,Mit-3,Mitrofania,Pacific cod,37,,
7/26/2024,595,Mit-3,Mitrofania,Pacific cod,40,,
7/26/2024,595,Mit-3,Mitrofania,Pacific cod,41,,
7/26/2024,595,Mit-3,Mitrofania,Pacific cod,42,,
7/26/2024,595,Mit-3,Mitrofania,Pacific cod,44,,
7/26/2024,595,Mit-3,Mitrofania,Pacific cod,45,,
7/26/2024,595,Mit-3,Mitrofania,Pacific cod,46,,
7/26/2024,595,Mit-3,Mitrofania,Pacific cod,47,,
7/26/2024,595,Mit-3,Mitrofania,Pacific cod,48,,
7/26/2024,595,Mit-3,Mitrofania,Pacific cod,48,,
7/26/2024,595,Mit-3,Mitrofania,Pacific cod,48,,
7/26/2024,595,Mit-3,Mitrofania,Pacific cod,50,,
7/26/2024,595,Mit-3,Mitrofania,Pacific cod,50,,
7/26/2024,595,Mit-3,Mitrofania,Pacific cod,50,,
7/26/2024,595,Mit-3,Mitrofania,Pacific cod,53,,
7/26/2024,595,Mit-3,Mitrofania,Pacific cod,53,,
7/26/2024,595,Mit-3,Mitrofania,Pacific cod,54,,
7/26/2024,595,Mit-3,Mitrofania,Pacific cod,54,,
7/26/2024,595,Mit-3,Mitrofania,Pacific cod,54,,
7/26/2024,595,Mit-3,Mitrofania,Pacific cod,54,,
7/26/2024,595,Mit-3,Mitrofania,Pacific cod,55,,
7/26/2024,595,Mit-3,Mitrofania,Pacific cod,55,,
7/26/2024,595,Mit-3,Mitrofania,Pacific cod,56,,
7/26/2024,595,Mit-3,Mitrofania,Pacific cod,56,,
7/26/2024,595,Mit-3,Mitrofania,Pacific cod,56,,
7/26/2024,595,Mit-3,Mitrofania,Pacific cod,56,,
7/26/2024,595,Mit-3,Mitrofania,Pacific cod,61,,
7/26/2024,595,Mit-3,Mitrofania,Pacific cod,61,,
7/26/2024,595,Mit-3,Mitrofania,Pacific cod,62,,
7/26/2024,595,Mit-3,Mitrofania,Pacific cod,63,,
7/26/2024,595,Mit-3,Mitrofania,Pacific cod,63,,
7/26/2024,595,Mit-3,Mitrofania,Pacific cod,64,,
7/26/2024,595,Mit-3,Mitrofania,Pacific cod,67,,
7/26/2024,595,Mit-3,Mitrofania,Pacific cod,67,,
7/26/2024,595,Mit-3,Mitrofania,Pacific cod,67,,
7/26/2024,595,Mit-3,Mitrofania,Pacific cod,70,,
7/26/2024,595,Mit-3,Mitrofania,Pacific cod,70,,
7/26/2024,595,Mit-3,Mitrofania,Pacific cod,70,,
7/26/2024,595,Mit-3,Mitrofania,Pacific cod,75,,
7/26/2024,595,Mit-3,Mitrofania,Pacific cod,76,,
7/26/2024,595,Mit-3,Mitrofania,Pacific cod,236,,
7/26/2024,595,Mit-3,Mitrofania,pink salmon,73,,
7/26/2024,595,Mit-3,Mitrofania,pink salmon,82,,
7/26/2024,595,Mit-3,Mitrofania,saffron cod,60,,
7/26/2024,595,Mit-3,Mitrofania,walleye pollock,37,,
7/26/2024,595,Mit-3,Mitrofania,walleye pollock,42,,
7/26/2024,595,Mit-3,Mitrofania,walleye pollock,45,,
7/26/2024,595,Mit-3,Mitrofania,walleye pollock,46,,
7/26/2024,595,Mit-3,Mitrofania,walleye pollock,48,,
7/26/2024,595,Mit-3,Mitrofania,walleye pollock,50,,
7/26/2024,595,Mit-3,Mitrofania,walleye pollock,51,,
7/26/2024,595,Mit-3,Mitrofania,walleye pollock,53,,
7/26/2024,595,Mit-3,Mitrofania,walleye pollock,54,,
7/26/2024,595,Mit-3,Mitrofania,walleye pollock,56,,
7/26/2024,592,Mit-4,Mitrofania,Pacific cod,48,,
7/26/2024,592,Mit-4,Mitrofania,Pacific cod,51,,
7/26/2024,592,Mit-4,Mitrofania,Pacific cod,55,,
7/26/2024,592,Mit-4,Mitrofania,Pacific cod,57,,
7/26/2024,592,Mit-4,Mitrofania,Pacific cod,58,,
7/26/2024,592,Mit-4,Mitrofania,Pacific cod,60,,
7/26/2024,592,Mit-4,Mitrofania,Pacific cod,63,,
7/26/2024,592,Mit-4,Mitrofania,Pacific cod,66,,
7/26/2024,592,Mit-4,Mitrofania,pink salmon,88,,
7/26/2024,592,Mit-4,Mitrofania,saffron cod,60,,
7/26/2024,592,Mit-4,Mitrofania,saffron cod,66,,
7/26/2024,592,Mit-4,Mitrofania,saffron cod,68,,
7/26/2024,592,Mit-4,Mitrofania,saffron cod,70,,
7/26/2024,593,Mit-5,Mitrofania,chum salmon,68,,
7/26/2024,593,Mit-5,Mitrofania,chum salmon,89,,
7/26/2024,593,Mit-5,Mitrofania,Pacific cod,57,,
7/26/2024,593,Mit-5,Mitrofania,pink salmon,76,,
7/26/2024,593,Mit-5,Mitrofania,pink salmon,77,,
7/26/2024,593,Mit-5,Mitrofania,pink salmon,79,,
7/26/2024,593,Mit-5,Mitrofania,pink salmon,80,,
7/26/2024,593,Mit-5,Mitrofania,pink salmon,93,,
7/26/2024,594,Mit-6,Mitrofania,capelin,37,,
7/26/2024,594,Mit-6,Mitrofania,capelin,42,,
7/26/2024,594,Mit-6,Mitrofania,chum salmon,101,,
7/26/2024,594,Mit-6,Mitrofania,Pacific cod,34,,
7/26/2024,594,Mit-6,Mitrofania,Pacific cod,40,,
7/26/2024,594,Mit-6,Mitrofania,Pacific cod,41,,
7/26/2024,594,Mit-6,Mitrofania,Pacific cod,41,,
7/26/2024,594,Mit-6,Mitrofania,Pacific cod,42,,
7/26/2024,594,Mit-6,Mitrofania,Pacific cod,43,,
7/26/2024,594,Mit-6,Mitrofania,Pacific cod,44,,
7/26/2024,594,Mit-6,Mitrofania,Pacific cod,44,,
7/26/2024,594,Mit-6,Mitrofania,Pacific cod,45,,
7/26/2024,594,Mit-6,Mitrofania,Pacific cod,46,,
7/26/2024,594,Mit-6,Mitrofania,Pacific cod,47,,
7/26/2024,594,Mit-6,Mitrofania,Pacific cod,49,,
7/26/2024,594,Mit-6,Mitrofania,Pacific cod,50,,
7/26/2024,594,Mit-6,Mitrofania,Pacific cod,50,,
7/26/2024,594,Mit-6,Mitrofania,Pacific cod,50,,
7/26/2024,594,Mit-6,Mitrofania,Pacific cod,51,,
7/26/2024,594,Mit-6,Mitrofania,Pacific cod,51,,
7/26/2024,594,Mit-6,Mitrofania,Pacific cod,51,,
7/26/2024,594,Mit-6,Mitrofania,Pacific cod,52,,
7/26/2024,594,Mit-6,Mitrofania,Pacific cod,52,,
7/26/2024,594,Mit-6,Mitrofania,Pacific cod,53,,
7/26/2024,594,Mit-6,Mitrofania,Pacific cod,53,,
7/26/2024,594,Mit-6,Mitrofania,Pacific cod,56,,
7/26/2024,594,Mit-6,Mitrofania,Pacific cod,63,,
7/26/2024,594,Mit-6,Mitrofania,Pacific cod,65,,
7/26/2024,594,Mit-6,Mitrofania,pink salmon,85,,
7/26/2024,594,Mit-6,Mitrofania,pink salmon,96,,
7/26/2024,594,Mit-6,Mitrofania,saffron cod,60,,
7/26/2024,594,Mit-6,Mitrofania,saffron cod,66,,
7/26/2024,594,Mit-6,Mitrofania,saffron cod,68,,
7/26/2024,594,Mit-6,Mitrofania,saffron cod,68,,
7/26/2024,594,Mit-6,Mitrofania,saffron cod,68,,
7/26/2024,594,Mit-6,Mitrofania,walleye pollock,42,,
7/26/2024,594,Mit-6,Mitrofania,walleye pollock,42,,
7/26/2024,594,Mit-6,Mitrofania,walleye pollock,43,,
7/26/2024,594,Mit-6,Mitrofania,walleye pollock,48,,
7/26/2024,594,Mit-6,Mitrofania,walleye pollock,48,,
7/26/2024,594,Mit-6,Mitrofania,walleye pollock,48,,
7/26/2024,594,Mit-6,Mitrofania,walleye pollock,49,,
7/26/2024,594,Mit-6,Mitrofania,walleye pollock,49,,
7/26/2024,594,Mit-6,Mitrofania,walleye pollock,49,,
7/26/2024,594,Mit-6,Mitrofania,walleye pollock,50,,
7/26/2024,594,Mit-6,Mitrofania,walleye pollock,51,,
7/26/2024,594,Mit-6,Mitrofania,walleye pollock,52,,
7/26/2024,594,Mit-6,Mitrofania,walleye pollock,52,,
7/26/2024,594,Mit-6,Mitrofania,walleye pollock,52,,
7/26/2024,594,Mit-6,Mitrofania,walleye pollock,52,,
7/26/2024,594,Mit-6,Mitrofania,walleye pollock,53,,
7/26/2024,594,Mit-6,Mitrofania,walleye pollock,53,,
7/26/2024,594,Mit-6,Mitrofania,walleye pollock,53,,
7/26/2024,594,Mit-6,Mitrofania,walleye pollock,53,,
7/26/2024,594,Mit-6,Mitrofania,walleye pollock,54,,
7/26/2024,594,Mit-6,Mitrofania,walleye pollock,54,,
7/26/2024,594,Mit-6,Mitrofania,walleye pollock,54,,
7/26/2024,594,Mit-6,Mitrofania,walleye pollock,54,,
7/26/2024,594,Mit-6,Mitrofania,walleye pollock,55,,
7/26/2024,594,Mit-6,Mitrofania,walleye pollock,55,,
7/26/2024,594,Mit-6,Mitrofania,walleye pollock,56,,
7/26/2024,594,Mit-6,Mitrofania,walleye pollock,57,,
7/26/2024,594,Mit-6,Mitrofania,walleye pollock,57,,
7/26/2024,594,Mit-6,Mitrofania,walleye pollock,57,,
7/26/2024,594,Mit-6,Mitrofania,walleye pollock,58,,
7/26/2024,594,Mit-6,Mitrofania,walleye pollock,58,,
7/26/2024,594,Mit-6,Mitrofania,walleye pollock,62,,
7/26/2024,594,Mit-6,Mitrofania,walleye pollock,62,,
7/26/2024,594,Mit-6,Mitrofania,walleye pollock,66,,
7/10/2024,567,PW-1,Port Wrangell,Pacific cod,33,,
7/10/2024,567,PW-1,Port Wrangell,Pacific cod,34,,
7/10/2024,567,PW-1,Port Wrangell,Pacific cod,36,,
7/10/2024,567,PW-1,Port Wrangell,Pacific cod,37,,
7/10/2024,567,PW-1,Port Wrangell,Pacific cod,40,,
7/10/2024,567,PW-1,Port Wrangell,Pacific cod,42,,
7/10/2024,567,PW-1,Port Wrangell,Pacific cod,42,,
7/10/2024,567,PW-1,Port Wrangell,Pacific cod,42,,
7/10/2024,567,PW-1,Port Wrangell,Pacific cod,42,,
7/10/2024,567,PW-1,Port Wrangell,Pacific cod,43,,
7/10/2024,567,PW-1,Port Wrangell,Pacific cod,43,,
7/10/2024,567,PW-1,Port Wrangell,Pacific cod,43,,
7/10/2024,567,PW-1,Port Wrangell,Pacific cod,44,,
7/10/2024,567,PW-1,Port Wrangell,Pacific cod,44,,
7/10/2024,567,PW-1,Port Wrangell,Pacific cod,44,,
7/10/2024,567,PW-1,Port Wrangell,Pacific cod,44,,
7/10/2024,567,PW-1,Port Wrangell,Pacific cod,45,,
7/10/2024,567,PW-1,Port Wrangell,Pacific cod,45,,
7/10/2024,567,PW-1,Port Wrangell,Pacific cod,45,,
7/10/2024,567,PW-1,Port Wrangell,Pacific cod,45,,
7/10/2024,567,PW-1,Port Wrangell,Pacific cod,46,,
7/10/2024,567,PW-1,Port Wrangell,Pacific cod,47,,
7/10/2024,567,PW-1,Port Wrangell,Pacific cod,47,,
7/10/2024,567,PW-1,Port Wrangell,Pacific cod,47,,
7/10/2024,567,PW-1,Port Wrangell,Pacific cod,48,,
7/10/2024,567,PW-1,Port Wrangell,Pacific cod,48,,
7/10/2024,567,PW-1,Port Wrangell,Pacific cod,48,,
7/10/2024,567,PW-1,Port Wrangell,Pacific cod,48,,
7/10/2024,567,PW-1,Port Wrangell,Pacific cod,49,,
7/10/2024,567,PW-1,Port Wrangell,Pacific cod,49,,
7/10/2024,567,PW-1,Port Wrangell,Pacific cod,49,,
7/10/2024,567,PW-1,Port Wrangell,Pacific cod,49,,
7/10/2024,567,PW-1,Port Wrangell,Pacific cod,49,,
7/10/2024,567,PW-1,Port Wrangell,Pacific cod,50,,
7/10/2024,567,PW-1,Port Wrangell,Pacific cod,50,,
7/10/2024,567,PW-1,Port Wrangell,Pacific cod,50,,
7/10/2024,567,PW-1,Port Wrangell,Pacific cod,50,,
7/10/2024,567,PW-1,Port Wrangell,Pacific cod,51,,
7/10/2024,567,PW-1,Port Wrangell,Pacific cod,51,,
7/10/2024,567,PW-1,Port Wrangell,Pacific cod,52,,
7/10/2024,567,PW-1,Port Wrangell,pink salmon,64,,
7/10/2024,567,PW-1,Port Wrangell,walleye pollock,48,,
7/10/2024,567,PW-1,Port Wrangell,walleye pollock,52,,
7/10/2024,568,PW-4,Port Wrangell,chum salmon,42,,
7/10/2024,568,PW-4,Port Wrangell,chum salmon,56,,
7/10/2024,568,PW-4,Port Wrangell,chum salmon,60,,
7/10/2024,568,PW-4,Port Wrangell,chum salmon,62,,
7/10/2024,568,PW-4,Port Wrangell,chum salmon,65,,
7/10/2024,568,PW-4,Port Wrangell,chum salmon,67,,
7/10/2024,568,PW-4,Port Wrangell,chum salmon,77,,
7/10/2024,568,PW-4,Port Wrangell,Pacific cod,42,,
7/10/2024,568,PW-4,Port Wrangell,Pacific cod,50,,
7/7/2024,560,RR-1,Rodman Reach,Pacific cod,34,,
7/7/2024,558,RR-3,Rodman Reach,Pacific cod,26,,
7/7/2024,558,RR-3,Rodman Reach,Pacific cod,32,,
7/7/2024,558,RR-3,Rodman Reach,Pacific cod,33,,
7/7/2024,558,RR-3,Rodman Reach,Pacific cod,40,,
7/7/2024,558,RR-3,Rodman Reach,pink salmon,45,,
7/7/2024,558,RR-3,Rodman Reach,pink salmon,50,,
7/7/2024,559,RR-4,Rodman Reach,Pacific cod,32,,
7/7/2024,559,RR-4,Rodman Reach,Pacific cod,35,,
7/7/2024,559,RR-4,Rodman Reach,Pacific cod,36,,
7/7/2024,559,RR-4,Rodman Reach,Pacific cod,38,,
7/7/2024,559,RR-4,Rodman Reach,Pacific cod,39,,
7/7/2024,559,RR-4,Rodman Reach,Pacific cod,40,,
7/7/2024,559,RR-4,Rodman Reach,Pacific cod,40,,
7/7/2024,559,RR-4,Rodman Reach,Pacific cod,42,,
7/7/2024,559,RR-4,Rodman Reach,Pacific cod,48,,
7/7/2024,559,RR-4,Rodman Reach,Pacific cod,48,,
7/7/2024,559,RR-4,Rodman Reach,Pacific cod,48,,
7/7/2024,559,RR-4,Rodman Reach,Pacific cod,52,,
7/7/2024,559,RR-4,Rodman Reach,Pacific cod,53,,
7/7/2024,559,RR-4,Rodman Reach,walleye pollock,33,,
7/7/2024,559,RR-4,Rodman Reach,walleye pollock,58,,
7/16/2024,569,Sand-2,Sand Point,Pacific cod,34,,
7/16/2024,569,Sand-2,Sand Point,Pacific cod,35,,
7/16/2024,569,Sand-2,Sand Point,Pacific cod,36,,
7/16/2024,569,Sand-2,Sand Point,Pacific cod,40,,
7/16/2024,569,Sand-2,Sand Point,Pacific cod,40,,
7/16/2024,569,Sand-2,Sand Point,Pacific cod,41,,
7/16/2024,569,Sand-2,Sand Point,Pacific cod,41,,
7/16/2024,569,Sand-2,Sand Point,Pacific cod,41,,
7/16/2024,569,Sand-2,Sand Point,Pacific cod,42,,
7/16/2024,569,Sand-2,Sand Point,Pacific cod,42,,
7/16/2024,569,Sand-2,Sand Point,Pacific cod,42,,
7/16/2024,569,Sand-2,Sand Point,Pacific cod,42,,
7/16/2024,569,Sand-2,Sand Point,Pacific cod,42,,
7/16/2024,569,Sand-2,Sand Point,Pacific cod,43,,
7/16/2024,569,Sand-2,Sand Point,Pacific cod,43,,
7/16/2024,569,Sand-2,Sand Point,Pacific cod,43,,
7/16/2024,569,Sand-2,Sand Point,Pacific cod,44,,
7/16/2024,569,Sand-2,Sand Point,Pacific cod,44,,
7/16/2024,569,Sand-2,Sand Point,Pacific cod,44,,
7/16/2024,569,Sand-2,Sand Point,Pacific cod,45,,
7/16/2024,569,Sand-2,Sand Point,Pacific cod,46,,
7/16/2024,569,Sand-2,Sand Point,Pacific cod,46,,
7/16/2024,569,Sand-2,Sand Point,Pacific cod,47,,
7/16/2024,569,Sand-2,Sand Point,Pacific cod,47,,
7/16/2024,569,Sand-2,Sand Point,Pacific cod,49,,
7/16/2024,569,Sand-2,Sand Point,Pacific cod,49,,
7/16/2024,569,Sand-2,Sand Point,Pacific cod,49,,
7/16/2024,569,Sand-2,Sand Point,Pacific cod,50,,
7/16/2024,569,Sand-2,Sand Point,Pacific cod,51,,
7/16/2024,569,Sand-2,Sand Point,Pacific cod,52,,
7/16/2024,570,Sand-3,Sand Point,Pacific cod,35,,
7/16/2024,570,Sand-3,Sand Point,Pacific cod,35,, 
7/16/2024,570,Sand-3,Sand Point,Pacific cod,37,,
7/16/2024,570,Sand-3,Sand Point,Pacific cod,37,,
7/16/2024,570,Sand-3,Sand Point,Pacific cod,38,,
7/16/2024,570,Sand-3,Sand Point,Pacific cod,39,,
7/16/2024,570,Sand-3,Sand Point,Pacific cod,39,,
7/16/2024,570,Sand-3,Sand Point,Pacific cod,40,,
7/16/2024,570,Sand-3,Sand Point,Pacific cod,41,,
7/16/2024,570,Sand-3,Sand Point,Pacific cod,43,,
7/16/2024,570,Sand-3,Sand Point,Pacific cod,43,,
7/16/2024,570,Sand-3,Sand Point,Pacific cod,43,,
7/16/2024,570,Sand-3,Sand Point,Pacific cod,43,,
7/16/2024,570,Sand-3,Sand Point,Pacific cod,44,,
7/16/2024,570,Sand-3,Sand Point,Pacific cod,44,,
7/16/2024,570,Sand-3,Sand Point,Pacific cod,46,,
7/16/2024,570,Sand-3,Sand Point,Pacific cod,46,,
7/16/2024,570,Sand-3,Sand Point,Pacific cod,46,,
7/16/2024,570,Sand-3,Sand Point,Pacific cod,47,,
7/16/2024,570,Sand-3,Sand Point,Pacific cod,47,,
7/16/2024,570,Sand-3,Sand Point,Pacific cod,47,,
7/16/2024,570,Sand-3,Sand Point,Pacific cod,47,,
7/16/2024,570,Sand-3,Sand Point,Pacific cod,48,,
7/16/2024,570,Sand-3,Sand Point,Pacific cod,49,,
7/16/2024,570,Sand-3,Sand Point,Pacific cod,51,,
7/16/2024,570,Sand-3,Sand Point,walleye pollock,29,,
7/16/2024,570,Sand-3,Sand Point,walleye pollock,30,,
7/16/2024,570,Sand-3,Sand Point,walleye pollock,35,,
7/16/2024,570,Sand-3,Sand Point,walleye pollock,36,,
7/16/2024,570,Sand-3,Sand Point,walleye pollock,36,,
7/16/2024,570,Sand-3,Sand Point,walleye pollock,40,,
7/16/2024,570,Sand-3,Sand Point,walleye pollock,43,,
7/16/2024,570,Sand-3,Sand Point,walleye pollock,44,,
7/16/2024,570,Sand-3,Sand Point,walleye pollock,50,,
