Date,Station,Site,Bay,Species,Length
7/5/2021,278,AG-1,Agripina,Pacific cod,33
7/5/2021,278,AG-1,Agripina,Pacific cod,43
7/5/2021,278,AG-1,Agripina,Pacific cod,42
7/5/2021,278,AG-1,Agripina,Pacific cod,46
7/5/2021,278,AG-1,Agripina,Pacific cod,50
7/5/2021,278,AG-1,Agripina,Pacific cod,47
7/5/2021,278,AG-1,Agripina,Pacific cod,43
7/5/2021,278,AG-1,Agripina,Pacific cod,45
7/5/2021,278,AG-1,Agripina,Pacific cod,45
7/5/2021,278,AG-1,Agripina,Pacific cod,39
7/5/2021,278,AG-1,Agripina,Pacific cod,44
7/5/2021,278,AG-1,Agripina,Pacific cod,40
7/5/2021,278,AG-1,Agripina,Pacific cod,40
7/5/2021,278,AG-1,Agripina,Pacific cod,49
7/5/2021,278,AG-1,Agripina,Pacific cod,37
7/5/2021,278,AG-1,Agripina,Pacific cod,38
7/5/2021,278,AG-1,Agripina,Pacific cod,42
7/5/2021,278,AG-1,Agripina,Pacific cod,52
7/5/2021,278,AG-1,Agripina,Pacific cod,53
7/5/2021,278,AG-1,Agripina,Pacific cod,39
7/5/2021,278,AG-1,Agripina,Pacific cod,53
7/5/2021,278,AG-1,Agripina,Pacific cod,31
7/5/2021,278,AG-1,Agripina,Pacific cod,37
7/5/2021,278,AG-1,Agripina,Pacific cod,43
7/5/2021,278,AG-1,Agripina,Pacific cod,44
7/5/2021,278,AG-1,Agripina,Pacific cod,42
7/5/2021,278,AG-1,Agripina,Pacific cod,38
7/5/2021,278,AG-1,Agripina,Pacific cod,44
7/5/2021,278,AG-1,Agripina,Pacific cod,38
7/5/2021,278,AG-1,Agripina,Pacific cod,37
7/5/2021,278,AG-1,Agripina,Pacific cod,47
7/5/2021,278,AG-1,Agripina,Pacific cod,42
7/5/2021,278,AG-1,Agripina,Pacific cod,47
7/5/2021,278,AG-1,Agripina,Pacific cod,46
7/5/2021,278,AG-1,Agripina,Pacific cod,45
7/5/2021,278,AG-1,Agripina,Pacific cod,39
7/5/2021,278,AG-1,Agripina,Pacific cod,41
7/5/2021,279,AG-2,Agripina,Pacific cod,49
7/5/2021,279,AG-2,Agripina,Pacific cod,37
7/5/2021,279,AG-2,Agripina,Pacific cod,49
7/5/2021,279,AG-2,Agripina,Pacific cod,52
7/5/2021,279,AG-2,Agripina,Pacific cod,53
7/5/2021,279,AG-2,Agripina,Pacific cod,39
7/5/2021,279,AG-2,Agripina,Pacific cod,45
7/5/2021,279,AG-2,Agripina,Pacific cod,47
7/5/2021,280,AG-3,Agripina,Pacific cod,22
7/5/2021,280,AG-3,Agripina,Pacific cod,41
7/5/2021,280,AG-3,Agripina,Pacific cod,42
7/5/2021,280,AG-3,Agripina,Pacific cod,42
7/5/2021,280,AG-3,Agripina,Pacific cod,39
7/5/2021,280,AG-3,Agripina,Pacific cod,38
7/5/2021,280,AG-3,Agripina,Pacific cod,42
7/5/2021,280,AG-3,Agripina,Pacific cod,39
7/5/2021,280,AG-3,Agripina,Pacific cod,41
7/5/2021,280,AG-3,Agripina,Pacific cod,46
7/5/2021,280,AG-3,Agripina,Pacific cod,47
7/5/2021,280,AG-3,Agripina,Pacific cod,42
7/5/2021,280,AG-3,Agripina,Pacific cod,50
7/5/2021,280,AG-3,Agripina,Pacific cod,41
7/5/2021,280,AG-3,Agripina,Pacific cod,34
7/5/2021,280,AG-3,Agripina,Pacific cod,52
7/5/2021,280,AG-3,Agripina,Pacific cod,36
7/5/2021,280,AG-3,Agripina,Pacific cod,48
7/5/2021,280,AG-3,Agripina,Pacific cod,43
7/5/2021,280,AG-3,Agripina,Pacific cod,42
7/5/2021,280,AG-3,Agripina,Pacific cod,48
7/5/2021,280,AG-3,Agripina,Pacific cod,42
7/5/2021,280,AG-3,Agripina,Pacific cod,56
7/5/2021,280,AG-3,Agripina,Pacific cod,46
7/5/2021,280,AG-3,Agripina,Pacific cod,44
7/5/2021,281,AG-4,Agripina,Pacific cod,37
7/5/2021,281,AG-4,Agripina,Pacific cod,48
7/5/2021,281,AG-4,Agripina,Pacific cod,34
7/5/2021,281,AG-4,Agripina,Pacific cod,35
7/5/2021,281,AG-4,Agripina,Pacific cod,26
7/5/2021,283,AG-6,Agripina,Pacific cod,37
7/5/2021,283,AG-6,Agripina,Pacific cod,39
7/5/2021,283,AG-6,Agripina,Pacific cod,41
7/5/2021,283,AG-6,Agripina,Pacific cod,40
7/5/2021,283,AG-6,Agripina,Pacific cod,41
7/5/2021,283,AG-6,Agripina,Pacific cod,37
7/5/2021,278,AG-1,Agripina,pink salmon,54
7/5/2021,278,AG-1,Agripina,pink salmon,71
7/5/2021,278,AG-1,Agripina,pink salmon,76
7/5/2021,278,AG-1,Agripina,pink salmon,76
7/5/2021,278,AG-1,Agripina,pink salmon,73
7/5/2021,278,AG-1,Agripina,pink salmon,74
7/5/2021,278,AG-1,Agripina,pink salmon,66
7/5/2021,278,AG-1,Agripina,pink salmon,67
7/5/2021,278,AG-1,Agripina,pink salmon,71
7/5/2021,278,AG-1,Agripina,pink salmon,63
7/5/2021,278,AG-1,Agripina,pink salmon,56
7/5/2021,278,AG-1,Agripina,pink salmon,64
7/5/2021,278,AG-1,Agripina,pink salmon,68
7/5/2021,279,AG-2,Agripina,pink salmon,76
7/5/2021,279,AG-2,Agripina,pink salmon,75
7/5/2021,279,AG-2,Agripina,pink salmon,63
7/5/2021,279,AG-2,Agripina,pink salmon,66
7/5/2021,279,AG-2,Agripina,pink salmon,78
7/5/2021,279,AG-2,Agripina,pink salmon,78
7/5/2021,279,AG-2,Agripina,pink salmon,69
7/5/2021,279,AG-2,Agripina,pink salmon,74
7/5/2021,279,AG-2,Agripina,pink salmon,75
7/5/2021,279,AG-2,Agripina,pink salmon,69
7/5/2021,279,AG-2,Agripina,pink salmon,75
7/5/2021,279,AG-2,Agripina,pink salmon,70
7/5/2021,280,AG-3,Agripina,pink salmon,54
7/5/2021,280,AG-3,Agripina,pink salmon,72
7/5/2021,280,AG-3,Agripina,pink salmon,83
7/5/2021,280,AG-3,Agripina,pink salmon,82
7/5/2021,280,AG-3,Agripina,pink salmon,76
7/5/2021,280,AG-3,Agripina,pink salmon,69
7/5/2021,280,AG-3,Agripina,pink salmon,68
7/5/2021,280,AG-3,Agripina,pink salmon,71
7/5/2021,280,AG-3,Agripina,pink salmon,63
7/5/2021,280,AG-3,Agripina,pink salmon,70
7/5/2021,282,AG-5,Agripina,pink salmon,65
7/5/2021,282,AG-5,Agripina,pink salmon,73
7/5/2021,282,AG-5,Agripina,pink salmon,71
7/5/2021,282,AG-5,Agripina,pink salmon,58
7/5/2021,282,AG-5,Agripina,pink salmon,61
7/5/2021,282,AG-5,Agripina,pink salmon,78
7/5/2021,282,AG-5,Agripina,pink salmon,74
7/5/2021,282,AG-5,Agripina,pink salmon,79
7/5/2021,282,AG-5,Agripina,pink salmon,63
7/5/2021,282,AG-5,Agripina,pink salmon,72
7/5/2021,282,AG-5,Agripina,pink salmon,78
7/5/2021,282,AG-5,Agripina,pink salmon,80
7/5/2021,283,AG-6,Agripina,pink salmon,85
7/5/2021,283,AG-6,Agripina,pink salmon,71
7/5/2021,283,AG-6,Agripina,pink salmon,69
7/5/2021,283,AG-6,Agripina,pink salmon,68
7/5/2021,278,AG-1,Agripina,walleye pollock,33
7/5/2021,278,AG-1,Agripina,walleye pollock,35
7/5/2021,278,AG-1,Agripina,walleye pollock,40
7/5/2021,280,AG-3,Agripina,walleye pollock,37
7/5/2021,280,AG-3,Agripina,walleye pollock,43
7/13/2021,300,BB-3,Balboa,dolly varden,350
7/13/2021,300,BB-3,Balboa,dolly varden,380
7/13/2021,300,BB-3,Balboa,dolly varden,315
7/13/2021,300,BB-3,Balboa,dolly varden,360
7/13/2021,300,BB-3,Balboa,dolly varden,340
7/13/2021,299,BB-2,Balboa,Pacific cod,46
7/13/2021,299,BB-2,Balboa,Pacific cod,46
7/13/2021,299,BB-2,Balboa,Pacific cod,50
7/13/2021,299,BB-2,Balboa,Pacific cod,39
7/13/2021,299,BB-2,Balboa,Pacific cod,41
7/13/2021,299,BB-2,Balboa,Pacific cod,40
7/13/2021,299,BB-2,Balboa,Pacific cod,46
7/13/2021,299,BB-2,Balboa,Pacific cod,40
7/13/2021,299,BB-2,Balboa,Pacific cod,37
7/13/2021,299,BB-2,Balboa,Pacific cod,37
7/13/2021,299,BB-2,Balboa,Pacific cod,34
7/13/2021,299,BB-2,Balboa,Pacific cod,44
7/13/2021,299,BB-2,Balboa,Pacific cod,46
7/13/2021,299,BB-2,Balboa,Pacific cod,48
7/13/2021,299,BB-2,Balboa,Pacific cod,36
7/13/2021,299,BB-2,Balboa,Pacific cod,41
7/13/2021,299,BB-2,Balboa,Pacific cod,45
7/13/2021,300,BB-3,Balboa,Pacific cod,41
7/13/2021,300,BB-3,Balboa,Pacific cod,40
7/13/2021,300,BB-3,Balboa,Pacific cod,47
7/13/2021,300,BB-3,Balboa,Pacific cod,46
7/13/2021,300,BB-3,Balboa,Pacific cod,41
7/13/2021,300,BB-3,Balboa,Pacific cod,36
7/13/2021,300,BB-3,Balboa,Pacific cod,37
7/13/2021,300,BB-3,Balboa,Pacific cod,40
7/13/2021,300,BB-3,Balboa,Pacific cod,35
7/13/2021,300,BB-3,Balboa,Pacific cod,35
7/13/2021,300,BB-3,Balboa,Pacific cod,37
7/13/2021,301,BB-4,Balboa,Pacific cod,48
7/13/2021,301,BB-4,Balboa,Pacific cod,41
7/13/2021,301,BB-4,Balboa,Pacific cod,57
7/13/2021,301,BB-4,Balboa,Pacific cod,46
7/13/2021,301,BB-4,Balboa,Pacific cod,36
7/13/2021,301,BB-4,Balboa,Pacific cod,44
7/13/2021,301,BB-4,Balboa,Pacific cod,44
7/13/2021,301,BB-4,Balboa,Pacific cod,39
7/13/2021,301,BB-4,Balboa,Pacific cod,59
7/13/2021,301,BB-4,Balboa,Pacific cod,49
7/13/2021,301,BB-4,Balboa,Pacific cod,37
7/13/2021,301,BB-4,Balboa,Pacific cod,44
7/13/2021,301,BB-4,Balboa,Pacific cod,42
7/13/2021,301,BB-4,Balboa,Pacific cod,47
7/13/2021,301,BB-4,Balboa,Pacific cod,42
7/13/2021,301,BB-4,Balboa,Pacific cod,42
7/13/2021,301,BB-4,Balboa,Pacific cod,38
7/13/2021,301,BB-4,Balboa,Pacific cod,43
7/13/2021,301,BB-4,Balboa,Pacific cod,55
7/13/2021,301,BB-4,Balboa,Pacific cod,51
7/13/2021,301,BB-4,Balboa,Pacific cod,38
7/13/2021,301,BB-4,Balboa,Pacific cod,44
7/13/2021,301,BB-4,Balboa,Pacific cod,43
7/13/2021,301,BB-4,Balboa,Pacific cod,38
7/13/2021,301,BB-4,Balboa,Pacific cod,39
7/13/2021,301,BB-4,Balboa,Pacific cod,48
7/13/2021,301,BB-4,Balboa,Pacific cod,52
7/13/2021,301,BB-4,Balboa,Pacific cod,40
7/13/2021,303,BB-7,Balboa,Pacific cod,41
7/13/2021,303,BB-7,Balboa,Pacific cod,48
7/13/2021,303,BB-7,Balboa,Pacific cod,46
7/13/2021,299,BB-2,Balboa,pink salmon,92
7/13/2021,299,BB-2,Balboa,pink salmon,87
7/13/2021,299,BB-2,Balboa,pink salmon,90
7/13/2021,299,BB-2,Balboa,pink salmon,97
7/13/2021,299,BB-2,Balboa,pink salmon,80
7/13/2021,299,BB-2,Balboa,pink salmon,84
7/13/2021,299,BB-2,Balboa,pink salmon,85
7/13/2021,299,BB-2,Balboa,pink salmon,80
7/13/2021,299,BB-2,Balboa,pink salmon,91
7/13/2021,299,BB-2,Balboa,pink salmon,86
7/13/2021,299,BB-2,Balboa,pink salmon,82
7/13/2021,299,BB-2,Balboa,pink salmon,91
7/13/2021,299,BB-2,Balboa,pink salmon,89
7/13/2021,299,BB-2,Balboa,pink salmon,74
7/13/2021,299,BB-2,Balboa,pink salmon,56
7/13/2021,299,BB-2,Balboa,pink salmon,75
7/13/2021,299,BB-2,Balboa,pink salmon,85
7/13/2021,301,BB-4,Balboa,pink salmon,77
7/13/2021,301,BB-4,Balboa,pink salmon,84
7/13/2021,301,BB-4,Balboa,pink salmon,78
7/13/2021,301,BB-4,Balboa,pink salmon,78
7/13/2021,301,BB-4,Balboa,pink salmon,85
7/13/2021,301,BB-4,Balboa,pink salmon,68
7/13/2021,301,BB-4,Balboa,pink salmon,68
7/13/2021,301,BB-4,Balboa,pink salmon,67
7/13/2021,301,BB-4,Balboa,pink salmon,74
7/13/2021,303,BB-7,Balboa,pink salmon,69
7/13/2021,303,BB-7,Balboa,pink salmon,73
7/13/2021,303,BB-7,Balboa,pink salmon,70
7/13/2021,303,BB-7,Balboa,pink salmon,72
7/15/2020,307,Bar-4,Baralof,chinook salmon,111
7/15/2020,307,Bar-4,Baralof,chinook salmon,115
7/15/2020,307,Bar-4,Baralof,chinook salmon,111
7/15/2020,307,Bar-4,Baralof,chinook salmon,101
7/15/2020,307,Bar-4,Baralof,copper rockfish,82
7/15/2020,305,Bar-2,Baralof,Pacific cod,38
7/15/2020,305,Bar-2,Baralof,Pacific cod,44
7/15/2020,305,Bar-2,Baralof,Pacific cod,48
7/15/2020,305,Bar-2,Baralof,Pacific cod,39
7/15/2020,305,Bar-2,Baralof,Pacific cod,35
7/15/2020,305,Bar-2,Baralof,Pacific cod,38
7/15/2020,307,Bar-4,Baralof,Pacific cod,42
7/15/2020,307,Bar-4,Baralof,Pacific cod,43
7/15/2020,307,Bar-4,Baralof,Pacific cod,36
7/15/2020,307,Bar-4,Baralof,Pacific cod,38
7/15/2020,307,Bar-4,Baralof,Pacific cod,40
7/15/2020,307,Bar-4,Baralof,Pacific cod,37
7/15/2020,307,Bar-4,Baralof,Pacific cod,38
7/15/2020,307,Bar-4,Baralof,Pacific cod,39
7/15/2020,307,Bar-4,Baralof,Pacific cod,44
7/15/2020,307,Bar-4,Baralof,Pacific cod,42
7/15/2020,307,Bar-4,Baralof,Pacific cod,35
7/15/2020,307,Bar-4,Baralof,Pacific cod,34
7/15/2020,307,Bar-4,Baralof,Pacific cod,37
7/15/2020,307,Bar-4,Baralof,Pacific cod,33
7/15/2020,308,Bar-5,Baralof,Pacific cod,43
7/15/2020,308,Bar-5,Baralof,Pacific cod,42
7/15/2020,308,Bar-5,Baralof,Pacific cod,43
7/15/2020,308,Bar-5,Baralof,Pacific cod,53
7/15/2020,308,Bar-5,Baralof,Pacific cod,38
7/15/2020,308,Bar-5,Baralof,Pacific cod,38
7/15/2020,308,Bar-5,Baralof,Pacific cod,41
7/15/2020,308,Bar-5,Baralof,Pacific cod,41
7/15/2020,308,Bar-5,Baralof,Pacific cod,48
7/15/2020,308,Bar-5,Baralof,Pacific cod,39
7/15/2020,308,Bar-5,Baralof,Pacific cod,38
7/15/2020,308,Bar-5,Baralof,Pacific cod,46
7/15/2020,308,Bar-5,Baralof,Pacific cod,37
7/15/2020,308,Bar-5,Baralof,Pacific cod,39
7/15/2020,308,Bar-5,Baralof,Pacific cod,38
7/15/2020,308,Bar-5,Baralof,Pacific cod,32
7/15/2020,308,Bar-5,Baralof,Pacific cod,35
7/15/2020,308,Bar-5,Baralof,Pacific cod,37
7/15/2020,308,Bar-5,Baralof,Pacific cod,37
7/15/2020,308,Bar-5,Baralof,Pacific cod,37
7/15/2020,308,Bar-5,Baralof,Pacific cod,39
7/15/2020,308,Bar-5,Baralof,Pacific cod,40
7/15/2020,308,Bar-5,Baralof,Pacific cod,32
7/15/2020,308,Bar-5,Baralof,Pacific cod,33
7/15/2020,308,Bar-5,Baralof,Pacific cod,37
7/15/2020,308,Bar-5,Baralof,Pacific cod,42
7/15/2020,308,Bar-5,Baralof,Pacific cod,44
7/15/2020,308,Bar-5,Baralof,Pacific cod,33
7/15/2020,308,Bar-5,Baralof,Pacific cod,39
7/15/2020,308,Bar-5,Baralof,Pacific cod,42
7/15/2020,308,Bar-5,Baralof,Pacific cod,37
7/15/2020,308,Bar-5,Baralof,Pacific cod,32
7/15/2020,308,Bar-5,Baralof,Pacific cod,41
7/15/2020,308,Bar-5,Baralof,Pacific cod,37
7/15/2020,308,Bar-5,Baralof,Pacific cod,38
7/15/2020,308,Bar-5,Baralof,Pacific cod,38
7/15/2020,308,Bar-5,Baralof,Pacific cod,36
7/15/2020,308,Bar-5,Baralof,Pacific cod,35
7/15/2020,308,Bar-5,Baralof,Pacific cod,46
7/15/2020,308,Bar-5,Baralof,Pacific cod,36
7/15/2020,308,Bar-5,Baralof,Pacific cod,35
7/15/2020,308,Bar-5,Baralof,Pacific cod,44
7/15/2020,308,Bar-5,Baralof,Pacific cod,34
7/15/2020,308,Bar-5,Baralof,Pacific cod,35
7/15/2020,308,Bar-5,Baralof,Pacific cod,33
7/15/2020,308,Bar-5,Baralof,Pacific cod,35
7/15/2020,308,Bar-5,Baralof,Pacific cod,37
7/15/2020,308,Bar-5,Baralof,Pacific cod,37
7/15/2020,308,Bar-5,Baralof,Pacific cod,33
7/15/2020,308,Bar-5,Baralof,Pacific cod,42
7/15/2020,308,Bar-5,Baralof,Pacific cod,43
7/15/2020,308,Bar-5,Baralof,Pacific cod,43
7/15/2020,308,Bar-5,Baralof,Pacific cod,39
7/15/2020,308,Bar-5,Baralof,Pacific cod,38
7/15/2020,308,Bar-5,Baralof,Pacific cod,39
7/15/2020,308,Bar-5,Baralof,Pacific cod,43
7/15/2020,308,Bar-5,Baralof,Pacific cod,37
7/15/2020,308,Bar-5,Baralof,Pacific cod,32
7/15/2020,308,Bar-5,Baralof,Pacific cod,33
7/15/2020,308,Bar-5,Baralof,Pacific cod,32
7/15/2020,308,Bar-5,Baralof,Pacific cod,43
7/15/2020,308,Bar-5,Baralof,Pacific cod,31
7/15/2020,308,Bar-5,Baralof,Pacific cod,42
7/15/2020,308,Bar-5,Baralof,Pacific cod,42
7/15/2020,308,Bar-5,Baralof,Pacific cod,41
7/15/2020,305,Bar-2,Baralof,Pacific herring,101
7/15/2020,305,Bar-2,Baralof,Pacific herring,109
7/15/2020,305,Bar-2,Baralof,Pacific herring,113
7/15/2020,306,Bar-3,Baralof,Pacific herring,113
7/15/2020,306,Bar-3,Baralof,Pacific herring,105
7/15/2020,306,Bar-3,Baralof,Pacific herring,102
7/15/2020,306,Bar-3,Baralof,Pacific herring,120
7/15/2020,306,Bar-3,Baralof,Pacific herring,114
7/15/2020,306,Bar-3,Baralof,Pacific herring,106
7/15/2020,306,Bar-3,Baralof,Pacific herring,125
7/15/2020,306,Bar-3,Baralof,Pacific herring,109
7/15/2020,306,Bar-3,Baralof,Pacific sandlance,109
7/15/2020,306,Bar-3,Baralof,Pacific sandlance,106
7/15/2020,306,Bar-3,Baralof,Pacific sandlance,109
7/15/2020,305,Bar-2,Baralof,pink salmon,493
7/15/2020,308,Bar-5,Baralof,walleye pollock,37
7/15/2020,308,Bar-5,Baralof,walleye pollock,32
7/24/2021,318,Sanak-2,Caton Harbor,Pacific sandlance,75
7/24/2021,318,Sanak-2,Caton Harbor,Pacific sandlance,76
7/24/2021,318,Sanak-2,Caton Harbor,Pacific sandlance,75
7/24/2021,318,Sanak-2,Caton Harbor,Pacific sandlance,61
7/17/2021,311,Fal-3,Falmouth,capelin,64
7/17/2021,311,Fal-3,Falmouth,capelin,56
7/17/2021,311,Fal-3,Falmouth,capelin,55
7/17/2021,311,Fal-3,Falmouth,capelin,55
7/17/2021,311,Fal-3,Falmouth,capelin,59
7/17/2021,311,Fal-3,Falmouth,capelin,56
7/17/2021,311,Fal-3,Falmouth,capelin,57
7/17/2021,311,Fal-3,Falmouth,capelin,59
7/17/2021,311,Fal-3,Falmouth,capelin,57
7/17/2021,311,Fal-3,Falmouth,capelin,65
7/17/2021,311,Fal-3,Falmouth,capelin,54
7/17/2021,311,Fal-3,Falmouth,capelin,69
7/17/2021,311,Fal-3,Falmouth,capelin,64
7/17/2021,310,Fal-2,Falmouth,Pacific cod,55
7/17/2021,313,Fal-5,Falmouth,Pacific cod,43
7/17/2021,313,Fal-5,Falmouth,Pacific cod,42
7/17/2021,313,Fal-5,Falmouth,Pacific cod,42
7/17/2021,313,Fal-5,Falmouth,Pacific cod,40
7/17/2021,313,Fal-5,Falmouth,Pacific cod,41
7/17/2021,314,Fal-1,Falmouth,Pacific cod,35
7/17/2021,314,Fal-1,Falmouth,Pacific cod,34
7/17/2021,312,Fal-4,Falmouth,Pacific herring,96
7/17/2021,312,Fal-4,Falmouth,Pacific herring,113
7/17/2021,312,Fal-4,Falmouth,Pacific herring,115
7/17/2021,312,Fal-4,Falmouth,Pacific herring,115
7/17/2021,312,Fal-4,Falmouth,Pacific herring,112
7/17/2021,312,Fal-4,Falmouth,Pacific herring,108
7/17/2021,312,Fal-4,Falmouth,Pacific herring,110
7/17/2021,312,Fal-4,Falmouth,Pacific herring,115
7/17/2021,312,Fal-4,Falmouth,Pacific herring,122
7/17/2021,312,Fal-4,Falmouth,Pacific herring,120
7/17/2021,311,Fal-3,Falmouth,Pacific sandfish,72
7/17/2021,311,Fal-3,Falmouth,Pacific sandfish,68
7/17/2021,311,Fal-3,Falmouth,Pacific sandfish,67
7/11/2021,297,Fox-2,Fox,capelin,139
7/11/2021,295,Fox-5,Fox,Pacific cod,35
7/11/2021,296,Fox-3,Fox,Pacific cod,54
7/11/2021,296,Fox-3,Fox,Pacific cod,38
7/11/2021,296,Fox-3,Fox,Pacific cod,35
7/11/2021,296,Fox-3,Fox,Pacific cod,38
7/11/2021,296,Fox-3,Fox,Pacific cod,41
7/11/2021,296,Fox-3,Fox,Pacific cod,40
7/11/2021,296,Fox-3,Fox,Pacific cod,42
7/11/2021,296,Fox-3,Fox,Pacific cod,34
7/11/2021,296,Fox-3,Fox,Pacific cod,42
7/11/2021,296,Fox-3,Fox,Pacific cod,41
7/11/2021,296,Fox-3,Fox,Pacific cod,48
7/11/2021,296,Fox-3,Fox,Pacific cod,43
7/11/2021,296,Fox-3,Fox,Pacific cod,39
7/11/2021,296,Fox-3,Fox,Pacific cod,43
7/11/2021,296,Fox-3,Fox,Pacific cod,41
7/11/2021,296,Fox-3,Fox,Pacific cod,44
7/11/2021,296,Fox-3,Fox,Pacific cod,49
7/11/2021,296,Fox-3,Fox,Pacific cod,40
7/11/2021,296,Fox-3,Fox,Pacific cod,33
7/11/2021,296,Fox-3,Fox,Pacific cod,40
7/11/2021,296,Fox-3,Fox,Pacific cod,39
7/11/2021,296,Fox-3,Fox,Pacific cod,34
7/11/2021,296,Fox-3,Fox,Pacific cod,41
7/11/2021,296,Fox-3,Fox,Pacific cod,38
7/11/2021,296,Fox-3,Fox,Pacific cod,42
7/11/2021,296,Fox-3,Fox,Pacific cod,31
7/11/2021,296,Fox-3,Fox,Pacific cod,41
7/11/2021,297,Fox-2,Fox,Pacific cod,37
7/11/2021,297,Fox-2,Fox,Pacific cod,33
7/11/2021,297,Fox-2,Fox,Pacific cod,41
7/11/2021,297,Fox-2,Fox,Pacific cod,33
7/11/2021,297,Fox-2,Fox,Pacific cod,44
7/11/2021,297,Fox-2,Fox,Pacific cod,41
7/11/2021,297,Fox-2,Fox,Pacific cod,41
7/11/2021,297,Fox-2,Fox,Pacific cod,44
7/11/2021,297,Fox-2,Fox,Pacific cod,37
7/11/2021,297,Fox-2,Fox,Pacific cod,39
7/11/2021,297,Fox-2,Fox,Pacific cod,34
7/11/2021,297,Fox-2,Fox,Pacific cod,39
7/11/2021,297,Fox-2,Fox,Pacific cod,42
7/11/2021,297,Fox-2,Fox,Pacific cod,45
7/11/2021,297,Fox-2,Fox,Pacific cod,33
7/11/2021,297,Fox-2,Fox,Pacific cod,32
7/11/2021,297,Fox-2,Fox,Pacific cod,35
7/11/2021,297,Fox-2,Fox,Pacific cod,37
7/11/2021,297,Fox-2,Fox,Pacific cod,41
7/11/2021,297,Fox-2,Fox,Pacific cod,39
7/11/2021,297,Fox-2,Fox,Pacific cod,34
7/11/2021,297,Fox-2,Fox,Pacific cod,44
7/11/2021,297,Fox-2,Fox,Pacific cod,43
7/11/2021,297,Fox-2,Fox,Pacific cod,46
7/11/2021,297,Fox-2,Fox,Pacific cod,38
7/11/2021,297,Fox-2,Fox,Pacific cod,36
7/11/2021,298,Fox-1,Fox,Pacific cod,41
7/11/2021,298,Fox-1,Fox,Pacific cod,44
7/11/2021,298,Fox-1,Fox,Pacific cod,36
7/11/2021,298,Fox-1,Fox,Pacific cod,41
7/11/2021,298,Fox-1,Fox,Pacific cod,40
7/11/2021,298,Fox-1,Fox,Pacific cod,41
7/11/2021,298,Fox-1,Fox,Pacific cod,37
7/11/2021,298,Fox-1,Fox,Pacific cod,50
7/11/2021,298,Fox-1,Fox,Pacific cod,42
7/11/2021,298,Fox-1,Fox,Pacific cod,46
7/11/2021,298,Fox-1,Fox,Pacific cod,41
7/11/2021,298,Fox-1,Fox,Pacific cod,31
7/11/2021,298,Fox-1,Fox,Pacific cod,44
7/11/2021,298,Fox-1,Fox,Pacific cod,44
7/11/2021,298,Fox-1,Fox,Pacific cod,34
7/11/2021,296,Fox-3,Fox,Pacific sandlance,101
7/11/2021,294,Fox-4,Fox,pink salmon,74
7/11/2021,294,Fox-4,Fox,pink salmon,78
7/11/2021,294,Fox-4,Fox,pink salmon,72
7/11/2021,294,Fox-4,Fox,pink salmon,85
7/11/2021,294,Fox-4,Fox,pink salmon,72
7/11/2021,294,Fox-4,Fox,pink salmon,74
7/11/2021,294,Fox-4,Fox,pink salmon,74
7/11/2021,294,Fox-4,Fox,pink salmon,75
7/11/2021,294,Fox-4,Fox,pink salmon,72
7/11/2021,294,Fox-4,Fox,pink salmon,73
7/11/2021,294,Fox-4,Fox,pink salmon,61
7/11/2021,294,Fox-4,Fox,pink salmon,79
7/11/2021,294,Fox-4,Fox,pink salmon,78
7/11/2021,295,Fox-5,Fox,pink salmon,80
7/11/2021,295,Fox-5,Fox,pink salmon,85
7/11/2021,295,Fox-5,Fox,pink salmon,82
7/11/2021,295,Fox-5,Fox,pink salmon,78
7/11/2021,295,Fox-5,Fox,pink salmon,72
7/11/2021,295,Fox-5,Fox,pink salmon,74
7/11/2021,295,Fox-5,Fox,pink salmon,84
7/11/2021,295,Fox-5,Fox,pink salmon,79
7/11/2021,295,Fox-5,Fox,pink salmon,77
7/11/2021,295,Fox-5,Fox,pink salmon,76
7/11/2021,295,Fox-5,Fox,pink salmon,83
7/11/2021,295,Fox-5,Fox,pink salmon,75
7/11/2021,295,Fox-5,Fox,pink salmon,75
7/11/2021,295,Fox-5,Fox,pink salmon,73
7/11/2021,295,Fox-5,Fox,pink salmon,75
7/11/2021,295,Fox-5,Fox,pink salmon,67
7/11/2021,295,Fox-5,Fox,pink salmon,80
7/11/2021,295,Fox-5,Fox,pink salmon,75
7/11/2021,296,Fox-3,Fox,pink salmon,87
7/11/2021,296,Fox-3,Fox,pink salmon,89
7/11/2021,296,Fox-3,Fox,pink salmon,74
7/11/2021,296,Fox-3,Fox,pink salmon,77
7/11/2021,296,Fox-3,Fox,pink salmon,82
7/11/2021,296,Fox-3,Fox,pink salmon,80
7/11/2021,296,Fox-3,Fox,pink salmon,83
7/11/2021,296,Fox-3,Fox,pink salmon,84
7/11/2021,296,Fox-3,Fox,pink salmon,82
7/11/2021,296,Fox-3,Fox,pink salmon,77
7/11/2021,297,Fox-2,Fox,walleye pollock,38
7/11/2021,297,Fox-2,Fox,walleye pollock,39
7/11/2021,297,Fox-2,Fox,walleye pollock,36
7/11/2021,297,Fox-2,Fox,walleye pollock,36
7/11/2021,297,Fox-2,Fox,walleye pollock,41
7/11/2021,297,Fox-2,Fox,walleye pollock,41
7/11/2021,297,Fox-2,Fox,walleye pollock,42
7/11/2021,297,Fox-2,Fox,walleye pollock,36
7/11/2021,297,Fox-2,Fox,walleye pollock,37
7/11/2021,297,Fox-2,Fox,walleye pollock,37
7/11/2021,297,Fox-2,Fox,walleye pollock,36
7/11/2021,297,Fox-2,Fox,walleye pollock,32
7/11/2021,297,Fox-2,Fox,walleye pollock,35
7/11/2021,297,Fox-2,Fox,walleye pollock,37
7/11/2021,297,Fox-2,Fox,walleye pollock,39
7/11/2021,297,Fox-2,Fox,walleye pollock,37
7/11/2021,297,Fox-2,Fox,walleye pollock,37
7/11/2021,297,Fox-2,Fox,walleye pollock,43
7/11/2021,297,Fox-2,Fox,walleye pollock,46
7/11/2021,297,Fox-2,Fox,walleye pollock,37
7/11/2021,297,Fox-2,Fox,walleye pollock,42
7/11/2021,297,Fox-2,Fox,walleye pollock,35
7/11/2021,297,Fox-2,Fox,walleye pollock,37
7/11/2021,297,Fox-2,Fox,walleye pollock,37
7/11/2021,297,Fox-2,Fox,walleye pollock,32
7/11/2021,297,Fox-2,Fox,walleye pollock,34
7/11/2021,297,Fox-2,Fox,walleye pollock,40
7/11/2021,297,Fox-2,Fox,walleye pollock,35
7/11/2021,297,Fox-2,Fox,walleye pollock,38
7/11/2021,297,Fox-2,Fox,walleye pollock,34
7/11/2021,297,Fox-2,Fox,walleye pollock,39
7/11/2021,297,Fox-2,Fox,walleye pollock,39
7/31/2021,331,Jap-7,Japanese Bay,black rockfish,231
7/31/2021,331,Jap-7,Japanese Bay,black rockfish,184
7/31/2021,331,Jap-7,Japanese Bay,black rockfish,175
7/31/2021,333,Jap-5,Japanese Bay,coho salmon,66
7/31/2021,333,Jap-5,Japanese Bay,coho salmon,76
7/31/2021,333,Jap-5,Japanese Bay,coho salmon,72
7/31/2021,333,Jap-5,Japanese Bay,coho salmon,68
7/31/2021,331,Jap-7,Japanese Bay,copper rockfish,115
7/31/2021,331,Jap-7,Japanese Bay,copper rockfish,117
7/31/2021,331,Jap-7,Japanese Bay,copper rockfish,114
7/31/2021,331,Jap-7,Japanese Bay,copper rockfish,115
7/31/2021,331,Jap-7,Japanese Bay,copper rockfish,75
7/31/2021,331,Jap-7,Japanese Bay,copper rockfish,82
7/31/2021,331,Jap-7,Japanese Bay,copper rockfish,114
7/31/2021,331,Jap-7,Japanese Bay,copper rockfish,125
7/31/2021,331,Jap-7,Japanese Bay,copper rockfish,109
7/31/2021,331,Jap-7,Japanese Bay,copper rockfish,115
7/31/2021,331,Jap-7,Japanese Bay,copper rockfish,124
7/31/2021,331,Jap-7,Japanese Bay,copper rockfish,74
7/31/2021,331,Jap-7,Japanese Bay,copper rockfish,123
7/31/2021,331,Jap-7,Japanese Bay,copper rockfish,121
7/31/2021,328,Jap-1,Japanese Bay,Pacific cod,67
7/31/2021,328,Jap-1,Japanese Bay,Pacific cod,55
7/31/2021,330,Jap-2,Japanese Bay,Pacific cod,72
7/31/2021,330,Jap-2,Japanese Bay,Pacific cod,56
7/31/2021,331,Jap-7,Japanese Bay,Pacific cod,64
7/31/2021,331,Jap-7,Japanese Bay,Pacific cod,73
7/31/2021,331,Jap-7,Japanese Bay,Pacific cod,49
7/31/2021,331,Jap-7,Japanese Bay,Pacific cod,73
7/31/2021,331,Jap-7,Japanese Bay,Pacific cod,45
7/31/2021,333,Jap-5,Japanese Bay,Pacific cod,62
7/31/2021,333,Jap-5,Japanese Bay,Pacific cod,65
7/31/2021,333,Jap-5,Japanese Bay,Pacific cod,55
7/31/2021,333,Jap-5,Japanese Bay,Pacific cod,64
7/31/2021,333,Jap-5,Japanese Bay,Pacific cod,59
7/31/2021,333,Jap-5,Japanese Bay,Pacific cod,74
7/31/2021,333,Jap-5,Japanese Bay,Pacific cod,51
7/31/2021,333,Jap-5,Japanese Bay,Pacific cod,64
7/31/2021,333,Jap-5,Japanese Bay,Pacific cod,59
7/31/2021,333,Jap-5,Japanese Bay,Pacific cod,68
7/31/2021,333,Jap-5,Japanese Bay,Pacific cod,54
7/31/2021,329,Jap-6,Japanese Bay,Pacific sandlance,83
7/31/2021,333,Jap-5,Japanese Bay,pink salmon,103
7/31/2021,331,Jap-7,Japanese Bay,saffron cod,78
7/31/2021,333,Jap-5,Japanese Bay,saffron cod,75
7/31/2021,333,Jap-5,Japanese Bay,saffron cod,75
7/31/2021,333,Jap-5,Japanese Bay,saffron cod,73
7/31/2021,333,Jap-5,Japanese Bay,saffron cod,78
7/31/2021,333,Jap-5,Japanese Bay,saffron cod,77
7/31/2021,333,Jap-5,Japanese Bay,saffron cod,82
7/31/2021,333,Jap-5,Japanese Bay,saffron cod,85
7/31/2021,333,Jap-5,Japanese Bay,saffron cod,83
7/31/2021,333,Jap-5,Japanese Bay,saffron cod,77
8/4/2021,337,Kai-3,Kaiugnak Bay,black rockfish,56
8/4/2021,336,Kai-2,Kaiugnak Bay,copper rockfish,146
8/4/2021,339,Kai-7,Kaiugnak Bay,copper rockfish,138
8/4/2021,335,Kai-1,Kaiugnak Bay,Pacific cod,278
8/4/2021,335,Kai-1,Kaiugnak Bay,Pacific cod,251
8/4/2021,335,Kai-1,Kaiugnak Bay,Pacific cod,245
8/4/2021,335,Kai-1,Kaiugnak Bay,Pacific cod,245
8/4/2021,335,Kai-1,Kaiugnak Bay,Pacific cod,76
8/4/2021,335,Kai-1,Kaiugnak Bay,Pacific cod,60
8/4/2021,335,Kai-1,Kaiugnak Bay,Pacific cod,55
8/4/2021,335,Kai-1,Kaiugnak Bay,Pacific cod,63
8/4/2021,335,Kai-1,Kaiugnak Bay,Pacific cod,65
8/4/2021,335,Kai-1,Kaiugnak Bay,Pacific cod,74
8/4/2021,335,Kai-1,Kaiugnak Bay,Pacific cod,58
8/4/2021,335,Kai-1,Kaiugnak Bay,Pacific cod,53
8/4/2021,335,Kai-1,Kaiugnak Bay,Pacific cod,60
8/4/2021,335,Kai-1,Kaiugnak Bay,Pacific cod,60
8/4/2021,335,Kai-1,Kaiugnak Bay,Pacific cod,68
8/4/2021,335,Kai-1,Kaiugnak Bay,Pacific cod,63
8/4/2021,335,Kai-1,Kaiugnak Bay,Pacific cod,65
8/4/2021,335,Kai-1,Kaiugnak Bay,Pacific cod,60
8/4/2021,335,Kai-1,Kaiugnak Bay,Pacific cod,66
8/4/2021,335,Kai-1,Kaiugnak Bay,Pacific cod,58
8/4/2021,335,Kai-1,Kaiugnak Bay,Pacific cod,78
8/4/2021,337,Kai-3,Kaiugnak Bay,Pacific cod,62
8/4/2021,337,Kai-3,Kaiugnak Bay,Pacific cod,61
8/4/2021,337,Kai-3,Kaiugnak Bay,Pacific cod,64
8/4/2021,337,Kai-3,Kaiugnak Bay,Pacific cod,60
8/4/2021,337,Kai-3,Kaiugnak Bay,Pacific cod,63
8/4/2021,337,Kai-3,Kaiugnak Bay,Pacific cod,60
8/4/2021,337,Kai-3,Kaiugnak Bay,Pacific cod,64
8/4/2021,337,Kai-3,Kaiugnak Bay,Pacific cod,59
8/4/2021,337,Kai-3,Kaiugnak Bay,Pacific cod,85
8/4/2021,337,Kai-3,Kaiugnak Bay,Pacific cod,81
8/4/2021,337,Kai-3,Kaiugnak Bay,Pacific cod,62
8/4/2021,337,Kai-3,Kaiugnak Bay,Pacific cod,67
8/4/2021,337,Kai-3,Kaiugnak Bay,Pacific cod,45
8/4/2021,337,Kai-3,Kaiugnak Bay,Pacific cod,56
8/4/2021,337,Kai-3,Kaiugnak Bay,Pacific cod,53
8/4/2021,337,Kai-3,Kaiugnak Bay,Pacific cod,62
8/4/2021,337,Kai-3,Kaiugnak Bay,Pacific cod,59
8/4/2021,337,Kai-3,Kaiugnak Bay,Pacific cod,61
8/4/2021,337,Kai-3,Kaiugnak Bay,Pacific cod,57
8/4/2021,337,Kai-3,Kaiugnak Bay,Pacific cod,57
8/4/2021,337,Kai-3,Kaiugnak Bay,Pacific cod,68
8/4/2021,337,Kai-3,Kaiugnak Bay,Pacific cod,80
8/4/2021,337,Kai-3,Kaiugnak Bay,Pacific cod,85
8/4/2021,337,Kai-3,Kaiugnak Bay,Pacific cod,61
8/4/2021,337,Kai-3,Kaiugnak Bay,Pacific cod,54
8/4/2021,337,Kai-3,Kaiugnak Bay,Pacific cod,61
8/4/2021,338,Kai-6,Kaiugnak Bay,Pacific cod,63
8/4/2021,339,Kai-7,Kaiugnak Bay,Pacific cod,75
8/4/2021,339,Kai-7,Kaiugnak Bay,Pacific cod,78
8/4/2021,339,Kai-7,Kaiugnak Bay,Pacific cod,61
8/4/2021,335,Kai-1,Kaiugnak Bay,Pacific sandlance,135
8/4/2021,335,Kai-1,Kaiugnak Bay,Pacific sandlance,158
8/4/2021,335,Kai-1,Kaiugnak Bay,Pacific sandlance,130
8/4/2021,335,Kai-1,Kaiugnak Bay,Pacific sandlance,145
8/4/2021,335,Kai-1,Kaiugnak Bay,Pacific sandlance,142
8/4/2021,335,Kai-1,Kaiugnak Bay,Pacific sandlance,177
8/4/2021,335,Kai-1,Kaiugnak Bay,Pacific sandlance,190
8/4/2021,335,Kai-1,Kaiugnak Bay,saffron cod,292
8/4/2021,337,Kai-3,Kaiugnak Bay,saffron cod,73
8/4/2021,335,Kai-1,Kaiugnak Bay,walleye pollock,71
8/4/2021,337,Kai-3,Kaiugnak Bay,walleye pollock,72
7/9/2021,288,Mitro-4,Mitrofania,Pacific cod,50
7/9/2021,289,Mitro-5,Mitrofania,pink salmon,77
7/9/2021,290,Mitro-6,Mitrofania,chinook salmon,134
7/9/2021,290,Mitro-6,Mitrofania,chinook salmon,116
7/9/2021,290,Mitro-6,Mitrofania,chinook salmon,124
7/9/2021,290,Mitro-6,Mitrofania,chinook salmon,114
7/9/2021,290,Mitro-6,Mitrofania,chum salmon,86
7/9/2021,290,Mitro-6,Mitrofania,Pacific cod,47
7/9/2021,290,Mitro-6,Mitrofania,Pacific cod,50
7/9/2021,290,Mitro-6,Mitrofania,Pacific cod,40
7/9/2021,290,Mitro-6,Mitrofania,Pacific cod,41
7/9/2021,290,Mitro-6,Mitrofania,Pacific cod,41
7/9/2021,290,Mitro-6,Mitrofania,Pacific cod,41
7/9/2021,290,Mitro-6,Mitrofania,Pacific cod,40
7/9/2021,290,Mitro-6,Mitrofania,Pacific cod,39
7/9/2021,290,Mitro-6,Mitrofania,Pacific cod,49
7/9/2021,290,Mitro-6,Mitrofania,Pacific cod,51
7/9/2021,290,Mitro-6,Mitrofania,Pacific cod,38
7/9/2021,290,Mitro-6,Mitrofania,Pacific cod,32
7/9/2021,290,Mitro-6,Mitrofania,Pacific cod,36
7/9/2021,290,Mitro-6,Mitrofania,Pacific cod,41
7/9/2021,290,Mitro-6,Mitrofania,Pacific cod,39
7/9/2021,290,Mitro-6,Mitrofania,Pacific cod,37
7/9/2021,290,Mitro-6,Mitrofania,Pacific cod,46
7/9/2021,290,Mitro-6,Mitrofania,Pacific cod,41
7/9/2021,290,Mitro-6,Mitrofania,Pacific cod,46
7/9/2021,290,Mitro-6,Mitrofania,Pacific cod,43
7/9/2021,290,Mitro-6,Mitrofania,Pacific cod,45
7/9/2021,290,Mitro-6,Mitrofania,Pacific cod,42
7/9/2021,290,Mitro-6,Mitrofania,Pacific cod,30
7/9/2021,290,Mitro-6,Mitrofania,Pacific cod,37
7/9/2021,290,Mitro-6,Mitrofania,Pacific cod,46
7/9/2021,290,Mitro-6,Mitrofania,Pacific cod,42
7/9/2021,290,Mitro-6,Mitrofania,Pacific cod,46
7/9/2021,290,Mitro-6,Mitrofania,Pacific cod,38
7/9/2021,290,Mitro-6,Mitrofania,Pacific herring,130
7/9/2021,290,Mitro-6,Mitrofania,Pacific herring,120
7/9/2021,290,Mitro-6,Mitrofania,Pacific herring,125
7/9/2021,290,Mitro-6,Mitrofania,Pacific herring,107
7/9/2021,290,Mitro-6,Mitrofania,Pacific herring,126
7/9/2021,290,Mitro-6,Mitrofania,Pacific herring,131
7/9/2021,290,Mitro-6,Mitrofania,Pacific herring,126
7/9/2021,290,Mitro-6,Mitrofania,Pacific herring,120
7/9/2021,290,Mitro-6,Mitrofania,Pacific herring,119
7/9/2021,290,Mitro-6,Mitrofania,Pacific herring,121
7/9/2021,290,Mitro-6,Mitrofania,Pacific sandlance,109
7/9/2021,290,Mitro-6,Mitrofania,Pacific sandlance,117
7/9/2021,290,Mitro-6,Mitrofania,Pacific sandlance,103
7/9/2021,290,Mitro-6,Mitrofania,Pacific sandlance,111
7/9/2021,290,Mitro-6,Mitrofania,Pacific sandlance,106
7/9/2021,290,Mitro-6,Mitrofania,Pacific sandlance,104
7/9/2021,290,Mitro-6,Mitrofania,Pacific sandlance,107
7/9/2021,290,Mitro-6,Mitrofania,Pacific sandlance,119
7/9/2021,290,Mitro-6,Mitrofania,pink salmon,82
7/9/2021,290,Mitro-6,Mitrofania,pink salmon,87
7/9/2021,290,Mitro-6,Mitrofania,pink salmon,84
7/9/2021,290,Mitro-6,Mitrofania,pink salmon,81
7/9/2021,290,Mitro-6,Mitrofania,pink salmon,79
7/9/2021,290,Mitro-6,Mitrofania,pink salmon,84
7/9/2021,290,Mitro-6,Mitrofania,walleye pollock,43
7/9/2021,291,Mitro-3,Mitrofania,chum salmon,85
7/9/2021,291,Mitro-3,Mitrofania,copper rockfish,124
7/9/2021,291,Mitro-3,Mitrofania,copper rockfish,106
7/9/2021,291,Mitro-3,Mitrofania,Pacific cod,210
7/9/2021,291,Mitro-3,Mitrofania,Pacific cod,42
7/9/2021,291,Mitro-3,Mitrofania,Pacific cod,36
7/9/2021,291,Mitro-3,Mitrofania,Pacific cod,48
7/9/2021,291,Mitro-3,Mitrofania,Pacific cod,42
7/9/2021,291,Mitro-3,Mitrofania,Pacific cod,38
7/9/2021,291,Mitro-3,Mitrofania,Pacific cod,42
7/9/2021,291,Mitro-3,Mitrofania,Pacific cod,36
7/9/2021,291,Mitro-3,Mitrofania,Pacific cod,44
7/9/2021,291,Mitro-3,Mitrofania,Pacific cod,40
7/9/2021,291,Mitro-3,Mitrofania,Pacific cod,37
7/9/2021,291,Mitro-3,Mitrofania,Pacific cod,42
7/9/2021,291,Mitro-3,Mitrofania,Pacific cod,41
7/9/2021,291,Mitro-3,Mitrofania,Pacific cod,48
7/9/2021,291,Mitro-3,Mitrofania,Pacific cod,46
7/9/2021,291,Mitro-3,Mitrofania,Pacific sandlance,109
7/9/2021,291,Mitro-3,Mitrofania,Pacific sandlance,125
7/9/2021,291,Mitro-3,Mitrofania,Pacific sandlance,122
7/9/2021,291,Mitro-3,Mitrofania,Pacific sandlance,105
7/9/2021,291,Mitro-3,Mitrofania,Pacific sandlance,117
7/9/2021,291,Mitro-3,Mitrofania,Pacific sandlance,105
7/9/2021,291,Mitro-3,Mitrofania,Pacific sandlance,104
7/9/2021,291,Mitro-3,Mitrofania,Pacific sandlance,160
7/9/2021,291,Mitro-3,Mitrofania,Pacific sandlance,106
7/9/2021,291,Mitro-3,Mitrofania,Pacific sandlance,119
7/9/2021,291,Mitro-3,Mitrofania,Pacific sandlance,105
7/9/2021,291,Mitro-3,Mitrofania,Pacific sandlance,126
7/9/2021,291,Mitro-3,Mitrofania,Pacific sandlance,132
7/9/2021,291,Mitro-3,Mitrofania,Pacific sandlance,101
7/9/2021,291,Mitro-3,Mitrofania,Pacific sandlance,115
7/9/2021,291,Mitro-3,Mitrofania,Pacific sandlance,105
7/9/2021,291,Mitro-3,Mitrofania,pink salmon,79
7/9/2021,292,Mitro-2,Mitrofania,dolly varden,325
7/9/2021,292,Mitro-2,Mitrofania,Pacific cod,45
7/9/2021,292,Mitro-2,Mitrofania,Pacific cod,47
7/9/2021,292,Mitro-2,Mitrofania,Pacific cod,39
7/9/2021,292,Mitro-2,Mitrofania,Pacific cod,41
7/9/2021,292,Mitro-2,Mitrofania,Pacific cod,50
7/9/2021,292,Mitro-2,Mitrofania,Pacific cod,42
7/9/2021,292,Mitro-2,Mitrofania,Pacific cod,42
7/9/2021,292,Mitro-2,Mitrofania,Pacific cod,41
7/9/2021,293,Mitro-1,Mitrofania,Pacific cod,41
7/9/2021,293,Mitro-1,Mitrofania,Pacific cod,43
7/24/2021,321,Sanak-5,NE Harbor,red salmon,540
7/24/2021,321,Sanak-5,NE Harbor,red salmon,520
7/24/2021,321,Sanak-5,NE Harbor,red salmon,521
7/24/2021,321,Sanak-5,NE Harbor,red salmon,547
7/24/2021,321,Sanak-5,NE Harbor,red salmon,562
7/24/2021,321,Sanak-5,NE Harbor,red salmon,570
7/24/2021,321,Sanak-5,NE Harbor,red salmon,561
7/6/2021,286,PW-2,Pt Wrangell,chinook salmon,145
7/6/2021,287,PW-4,Pt Wrangell,chinook salmon,53
7/6/2021,287,PW-4,Pt Wrangell,chinook salmon,53
7/6/2021,287,PW-4,Pt Wrangell,chinook salmon,53
7/6/2021,287,PW-4,Pt Wrangell,chinook salmon,53
7/6/2021,287,PW-4,Pt Wrangell,chinook salmon,53
7/6/2021,286,PW-2,Pt Wrangell,copper rockfish,111
7/6/2021,286,PW-2,Pt Wrangell,copper rockfish,108
7/6/2021,285,PW-3,Pt Wrangell,dolly varden,495
7/6/2021,285,PW-3,Pt Wrangell,dolly varden,482
7/6/2021,286,PW-2,Pt Wrangell,dolly varden,176
7/6/2021,286,PW-2,Pt Wrangell,dolly varden,150
7/6/2021,286,PW-2,Pt Wrangell,dolly varden,132
7/6/2021,286,PW-2,Pt Wrangell,dolly varden,156
7/6/2021,284,PW-1,Pt Wrangell,Pacific cod,50
7/6/2021,284,PW-1,Pt Wrangell,Pacific cod,42
7/6/2021,284,PW-1,Pt Wrangell,Pacific cod,40
7/6/2021,284,PW-1,Pt Wrangell,Pacific cod,54
7/6/2021,285,PW-3,Pt Wrangell,Pacific cod,220
7/6/2021,285,PW-3,Pt Wrangell,Pacific cod,236
7/6/2021,285,PW-3,Pt Wrangell,Pacific cod,41
7/6/2021,286,PW-2,Pt Wrangell,Pacific cod,257
7/6/2021,286,PW-2,Pt Wrangell,Pacific cod,215
7/6/2021,286,PW-2,Pt Wrangell,Pacific cod,234
7/6/2021,286,PW-2,Pt Wrangell,Pacific cod,181
7/6/2021,286,PW-2,Pt Wrangell,Pacific cod,226
7/6/2021,286,PW-2,Pt Wrangell,Pacific cod,187
7/6/2021,286,PW-2,Pt Wrangell,Pacific cod,236
7/6/2021,286,PW-2,Pt Wrangell,Pacific cod,229
7/6/2021,287,PW-4,Pt Wrangell,Pacific cod,35
7/6/2021,287,PW-4,Pt Wrangell,Pacific cod,42
7/6/2021,287,PW-4,Pt Wrangell,Pacific cod,49
7/6/2021,287,PW-4,Pt Wrangell,Pacific cod,42
7/6/2021,287,PW-4,Pt Wrangell,Pacific cod,36
7/6/2021,287,PW-4,Pt Wrangell,Pacific cod,49
7/6/2021,287,PW-4,Pt Wrangell,Pacific cod,42
7/6/2021,287,PW-4,Pt Wrangell,Pacific cod,38
7/6/2021,287,PW-4,Pt Wrangell,Pacific cod,42
7/6/2021,287,PW-4,Pt Wrangell,Pacific cod,37
7/6/2021,287,PW-4,Pt Wrangell,Pacific cod,42
7/6/2021,287,PW-4,Pt Wrangell,Pacific cod,37
7/6/2021,287,PW-4,Pt Wrangell,Pacific cod,43
7/6/2021,287,PW-4,Pt Wrangell,Pacific cod,39
7/6/2021,287,PW-4,Pt Wrangell,Pacific cod,41
7/6/2021,287,PW-4,Pt Wrangell,Pacific cod,35
7/6/2021,287,PW-4,Pt Wrangell,Pacific herring,120
7/6/2021,285,PW-3,Pt Wrangell,pink salmon,74
7/6/2021,285,PW-3,Pt Wrangell,pink salmon,54
7/6/2021,286,PW-2,Pt Wrangell,pink salmon,71
7/6/2021,287,PW-4,Pt Wrangell,pink salmon,53
7/6/2021,287,PW-4,Pt Wrangell,pink salmon,54
7/6/2021,287,PW-4,Pt Wrangell,pink salmon,63
7/6/2021,287,PW-4,Pt Wrangell,pink salmon,52
7/6/2021,287,PW-4,Pt Wrangell,pink salmon,58
7/6/2021,287,PW-4,Pt Wrangell,pink salmon,47
7/6/2021,287,PW-4,Pt Wrangell,pink salmon,47
7/28/2021,322,Rod-1,Rodmans Reach,Pacific cod,59
7/28/2021,322,Rod-1,Rodmans Reach,Pacific cod,55
7/28/2021,322,Rod-1,Rodmans Reach,Pacific cod,63
7/28/2021,322,Rod-1,Rodmans Reach,Pacific cod,49
7/28/2021,322,Rod-1,Rodmans Reach,Pacific cod,57
7/28/2021,322,Rod-1,Rodmans Reach,Pacific cod,47
7/28/2021,322,Rod-1,Rodmans Reach,Pacific cod,55
7/28/2021,322,Rod-1,Rodmans Reach,Pacific cod,59
7/28/2021,322,Rod-1,Rodmans Reach,Pacific cod,58
7/28/2021,322,Rod-1,Rodmans Reach,Pacific cod,52
7/28/2021,322,Rod-1,Rodmans Reach,Pacific cod,62
7/28/2021,322,Rod-1,Rodmans Reach,Pacific cod,53
7/28/2021,322,Rod-1,Rodmans Reach,Pacific cod,52
7/28/2021,322,Rod-1,Rodmans Reach,Pacific cod,52
7/28/2021,322,Rod-1,Rodmans Reach,Pacific cod,41
7/28/2021,322,Rod-1,Rodmans Reach,Pacific cod,60
7/28/2021,322,Rod-1,Rodmans Reach,Pacific cod,55
7/28/2021,322,Rod-1,Rodmans Reach,Pacific cod,52
7/28/2021,322,Rod-1,Rodmans Reach,Pacific cod,43
7/28/2021,322,Rod-1,Rodmans Reach,Pacific cod,45
7/28/2021,322,Rod-1,Rodmans Reach,Pacific cod,51
7/28/2021,322,Rod-1,Rodmans Reach,Pacific cod,63
7/28/2021,322,Rod-1,Rodmans Reach,Pacific cod,54
7/28/2021,322,Rod-1,Rodmans Reach,Pacific cod,48
7/28/2021,322,Rod-1,Rodmans Reach,Pacific cod,45
7/28/2021,322,Rod-1,Rodmans Reach,Pacific sandlance,107
7/28/2021,322,Rod-1,Rodmans Reach,Pacific sandlance,98
7/28/2021,322,Rod-1,Rodmans Reach,Pacific sandlance,91
7/28/2021,322,Rod-1,Rodmans Reach,Pacific sandlance,97
7/28/2021,322,Rod-1,Rodmans Reach,Pacific sandlance,116
7/28/2021,322,Rod-1,Rodmans Reach,Pacific sandlance,98
7/28/2021,322,Rod-1,Rodmans Reach,Pacific sandlance,94
7/28/2021,322,Rod-1,Rodmans Reach,Pacific sandlance,112
7/28/2021,322,Rod-1,Rodmans Reach,Pacific sandlance,101
7/28/2021,322,Rod-1,Rodmans Reach,Pacific sandlance,95
7/28/2021,322,Rod-1,Rodmans Reach,pink salmon,77
7/28/2021,322,Rod-1,Rodmans Reach,pink salmon,81
7/28/2021,322,Rod-1,Rodmans Reach,pink salmon,78
7/28/2021,322,Rod-1,Rodmans Reach,pink salmon,83
7/28/2021,322,Rod-1,Rodmans Reach,pink salmon,79
7/28/2021,322,Rod-1,Rodmans Reach,pink salmon,80
7/28/2021,322,Rod-1,Rodmans Reach,pink salmon,82
7/28/2021,322,Rod-1,Rodmans Reach,pink salmon,73
7/28/2021,322,Rod-1,Rodmans Reach,pink salmon,82
7/28/2021,322,Rod-1,Rodmans Reach,pink salmon,77
7/28/2021,322,Rod-1,Rodmans Reach,pink salmon,79
7/28/2021,322,Rod-1,Rodmans Reach,pink salmon,76
7/28/2021,322,Rod-1,Rodmans Reach,pink salmon,83
7/28/2021,322,Rod-1,Rodmans Reach,pink salmon,79
7/28/2021,322,Rod-1,Rodmans Reach,pink salmon,75
7/28/2021,324,Rod-5,Rodmans Reach,chum salmon,62
7/28/2021,325,Rod-6,Rodmans Reach,Pacific cod,59
7/28/2021,326,Rod-4,Rodmans Reach,Pacific cod,65
7/28/2021,326,Rod-4,Rodmans Reach,Pacific cod,60
7/28/2021,326,Rod-4,Rodmans Reach,Pacific cod,62
7/28/2021,326,Rod-4,Rodmans Reach,Pacific cod,66
7/28/2021,326,Rod-4,Rodmans Reach,Pacific cod,60
7/28/2021,326,Rod-4,Rodmans Reach,Pacific cod,68
7/28/2021,326,Rod-4,Rodmans Reach,Pacific cod,61
7/28/2021,326,Rod-4,Rodmans Reach,Pacific cod,57
7/28/2021,326,Rod-4,Rodmans Reach,Pacific cod,53
7/28/2021,326,Rod-4,Rodmans Reach,Pacific cod,74
7/28/2021,326,Rod-4,Rodmans Reach,Pacific cod,56
7/28/2021,326,Rod-4,Rodmans Reach,Pacific cod,55
7/28/2021,326,Rod-4,Rodmans Reach,Pacific cod,70
7/28/2021,326,Rod-4,Rodmans Reach,Pacific cod,61
7/28/2021,326,Rod-4,Rodmans Reach,Pacific cod,59
7/28/2021,326,Rod-4,Rodmans Reach,Pacific cod,52
7/28/2021,326,Rod-4,Rodmans Reach,Pacific cod,60
7/28/2021,326,Rod-4,Rodmans Reach,Pacific cod,54
7/28/2021,326,Rod-4,Rodmans Reach,Pacific cod,57
7/28/2021,326,Rod-4,Rodmans Reach,Pacific cod,57
7/28/2021,326,Rod-4,Rodmans Reach,Pacific cod,57
7/28/2021,326,Rod-4,Rodmans Reach,Pacific cod,65
7/28/2021,326,Rod-4,Rodmans Reach,Pacific cod,64
7/28/2021,326,Rod-4,Rodmans Reach,Pacific cod,52
7/28/2021,326,Rod-4,Rodmans Reach,Pacific cod,54
7/28/2021,326,Rod-4,Rodmans Reach,Pacific cod,58
7/28/2021,326,Rod-4,Rodmans Reach,Pacific cod,57
7/28/2021,326,Rod-4,Rodmans Reach,Pacific sandlance,92
7/28/2021,326,Rod-4,Rodmans Reach,Pacific sandlance,95
7/28/2021,326,Rod-4,Rodmans Reach,Pacific sandlance,98
7/28/2021,326,Rod-4,Rodmans Reach,Pacific sandlance,101
7/28/2021,326,Rod-4,Rodmans Reach,Pacific sandlance,90
7/28/2021,326,Rod-4,Rodmans Reach,Pacific sandlance,92
7/28/2021,326,Rod-4,Rodmans Reach,Pacific sandlance,105
7/28/2021,326,Rod-4,Rodmans Reach,Pacific sandlance,101
7/28/2021,326,Rod-4,Rodmans Reach,Pacific sandlance,95
7/28/2021,326,Rod-4,Rodmans Reach,Pacific sandlance,120
7/28/2021,326,Rod-4,Rodmans Reach,Pacific sandlance,95
7/28/2021,326,Rod-4,Rodmans Reach,pink salmon,85
7/28/2021,326,Rod-4,Rodmans Reach,pink salmon,82
7/28/2021,326,Rod-4,Rodmans Reach,pink salmon,82
7/28/2021,326,Rod-4,Rodmans Reach,pink salmon,82
7/28/2021,326,Rod-4,Rodmans Reach,pink salmon,87
7/28/2021,326,Rod-4,Rodmans Reach,pink salmon,80
7/28/2021,326,Rod-4,Rodmans Reach,pink salmon,81
7/28/2021,326,Rod-4,Rodmans Reach,pink salmon,79
7/28/2021,326,Rod-4,Rodmans Reach,pink salmon,80
7/28/2021,326,Rod-4,Rodmans Reach,pink salmon,85
7/28/2021,326,Rod-4,Rodmans Reach,walleye pollock,65
7/28/2021,327,Rod-2,Rodmans Reach,capelin,74
7/28/2021,327,Rod-2,Rodmans Reach,capelin,42
7/28/2021,327,Rod-2,Rodmans Reach,Pacific cod,70
7/28/2021,327,Rod-2,Rodmans Reach,Pacific cod,66
7/28/2021,327,Rod-2,Rodmans Reach,Pacific cod,60
7/28/2021,327,Rod-2,Rodmans Reach,Pacific cod,51
7/28/2021,327,Rod-2,Rodmans Reach,Pacific cod,62
7/28/2021,327,Rod-2,Rodmans Reach,Pacific cod,61
7/28/2021,327,Rod-2,Rodmans Reach,Pacific cod,54
7/28/2021,327,Rod-2,Rodmans Reach,Pacific cod,65
7/28/2021,327,Rod-2,Rodmans Reach,Pacific cod,48
7/28/2021,327,Rod-2,Rodmans Reach,Pacific cod,57
7/28/2021,327,Rod-2,Rodmans Reach,Pacific cod,61
7/28/2021,327,Rod-2,Rodmans Reach,Pacific cod,60
7/28/2021,327,Rod-2,Rodmans Reach,Pacific cod,57
7/28/2021,327,Rod-2,Rodmans Reach,Pacific cod,52
7/28/2021,327,Rod-2,Rodmans Reach,Pacific cod,57
7/28/2021,327,Rod-2,Rodmans Reach,Pacific cod,66
7/28/2021,327,Rod-2,Rodmans Reach,Pacific cod,69
7/28/2021,327,Rod-2,Rodmans Reach,Pacific cod,58
7/28/2021,327,Rod-2,Rodmans Reach,Pacific cod,61
7/28/2021,327,Rod-2,Rodmans Reach,Pacific cod,65
7/28/2021,327,Rod-2,Rodmans Reach,Pacific cod,58
7/28/2021,327,Rod-2,Rodmans Reach,Pacific cod,61
7/28/2021,327,Rod-2,Rodmans Reach,Pacific cod,60
7/28/2021,327,Rod-2,Rodmans Reach,Pacific herring,105
7/28/2021,327,Rod-2,Rodmans Reach,Pacific herring,99
7/28/2021,327,Rod-2,Rodmans Reach,Pacific herring,105
7/28/2021,327,Rod-2,Rodmans Reach,Pacific herring,84
7/28/2021,327,Rod-2,Rodmans Reach,Pacific herring,110
7/28/2021,327,Rod-2,Rodmans Reach,Pacific herring,98
7/28/2021,327,Rod-2,Rodmans Reach,Pacific herring,104
7/28/2021,327,Rod-2,Rodmans Reach,Pacific herring,108
7/28/2021,327,Rod-2,Rodmans Reach,Pacific herring,95
7/28/2021,327,Rod-2,Rodmans Reach,Pacific herring,114
7/28/2021,327,Rod-2,Rodmans Reach,Pacific herring,88
7/28/2021,327,Rod-2,Rodmans Reach,pink salmon,76
7/28/2021,327,Rod-2,Rodmans Reach,pink salmon,87
7/28/2021,327,Rod-2,Rodmans Reach,pink salmon,76
7/28/2021,327,Rod-2,Rodmans Reach,pink salmon,83
7/28/2021,327,Rod-2,Rodmans Reach,pink salmon,74
7/28/2021,327,Rod-2,Rodmans Reach,pink salmon,79
7/28/2021,327,Rod-2,Rodmans Reach,pink salmon,68
7/28/2021,327,Rod-2,Rodmans Reach,pink salmon,81
7/28/2021,327,Rod-2,Rodmans Reach,pink salmon,86
7/28/2021,327,Rod-2,Rodmans Reach,pink salmon,82
7/28/2021,327,Rod-2,Rodmans Reach,pink salmon,125
7/28/2021,327,Rod-2,Rodmans Reach,pink salmon,86
7/28/2021,327,Rod-2,Rodmans Reach,sand sole,401
7/21/2021,316,Sand-3,Sand Point,Pacific cod,48
7/21/2021,316,Sand-3,Sand Point,Pacific cod,52
7/21/2021,316,Sand-3,Sand Point,Pacific cod,45
7/21/2021,316,Sand-3,Sand Point,Pacific cod,42
7/21/2021,316,Sand-3,Sand Point,Pacific cod,42
7/21/2021,316,Sand-3,Sand Point,Pacific cod,40
7/21/2021,316,Sand-3,Sand Point,Pacific cod,38
7/21/2021,316,Sand-3,Sand Point,Pacific cod,42
7/21/2021,316,Sand-3,Sand Point,Pacific cod,46
7/21/2021,316,Sand-3,Sand Point,Pacific cod,54
7/21/2021,316,Sand-3,Sand Point,Pacific cod,49
7/21/2021,316,Sand-3,Sand Point,Pacific cod,45
8/6/2021,341,Ugak-7,Ugak,capelin,105
8/6/2021,341,Ugak-7,Ugak,capelin,96
8/6/2021,341,Ugak-7,Ugak,capelin,102
8/6/2021,341,Ugak-7,Ugak,capelin,99
8/6/2021,341,Ugak-7,Ugak,capelin,94
8/6/2021,341,Ugak-7,Ugak,capelin,102
8/6/2021,347,Ugak-5,Ugak,capelin,106
8/6/2021,347,Ugak-5,Ugak,capelin,100
8/6/2021,347,Ugak-5,Ugak,capelin,111
8/6/2021,347,Ugak-5,Ugak,capelin,110
8/6/2021,341,Ugak-7,Ugak,coho salmon,106
8/6/2021,347,Ugak-5,Ugak,coho salmon,55
8/6/2021,347,Ugak-5,Ugak,coho salmon,73
8/6/2021,347,Ugak-5,Ugak,coho salmon,61
8/6/2021,347,Ugak-5,Ugak,coho salmon,60
8/6/2021,347,Ugak-5,Ugak,coho salmon,85
8/6/2021,347,Ugak-5,Ugak,coho salmon,81
8/6/2021,347,Ugak-5,Ugak,coho salmon,62
8/6/2021,347,Ugak-5,Ugak,coho salmon,76
8/6/2021,347,Ugak-5,Ugak,coho salmon,62
8/6/2021,341,Ugak-7,Ugak,Pacific cod,71
8/6/2021,341,Ugak-7,Ugak,Pacific cod,72
8/6/2021,341,Ugak-7,Ugak,Pacific cod,63
8/6/2021,341,Ugak-7,Ugak,Pacific cod,74
8/6/2021,341,Ugak-7,Ugak,Pacific cod,70
8/6/2021,341,Ugak-7,Ugak,Pacific cod,63
8/6/2021,341,Ugak-7,Ugak,Pacific cod,67
8/6/2021,341,Ugak-7,Ugak,Pacific cod,70
8/6/2021,341,Ugak-7,Ugak,Pacific cod,73
8/6/2021,341,Ugak-7,Ugak,Pacific cod,78
8/6/2021,341,Ugak-7,Ugak,Pacific cod,61
8/6/2021,341,Ugak-7,Ugak,Pacific cod,67
8/6/2021,341,Ugak-7,Ugak,Pacific cod,63
8/6/2021,341,Ugak-7,Ugak,Pacific cod,64
8/6/2021,341,Ugak-7,Ugak,Pacific cod,67
8/6/2021,343,Ugak-3,Ugak,Pacific cod,67
8/6/2021,343,Ugak-3,Ugak,Pacific cod,112
8/6/2021,343,Ugak-3,Ugak,Pacific cod,77
8/6/2021,343,Ugak-3,Ugak,Pacific cod,92
8/6/2021,343,Ugak-3,Ugak,Pacific cod,66
8/6/2021,343,Ugak-3,Ugak,Pacific cod,72
8/6/2021,343,Ugak-3,Ugak,Pacific cod,84
8/6/2021,343,Ugak-3,Ugak,Pacific cod,101
8/6/2021,343,Ugak-3,Ugak,Pacific cod,64
8/6/2021,343,Ugak-3,Ugak,Pacific cod,70
8/6/2021,343,Ugak-3,Ugak,Pacific cod,80
8/6/2021,343,Ugak-3,Ugak,Pacific cod,63
8/6/2021,343,Ugak-3,Ugak,Pacific cod,89
8/6/2021,343,Ugak-3,Ugak,Pacific cod,65
8/6/2021,343,Ugak-3,Ugak,Pacific cod,56
8/6/2021,343,Ugak-3,Ugak,Pacific cod,60
8/6/2021,343,Ugak-3,Ugak,Pacific cod,71
8/6/2021,343,Ugak-3,Ugak,Pacific cod,78
8/6/2021,343,Ugak-3,Ugak,Pacific cod,57
8/6/2021,343,Ugak-3,Ugak,Pacific cod,69
8/6/2021,343,Ugak-3,Ugak,Pacific cod,60
8/6/2021,343,Ugak-3,Ugak,Pacific cod,58
8/6/2021,343,Ugak-3,Ugak,Pacific cod,66
8/6/2021,343,Ugak-3,Ugak,Pacific cod,55
8/6/2021,343,Ugak-3,Ugak,Pacific cod,104
8/6/2021,343,Ugak-3,Ugak,Pacific cod,64
8/6/2021,343,Ugak-3,Ugak,Pacific cod,76
8/6/2021,343,Ugak-3,Ugak,Pacific cod,71
8/6/2021,343,Ugak-3,Ugak,Pacific cod,59
8/6/2021,343,Ugak-3,Ugak,Pacific cod,82
8/6/2021,343,Ugak-3,Ugak,Pacific cod,71
8/6/2021,343,Ugak-3,Ugak,Pacific cod,59
8/6/2021,343,Ugak-3,Ugak,Pacific cod,60
8/6/2021,343,Ugak-3,Ugak,Pacific cod,67
8/6/2021,344,Ugak-4,Ugak,Pacific cod,56
8/6/2021,344,Ugak-4,Ugak,Pacific cod,65
8/6/2021,344,Ugak-4,Ugak,Pacific cod,69
8/6/2021,344,Ugak-4,Ugak,Pacific cod,66
8/6/2021,344,Ugak-4,Ugak,Pacific cod,60
8/6/2021,344,Ugak-4,Ugak,Pacific cod,73
8/6/2021,344,Ugak-4,Ugak,Pacific cod,62
8/6/2021,344,Ugak-4,Ugak,Pacific cod,65
8/6/2021,344,Ugak-4,Ugak,Pacific cod,51
8/6/2021,344,Ugak-4,Ugak,Pacific cod,57
8/6/2021,344,Ugak-4,Ugak,Pacific cod,68
8/6/2021,344,Ugak-4,Ugak,Pacific cod,65
8/6/2021,344,Ugak-4,Ugak,Pacific cod,63
8/6/2021,344,Ugak-4,Ugak,Pacific cod,73
8/6/2021,344,Ugak-4,Ugak,Pacific cod,57
8/6/2021,344,Ugak-4,Ugak,Pacific cod,66
8/6/2021,344,Ugak-4,Ugak,Pacific cod,57
8/6/2021,344,Ugak-4,Ugak,Pacific cod,72
8/6/2021,344,Ugak-4,Ugak,Pacific cod,52
8/6/2021,344,Ugak-4,Ugak,Pacific cod,65
8/6/2021,344,Ugak-4,Ugak,Pacific cod,58
8/6/2021,344,Ugak-4,Ugak,Pacific cod,91
8/6/2021,344,Ugak-4,Ugak,Pacific cod,77
8/6/2021,344,Ugak-4,Ugak,Pacific cod,65
8/6/2021,344,Ugak-4,Ugak,Pacific cod,69
8/6/2021,345,Ugak-8,Ugak,Pacific cod,64
8/6/2021,345,Ugak-8,Ugak,Pacific cod,87
8/6/2021,345,Ugak-8,Ugak,Pacific cod,76
8/6/2021,345,Ugak-8,Ugak,Pacific cod,46
8/6/2021,345,Ugak-8,Ugak,Pacific cod,104
8/6/2021,345,Ugak-8,Ugak,Pacific cod,53
8/6/2021,345,Ugak-8,Ugak,Pacific cod,79
8/6/2021,345,Ugak-8,Ugak,Pacific cod,46
8/6/2021,345,Ugak-8,Ugak,Pacific cod,61
8/6/2021,345,Ugak-8,Ugak,Pacific cod,69
8/6/2021,346,Ugak-6,Ugak,Pacific cod,51
8/6/2021,346,Ugak-6,Ugak,Pacific cod,62
8/6/2021,346,Ugak-6,Ugak,Pacific cod,55
8/6/2021,346,Ugak-6,Ugak,Pacific cod,67
8/6/2021,346,Ugak-6,Ugak,Pacific cod,61
8/6/2021,346,Ugak-6,Ugak,Pacific cod,69
8/6/2021,346,Ugak-6,Ugak,Pacific cod,59
8/6/2021,346,Ugak-6,Ugak,Pacific cod,64
8/6/2021,347,Ugak-5,Ugak,Pacific cod,72
8/6/2021,347,Ugak-5,Ugak,Pacific cod,76
8/6/2021,342,Ugak-2,Ugak,Pacific herring,53
8/6/2021,342,Ugak-2,Ugak,Pacific herring,51
8/6/2021,342,Ugak-2,Ugak,Pacific herring,52
8/6/2021,342,Ugak-2,Ugak,Pacific herring,50
8/6/2021,342,Ugak-2,Ugak,Pacific herring,48
8/6/2021,342,Ugak-2,Ugak,Pacific herring,44
8/6/2021,342,Ugak-2,Ugak,Pacific herring,46
8/6/2021,342,Ugak-2,Ugak,Pacific herring,44
8/6/2021,342,Ugak-2,Ugak,Pacific herring,46
8/6/2021,342,Ugak-2,Ugak,Pacific herring,48
8/6/2021,342,Ugak-2,Ugak,Pacific herring,43
8/6/2021,342,Ugak-2,Ugak,Pacific herring,46
8/6/2021,342,Ugak-2,Ugak,Pacific herring,42
8/6/2021,342,Ugak-2,Ugak,Pacific herring,44
8/6/2021,341,Ugak-7,Ugak,saffron cod,323
8/6/2021,341,Ugak-7,Ugak,saffron cod,127
8/6/2021,341,Ugak-7,Ugak,saffron cod,95
8/6/2021,341,Ugak-7,Ugak,saffron cod,96
8/6/2021,341,Ugak-7,Ugak,saffron cod,92
8/6/2021,341,Ugak-7,Ugak,saffron cod,104
8/6/2021,341,Ugak-7,Ugak,saffron cod,113
8/6/2021,341,Ugak-7,Ugak,saffron cod,89
8/6/2021,341,Ugak-7,Ugak,saffron cod,90
8/6/2021,347,Ugak-5,Ugak,saffron cod,117
8/6/2021,347,Ugak-5,Ugak,saffron cod,125
8/6/2021,347,Ugak-5,Ugak,saffron cod,116
8/6/2021,347,Ugak-5,Ugak,saffron cod,109
8/6/2021,347,Ugak-5,Ugak,saffron cod,90
8/6/2021,347,Ugak-5,Ugak,saffron cod,106
8/6/2021,347,Ugak-5,Ugak,saffron cod,111
8/6/2021,347,Ugak-5,Ugak,saffron cod,93
8/6/2021,347,Ugak-5,Ugak,saffron cod,87
8/6/2021,347,Ugak-5,Ugak,saffron cod,119
8/6/2021,347,Ugak-5,Ugak,saffron cod,109
8/6/2021,347,Ugak-5,Ugak,saffron cod,70
8/6/2021,347,Ugak-5,Ugak,saffron cod,117
8/6/2021,347,Ugak-5,Ugak,saffron cod,94
8/6/2021,347,Ugak-5,Ugak,saffron cod,104
8/6/2021,347,Ugak-5,Ugak,saffron cod,109
8/6/2021,347,Ugak-5,Ugak,saffron cod,99
8/6/2021,347,Ugak-5,Ugak,saffron cod,100
8/6/2021,347,Ugak-5,Ugak,saffron cod,91
8/6/2021,347,Ugak-5,Ugak,saffron cod,116
8/6/2021,347,Ugak-5,Ugak,saffron cod,101
8/6/2021,347,Ugak-5,Ugak,saffron cod,97
8/6/2021,347,Ugak-5,Ugak,saffron cod,100
8/6/2021,347,Ugak-5,Ugak,saffron cod,102
8/6/2021,347,Ugak-5,Ugak,saffron cod,65
8/6/2021,347,Ugak-5,Ugak,saffron cod,91
8/6/2021,343,Ugak-3,Ugak,walleye pollock,70
8/6/2021,343,Ugak-3,Ugak,walleye pollock,74
8/6/2021,343,Ugak-3,Ugak,walleye pollock,65
8/6/2021,343,Ugak-3,Ugak,walleye pollock,71
8/6/2021,343,Ugak-3,Ugak,walleye pollock,68
8/6/2021,343,Ugak-3,Ugak,walleye pollock,66
8/6/2021,343,Ugak-3,Ugak,walleye pollock,80
8/6/2021,343,Ugak-3,Ugak,walleye pollock,58
8/6/2021,343,Ugak-3,Ugak,walleye pollock,66
8/6/2021,343,Ugak-3,Ugak,walleye pollock,66
8/6/2021,343,Ugak-3,Ugak,walleye pollock,63
8/6/2021,343,Ugak-3,Ugak,walleye pollock,57
8/6/2021,343,Ugak-3,Ugak,walleye pollock,62
8/6/2021,343,Ugak-3,Ugak,walleye pollock,64
8/6/2021,343,Ugak-3,Ugak,walleye pollock,57
8/6/2021,343,Ugak-3,Ugak,walleye pollock,70
8/6/2021,343,Ugak-3,Ugak,walleye pollock,69
8/6/2021,343,Ugak-3,Ugak,walleye pollock,74
8/6/2021,343,Ugak-3,Ugak,walleye pollock,58
8/6/2021,343,Ugak-3,Ugak,walleye pollock,62
8/6/2021,344,Ugak-4,Ugak,walleye pollock,45
8/6/2021,344,Ugak-4,Ugak,walleye pollock,45
8/6/2021,344,Ugak-4,Ugak,walleye pollock,49
8/6/2021,344,Ugak-4,Ugak,walleye pollock,44
8/6/2021,344,Ugak-4,Ugak,walleye pollock,50
8/6/2021,346,Ugak-6,Ugak,walleye pollock,41
8/6/2021,346,Ugak-6,Ugak,walleye pollock,43
,,,,,
,,,,,
,,,,,
,,,,,
,,,,,
,,,,,
,,,,,
,,,,,
,,,,,
,,,,,
,,,,,
,,,,,
,,,,,
,,,,,
,,,,,
,,,,,
,,,,,
,,,,,
,,,,,
,,,,,
,,,,,
,,,,,
,,,,,
,,,,,
,,,,,
,,,,,
,,,,,
,,,,,
,,,,,
,,,,,
,,,,,
,,,,,
,,,,,
,,,,,
,,,,,
,,,,,
,,,,,
,,,,,
,,,,,
,,,,,
,,,,,
,,,,,
,,,,,
,,,,,
,,,,,
,,,,,
,,,,,
,,,,,
,,,,,
,,,,,
,,,,,
,,,,,
,,,,,
,,,,,
,,,,,
,,,,,
,,,,,
,,,,,
,,,,,
,,,,,
,,,,,
,,,,,
,,,,,
,,,,,
,,,,,
,,,,,
,,,,,
,,,,,
,,,,,
,,,,,
,,,,,
,,,,,
,,,,,
,,,,,
,,,,,
,,,,,
,,,,,
,,,,,
,,,,,
,,,,,
,,,,,
,,,,,
,,,,,
,,,,,
,,,,,
,,,,,
,,,,,
,,,,,
,,,,,
,,,,,
,,,,,
,,,,,
,,,,,
,,,,,
,,,,,
,,,,,
,,,,,
,,,,,
,,,,,
,,,,,
,,,,,
,,,,,
,,,,,
,,,,,
,,,,,
,,,,,
,,,,,
,,,,,
,,,,,
,,,,,
,,,,,
,,,,,
,,,,,
,,,,,
,,,,,
,,,,,
,,,,,
,,,,,
,,,,,
,,,,,
,,,,,
,,,,,
,,,,,
,,,,,
,,,,,
,,,,,
,,,,,
,,,,,
,,,,,
,,,,,
,,,,,
,,,,,
,,,,,
,,,,,
,,,,,
,,,,,
,,,,,
,,,,,
,,,,,
,,,,,
,,,,,
,,,,,
,,,,,
,,,,,
,,,,,
,,,,,
,,,,,
,,,,,
,,,,,
,,,,,
,,,,,
,,,,,
,,,,,
,,,,,
,,,,,
,,,,,
,,,,,
,,,,,
,,,,,
,,,,,
,,,,,
,,,,,
,,,,,
,,,,,
,,,,,
,,,,,
,,,,,
,,,,,
,,,,,
,,,,,
,,,,,
,,,,,
,,,,,
,,,,,
,,,,,
,,,,,
,,,,,
,,,,,
,,,,,
,,,,,
,,,,,
,,,,,
,,,,,
,,,,,
,,,,,
,,,,,
,,,,,
,,,,,
,,,,,
,,,,,
,,,,,
,,,,,
,,,,,
,,,,,
,,,,,
,,,,,
,,,,,
,,,,,
,,,,,
,,,,,
,,,,,
,,,,,
,,,,,
,,,,,
,,,,,
,,,,,
,,,,,
,,,,,
,,,,,
,,,,,
,,,,,
,,,,,
,,,,,
,,,,,
,,,,,
,,,,,
,,,,,
,,,,,
,,,,,
,,,,,
,,,,,
,,,,,
,,,,,
,,,,,
,,,,,
,,,,,
,,,,,
,,,,,
,,,,,
,,,,,
,,,,,
,,,,,
,,,,,
,,,,,
,,,,,
,,,,,
,,,,,
,,,,,
,,,,,
,,,,,
,,,,,
,,,,,
,,,,,
,,,,,
,,,,,
,,,,,
,,,,,
,,,,,
,,,,,
,,,,,
,,,,,
,,,,,
,,,,,
,,,,,
,,,,,
,,,,,
,,,,,
,,,,,
,,,,,
,,,,,
,,,,,
,,,,,
,,,,,
,,,,,
,,,,,
,,,,,
,,,,,
,,,,,
,,,,,
,,,,,
,,,,,
,,,,,
,,,,,
,,,,,
,,,,,
,,,,,
,,,,,
,,,,,
,,,,,
,,,,,
,,,,,
,,,,,
,,,,,
,,,,,
,,,,,
,,,,,
,,,,,
,,,,,
,,,,,
,,,,,
,,,,,
,,,,,
,,,,,
,,,,,
,,,,,
,,,,,
,,,,,
,,,,,
,,,,,
,,,,,
,,,,,
,,,,,
,,,,,
,,,,,
,,,,,
,,,,,
,,,,,
,,,,,
,,,,,
,,,,,
,,,,,
,,,,,
,,,,,
,,,,,
,,,,,
,,,,,
,,,,,
,,,,,
,,,,,
,,,,,
,,,,,
,,,,,
,,,,,
,,,,,
,,,,,
,,,,,
,,,,,
,,,,,
,,,,,
,,,,,
,,,,,
,,,,,
,,,,,
,,,,,
,,,,,
,,,,,
,,,,,
,,,,,
,,,,,
,,,,,
,,,,,
,,,,,
,,,,,
,,,,,
,,,,,
,,,,,
,,,,,
,,,,,
,,,,,
,,,,,
,,,,,
,,,,,
,,,,,
,,,,,
,,,,,
,,,,,
,,,,,
,,,,,
,,,,,
,,,,,
,,,,,
,,,,,
,,,,,
,,,,,
,,,,,
,,,,,
,,,,,
,,,,,
,,,,,
,,,,,
,,,,,
,,,,,
,,,,,
,,,,,
,,,,,
,,,,,
,,,,,
,,,,,
,,,,,
,,,,,
,,,,,
,,,,,
,,,,,
,,,,,
,,,,,
,,,,,
,,,,,
,,,,,
,,,,,
,,,,,
,,,,,
,,,,,
,,,,,
,,,,,
,,,,,
,,,,,
,,,,,
,,,,,
,,,,,
,,,,,
,,,,,
,,,,,
,,,,,
,,,,,
,,,,,
,,,,,
,,,,,
,,,,,
,,,,,
,,,,,
,,,,,
,,,,,
,,,,,
,,,,,
,,,,,
,,,,,
,,,,,
,,,,,
,,,,,
,,,,,
,,,,,
,,,,,
,,,,,
,,,,,
,,,,,
,,,,,
,,,,,
,,,,,
,,,,,
,,,,,
,,,,,
,,,,,
,,,,,
,,,,,
,,,,,
,,,,,
,,,,,
,,,,,
,,,,,
,,,,,
,,,,,
,,,,,
,,,,,
,,,,,
,,,,,
,,,,,
,,,,,
,,,,,
,,,,,
,,,,,
,,,,,
,,,,,
,,,,,
,,,,,
,,,,,
,,,,,
,,,,,
,,,,,
,,,,,
,,,,,
,,,,,
,,,,,
,,,,,
,,,,,
,,,,,
,,,,,
,,,,,
,,,,,
,,,,,
,,,,,
,,,,,
,,,,,
,,,,,
,,,,,
,,,,,
,,,,,
,,,,,
,,,,,
,,,,,
,,,,,
,,,,,
,,,,,
,,,,,
,,,,,
,,,,,
,,,,,
,,,,,
,,,,,
,,,,,
,,,,,
,,,,,
,,,,,
,,,,,
,,,,,
,,,,,
,,,,,
,,,,,
,,,,,
,,,,,
,,,,,
,,,,,
,,,,,
,,,,,
,,,,,
,,,,,
,,,,,
,,,,,
,,,,,
,,,,,
,,,,,
,,,,,
,,,,,
,,,,,
,,,,,
,,,,,
,,,,,
,,,,,
,,,,,
,,,,,
,,,,,
,,,,,
,,,,,
,,,,,
,,,,,
,,,,,
,,,,,
,,,,,
,,,,,
,,,,,
,,,,,
,,,,,
,,,,,
,,,,,
,,,,,
,,,,,
,,,,,
,,,,,
,,,,,
,,,,,
,,,,,
,,,,,
,,,,,
,,,,,
,,,,,
,,,,,
,,,,,
,,,,,
,,,,,
,,,,,
,,,,,
,,,,,
,,,,,
,,,,,
,,,,,
,,,,,
,,,,,
,,,,,
,,,,,
,,,,,
,,,,,
,,,,,
,,,,,
,,,,,
,,,,,
,,,,,
,,,,,
,,,,,
,,,,,
,,,,,
,,,,,
,,,,,
,,,,,
,,,,,
,,,,,
,,,,,
,,,,,
,,,,,
,,,,,
,,,,,
,,,,,
,,,,,
,,,,,
,,,,,
,,,,,
,,,,,
,,,,,
,,,,,
,,,,,
,,,,,
,,,,,
,,,,,
,,,,,
,,,,,
,,,,,
,,,,,
,,,,,
,,,,,
,,,,,
,,,,,
,,,,,
,,,,,
,,,,,
,,,,,
,,,,,
,,,,,
,,,,,
,,,,,
,,,,,
,,,,,
,,,,,
,,,,,
,,,,,
,,,,,
,,,,,
,,,,,
,,,,,
,,,,,
,,,,,
,,,,,
,,,,,
,,,,,
,,,,,
,,,,,
,,,,,
,,,,,
,,,,,
,,,,,
,,,,,
,,,,,
,,,,,
,,,,,
,,,,,
,,,,,
,,,,,
,,,,,
,,,,,
,,,,,
,,,,,
,,,,,
,,,,,
,,,,,
,,,,,
,,,,,
,,,,,
,,,,,
,,,,,
,,,,,
,,,,,
,,,,,
,,,,,
,,,,,
,,,,,
,,,,,
,,,,,
,,,,,
,,,,,
,,,,,
,,,,,
,,,,,
,,,,,
,,,,,
,,,,,
,,,,,
,,,,,
,,,,,
,,,,,
,,,,,
,,,,,
,,,,,
,,,,,
,,,,,
,,,,,
,,,,,
,,,,,
,,,,,
,,,,,
,,,,,
,,,,,
,,,,,
,,,,,
,,,,,
,,,,,
,,,,,
,,,,,
,,,,,
,,,,,
,,,,,
,,,,,
,,,,,
,,,,,
,,,,,
,,,,,
,,,,,
,,,,,
,,,,,
,,,,,
,,,,,
,,,,,
,,,,,
,,,,,
,,,,,
,,,,,
,,,,,
,,,,,
,,,,,
,,,,,
,,,,,
,,,,,
,,,,,
,,,,,
,,,,,
,,,,,
,,,,,
,,,,,
,,,,,
,,,,,
,,,,,
,,,,,
,,,,,
,,,,,
,,,,,
,,,,,
,,,,,
,,,,,
,,,,,
,,,,,
,,,,,
,,,,,
,,,,,
,,,,,
,,,,,
,,,,,
,,,,,
,,,,,
,,,,,
,,,,,
,,,,,
,,,,,
,,,,,
,,,,,
,,,,,
,,,,,
,,,,,
,,,,,
,,,,,
,,,,,
,,,,,
,,,,,
,,,,,
,,,,,
,,,,,
,,,,,
,,,,,
,,,,,
,,,,,
,,,,,
,,,,,
,,,,,
,,,,,
,,,,,
,,,,,
,,,,,
,,,,,
,,,,,
,,,,,
,,,,,
,,,,,
,,,,,
,,,,,
,,,,,
,,,,,
,,,,,
,,,,,
,,,,,
,,,,,
,,,,,
,,,,,
,,,,,
,,,,,
,,,,,
,,,,,
,,,,,
,,,,,
,,,,,
,,,,,
,,,,,
,,,,,
,,,,,
,,,,,
,,,,,
,,,,,
,,,,,
,,,,,
,,,,,
,,,,,
,,,,,
,,,,,
,,,,,
,,,,,
,,,,,
,,,,,
,,,,,
,,,,,
,,,,,
,,,,,
,,,,,
,,,,,
,,,,,
,,,,,
,,,,,
,,,,,
,,,,,
,,,,,
,,,,,
,,,,,
,,,,,
,,,,,
,,,,,
,,,,,
,,,,,
,,,,,
,,,,,
,,,,,
,,,,,
,,,,,
,,,,,
,,,,,
,,,,,
,,,,,
,,,,,
,,,,,
,,,,,
,,,,,
,,,,,
,,,,,
,,,,,
,,,,,
,,,,,
,,,,,
,,,,,
,,,,,
,,,,,
,,,,,
,,,,,
,,,,,
,,,,,
,,,,,
,,,,,
,,,,,
,,,,,
,,,,,
,,,,,
,,,,,
,,,,,
,,,,,
,,,,,
,,,,,
,,,,,
,,,,,
,,,,,
,,,,,
,,,,,
,,,,,
,,,,,
,,,,,
,,,,,
,,,,,
,,,,,
,,,,,
,,,,,
,,,,,
,,,,,
,,,,,
,,,,,
,,,,,
,,,,,
,,,,,
,,,,,
,,,,,
,,,,,
,,,,,
,,,,,
,,,,,
,,,,,
,,,,,
,,,,,
,,,,,
,,,,,
,,,,,
,,,,,
,,,,,
,,,,,
,,,,,
,,,,,
,,,,,
,,,,,
,,,,,
,,,,,
,,,,,
,,,,,
,,,,,
,,,,,
,,,,,
,,,,,
,,,,,
,,,,,
,,,,,
,,,,,
,,,,,
,,,,,
,,,,,
,,,,,
,,,,,
,,,,,
,,,,,
,,,,,
,,,,,
,,,,,
,,,,,
,,,,,
,,,,,
,,,,,
,,,,,
,,,,,
,,,,,
,,,,,
,,,,,
,,,,,
,,,,,
,,,,,
,,,,,
,,,,,
,,,,,
,,,,,
,,,,,
,,,,,
,,,,,
,,,,,
,,,,,
,,,,,
,,,,,
,,,,,
,,,,,
,,,,,
,,,,,
,,,,,
,,,,,
,,,,,
,,,,,
,,,,,
,,,,,
,,,,,
,,,,,
,,,,,
,,,,,
,,,,,
,,,,,
,,,,,
,,,,,
,,,,,
,,,,,
,,,,,
,,,,,
,,,,,
,,,,,
,,,,,
,,,,,
,,,,,
,,,,,
,,,,,
,,,,,
,,,,,
,,,,,
,,,,,
,,,,,
,,,,,
,,,,,
,,,,,
,,,,,
,,,,,
,,,,,
,,,,,
,,,,,
,,,,,
,,,,,
,,,,,
,,,,,
,,,,,
,,,,,
,,,,,
,,,,,
,,,,,
,,,,,
,,,,,
,,,,,
,,,,,
,,,,,
,,,,,
,,,,,
,,,,,
,,,,,
,,,,,
,,,,,
,,,,,
,,,,,
,,,,,
,,,,,
,,,,,
,,,,,
,,,,,
,,,,,
,,,,,
,,,,,
,,,,,
,,,,,
,,,,,
,,,,,
,,,,,
,,,,,
,,,,,
,,,,,
,,,,,
,,,,,
,,,,,
,,,,,
,,,,,
,,,,,
,,,,,
,,,,,
,,,,,
,,,,,
,,,,,
,,,,,
,,,,,
,,,,,
,,,,,
,,,,,
,,,,,
,,,,,
,,,,,
,,,,,
,,,,,
,,,,,
,,,,,
,,,,,
,,,,,
,,,,,
,,,,,
,,,,,
,,,,,
,,,,,
,,,,,
,,,,,
,,,,,
,,,,,
,,,,,
,,,,,
,,,,,
,,,,,
,,,,,
,,,,,
,,,,,
,,,,,
,,,,,
,,,,,
,,,,,
,,,,,
,,,,,
,,,,,
,,,,,
,,,,,
,,,,,
,,,,,
,,,,,
,,,,,
,,,,,
,,,,,
,,,,,
,,,,,
,,,,,
,,,,,
,,,,,
,,,,,
,,,,,
,,,,,
,,,,,
,,,,,
,,,,,
,,,,,
,,,,,
,,,,,
,,,,,
,,,,,
,,,,,
,,,,,
,,,,,
,,,,,
,,,,,
,,,,,
,,,,,
,,,,,
,,,,,
,,,,,
,,,,,
,,,,,
,,,,,
,,,,,
,,,,,
,,,,,
,,,,,
,,,,,
,,,,,
,,,,,
,,,,,
,,,,,
,,,,,
,,,,,
,,,,,
,,,,,
,,,,,
,,,,,
,,,,,
,,,,,
,,,,,
,,,,,
,,,,,
,,,,,
,,,,,
,,,,,
,,,,,
,,,,,
,,,,,
,,,,,
,,,,,
,,,,,
,,,,,
,,,,,
,,,,,
,,,,,
,,,,,
,,,,,
,,,,,
,,,,,
,,,,,
,,,,,
,,,,,
,,,,,
,,,,,
,,,,,
,,,,,
,,,,,
,,,,,
,,,,,
,,,,,
,,,,,
,,,,,
,,,,,
,,,,,
,,,,,
,,,,,
,,,,,
,,,,,
,,,,,
,,,,,
,,,,,
,,,,,
,,,,,
,,,,,
,,,,,
,,,,,
,,,,,
,,,,,
,,,,,
,,,,,
,,,,,
,,,,,
,,,,,
,,,,,
,,,,,
,,,,,
,,,,,
,,,,,
,,,,,
,,,,,
,,,,,
,,,,,
,,,,,
,,,,,
,,,,,
,,,,,
,,,,,
,,,,,
,,,,,
,,,,,
,,,,,
,,,,,
,,,,,
,,,,,
,,,,,
,,,,,
,,,,,
,,,,,
,,,,,
,,,,,
,,,,,
,,,,,
,,,,,
,,,,,
,,,,,
,,,,,
,,,,,
,,,,,
,,,,,
,,,,,
,,,,,
,,,,,
,,,,,
,,,,,
,,,,,
,,,,,
,,,,,
,,,,,
,,,,,
,,,,,
,,,,,
,,,,,
,,,,,
,,,,,
,,,,,
,,,,,
,,,,,
,,,,,
,,,,,
,,,,,
,,,,,
,,,,,
,,,,,
,,,,,
,,,,,
,,,,,
,,,,,
,,,,,
,,,,,
,,,,,
,,,,,
,,,,,
,,,,,
,,,,,
,,,,,
,,,,,
,,,,,
,,,,,
,,,,,
,,,,,
,,,,,
,,,,,
,,,,,
,,,,,
,,,,,
,,,,,
,,,,,
,,,,,
,,,,,
,,,,,
,,,,,
,,,,,
,,,,,
,,,,,
,,,,,
,,,,,
,,,,,
,,,,,
,,,,,
,,,,,
,,,,,
,,,,,
,,,,,
,,,,,
,,,,,
,,,,,
,,,,,
,,,,,
,,,,,
,,,,,
,,,,,
,,,,,
,,,,,
,,,,,
,,,,,
,,,,,
,,,,,
,,,,,
,,,,,
,,,,,
,,,,,
,,,,,
,,,,,
,,,,,
,,,,,
,,,,,
,,,,,
,,,,,
,,,,,
,,,,,
,,,,,
,,,,,
,,,,,
,,,,,
,,,,,
,,,,,
,,,,,
,,,,,
,,,,,
,,,,,
,,,,,
,,,,,
,,,,,
,,,,,
,,,,,
,,,,,
,,,,,
,,,,,
,,,,,
,,,,,
,,,,,
,,,,,
,,,,,
,,,,,
,,,,,
,,,,,
,,,,,
,,,,,
,,,,,
,,,,,
,,,,,
,,,,,
,,,,,
,,,,,
,,,,,
,,,,,
,,,,,
,,,,,
,,,,,
,,,,,
,,,,,
,,,,,
,,,,,
,,,,,
,,,,,
,,,,,
,,,,,
,,,,,
,,,,,
,,,,,
,,,,,
,,,,,
,,,,,
,,,,,
,,,,,
,,,,,
,,,,,
,,,,,
,,,,,
,,,,,
,,,,,
,,,,,
,,,,,
,,,,,
,,,,,
,,,,,
,,,,,
,,,,,
,,,,,
,,,,,
,,,,,
,,,,,
,,,,,
,,,,,
,,,,,
,,,,,
,,,,,
,,,,,
,,,,,
,,,,,
,,,,,
,,,,,
,,,,,
,,,,,
,,,,,
,,,,,
,,,,,
,,,,,
,,,,,
,,,,,
,,,,,
,,,,,
,,,,,
,,,,,
,,,,,
,,,,,
,,,,,
,,,,,
,,,,,
,,,,,
,,,,,
,,,,,
,,,,,
,,,,,
,,,,,
,,,,,
,,,,,
,,,,,
,,,,,
,,,,,
,,,,,
,,,,,
,,,,,
,,,,,
,,,,,
,,,,,
,,,,,
,,,,,
,,,,,
,,,,,
,,,,,
,,,,,
,,,,,
,,,,,
,,,,,
,,,,,
,,,,,
,,,,,
,,,,,
,,,,,
,,,,,
,,,,,
,,,,,
,,,,,
,,,,,
,,,,,
,,,,,
,,,,,
,,,,,
,,,,,
,,,,,
,,,,,
,,,,,
,,,,,
,,,,,
,,,,,
,,,,,
,,,,,
,,,,,
,,,,,
,,,,,
,,,,,
,,,,,
,,,,,
,,,,,
,,,,,
,,,,,
,,,,,
,,,,,
,,,,,
,,,,,
,,,,,
,,,,,
,,,,,
,,,,,
,,,,,
,,,,,
,,,,,
,,,,,
,,,,,
,,,,,
,,,,,
,,,,,
,,,,,
,,,,,
,,,,,
,,,,,
,,,,,
,,,,,
,,,,,
,,,,,
,,,,,
,,,,,
,,,,,
,,,,,
,,,,,
,,,,,
,,,,,
,,,,,
,,,,,
,,,,,
,,,,,
,,,,,
,,,,,
,,,,,
,,,,,
,,,,,
,,,,,
,,,,,
,,,,,
,,,,,
,,,,,
,,,,,
,,,,,
,,,,,
,,,,,
,,,,,
,,,,,
,,,,,
,,,,,
,,,,,
,,,,,
,,,,,
,,,,,
,,,,,
,,,,,
,,,,,
,,,,,
,,,,,
,,,,,
,,,,,
,,,,,
,,,,,
,,,,,
,,,,,
,,,,,
,,,,,
,,,,,
,,,,,
,,,,,
,,,,,
,,,,,
,,,,,
,,,,,
,,,,,
,,,,,
,,,,,
,,,,,
,,,,,
,,,,,
,,,,,
,,,,,
,,,,,
,,,,,
,,,,,
,,,,,
,,,,,
,,,,,
,,,,,
,,,,,
,,,,,
,,,,,
,,,,,
,,,,,
,,,,,
,,,,,
,,,,,
,,,,,
,,,,,
,,,,,
,,,,,
,,,,,
,,,,,
,,,,,
,,,,,
,,,,,
,,,,,
,,,,,
,,,,,
,,,,,
,,,,,
,,,,,
,,,,,
,,,,,
,,,,,
,,,,,
,,,,,
,,,,,
,,,,,
,,,,,
,,,,,
,,,,,
,,,,,
,,,,,
,,,,,
,,,,,
,,,,,
,,,,,
,,,,,
,,,,,
,,,,,
,,,,,
,,,,,
,,,,,
,,,,,
,,,,,
,,,,,
,,,,,
,,,,,
,,,,,
,,,,,
,,,,,
,,,,,
,,,,,
,,,,,
,,,,,
,,,,,
,,,,,
,,,,,
,,,,,
,,,,,
,,,,,
,,,,,
,,,,,
,,,,,
,,,,,
,,,,,
,,,,,
,,,,,
,,,,,
,,,,,
,,,,,
,,,,,
,,,,,
,,,,,
,,,,,
,,,,,
,,,,,
,,,,,
,,,,,
,,,,,
,,,,,
,,,,,
,,,,,
,,,,,
,,,,,
,,,,,
,,,,,
,,,,,
,,,,,
,,,,,
,,,,,
,,,,,
,,,,,
,,,,,
,,,,,
,,,,,
,,,,,
,,,,,
,,,,,
,,,,,
,,,,,
,,,,,
,,,,,
,,,,,
,,,,,
,,,,,
,,,,,
,,,,,
,,,,,
,,,,,
,,,,,
,,,,,
,,,,,
,,,,,
,,,,,
,,,,,
,,,,,
,,,,,
,,,,,
,,,,,
,,,,,
,,,,,
,,,,,
,,,,,
,,,,,
,,,,,
,,,,,
,,,,,
,,,,,
,,,,,
,,,,,
,,,,,
,,,,,
,,,,,
,,,,,
,,,,,
,,,,,
,,,,,
,,,,,
,,,,,
,,,,,
,,,,,
,,,,,
,,,,,
,,,,,
,,,,,
,,,,,
,,,,,
,,,,,
,,,,,
,,,,,
,,,,,
,,,,,
,,,,,
,,,,,
,,,,,
,,,,,
,,,,,
,,,,,
,,,,,
,,,,,
,,,,,
,,,,,
,,,,,
,,,,,
,,,,,
,,,,,
,,,,,
,,,,,
,,,,,
,,,,,
,,,,,
,,,,,
,,,,,
,,,,,
,,,,,
,,,,,
,,,,,
,,,,,
,,,,,
,,,,,
,,,,,
,,,,,
,,,,,
,,,,,
,,,,,
,,,,,
,,,,,
,,,,,
,,,,,
,,,,,
,,,,,
,,,,,
,,,,,
,,,,,
,,,,,
,,,,,
,,,,,
,,,,,
,,,,,
,,,,,
,,,,,
,,,,,
,,,,,
,,,,,
,,,,,
,,,,,
,,,,,
,,,,,
,,,,,
,,,,,
,,,,,
,,,,,
,,,,,
,,,,,
,,,,,
,,,,,
,,,,,
,,,,,
,,,,,
,,,,,
,,,,,
,,,,,
,,,,,
,,,,,
,,,,,
,,,,,
,,,,,
,,,,,
,,,,,
,,,,,
,,,,,
,,,,,
,,,,,
,,,,,
,,,,,
,,,,,
,,,,,
,,,,,
,,,,,
,,,,,
,,,,,
,,,,,
,,,,,
,,,,,
,,,,,
,,,,,
,,,,,
,,,,,
,,,,,
,,,,,
,,,,,
,,,,,
,,,,,
,,,,,
,,,,,
,,,,,
,,,,,
,,,,,
,,,,,
,,,,,
,,,,,
,,,,,
,,,,,
,,,,,
,,,,,
,,,,,
,,,,,
,,,,,
,,,,,
,,,,,
,,,,,
,,,,,
,,,,,
,,,,,
,,,,,
,,,,,
,,,,,
,,,,,
,,,,,
,,,,,
,,,,,
,,,,,
,,,,,
,,,,,
,,,,,
,,,,,
,,,,,
,,,,,
,,,,,
,,,,,
,,,,,
,,,,,
,,,,,
,,,,,
,,,,,
,,,,,
,,,,,
,,,,,
,,,,,
,,,,,
,,,,,
,,,,,
,,,,,
,,,,,
,,,,,
,,,,,
,,,,,
,,,,,
,,,,,
,,,,,
,,,,,
,,,,,
,,,,,
,,,,,
,,,,,
,,,,,
,,,,,
,,,,,
,,,,,
,,,,,
,,,,,
,,,,,
,,,,,
,,,,,
,,,,,
,,,,,
,,,,,
,,,,,
,,,,,
,,,,,
,,,,,
,,,,,
,,,,,
,,,,,
,,,,,
,,,,,
,,,,,
,,,,,
,,,,,
,,,,,
,,,,,
,,,,,
,,,,,
,,,,,
,,,,,
,,,,,
,,,,,
,,,,,
,,,,,
,,,,,
,,,,,
,,,,,
,,,,,
,,,,,
,,,,,
,,,,,
,,,,,
,,,,,
,,,,,
,,,,,
,,,,,
,,,,,
,,,,,
,,,,,
,,,,,
,,,,,
,,,,,
,,,,,
,,,,,
,,,,,
,,,,,
,,,,,
,,,,,
,,,,,
,,,,,
,,,,,
,,,,,
,,,,,
,,,,,
,,,,,
,,,,,
,,,,,
,,,,,
,,,,,
,,,,,
,,,,,
,,,,,
,,,,,
,,,,,
,,,,,
,,,,,
,,,,,
,,,,,
,,,,,
,,,,,
,,,,,
,,,,,
,,,,,
,,,,,
,,,,,
,,,,,
,,,,,
,,,,,
,,,,,
,,,,,
,,,,,
,,,,,
,,,,,
,,,,,
,,,,,
,,,,,
,,,,,
,,,,,
,,,,,
,,,,,
,,,,,
,,,,,
,,,,,
,,,,,
,,,,,
,,,,,
,,,,,
,,,,,
,,,,,
,,,,,
,,,,,
,,,,,
,,,,,
,,,,,
,,,,,
,,,,,
,,,,,
,,,,,
,,,,,
,,,,,
,,,,,
,,,,,
,,,,,
,,,,,
,,,,,
,,,,,
,,,,,
,,,,,
,,,,,
,,,,,
,,,,,
,,,,,
,,,,,
,,,,,
,,,,,
,,,,,
,,,,,
,,,,,
,,,,,
,,,,,
,,,,,
,,,,,
,,,,,
,,,,,
,,,,,
,,,,,
,,,,,
,,,,,
,,,,,
,,,,,
,,,,,
,,,,,
,,,,,
,,,,,
,,,,,
,,,,,
,,,,,
,,,,,
,,,,,
,,,,,
,,,,,
,,,,,
,,,,,
,,,,,
,,,,,
,,,,,
,,,,,
,,,,,
,,,,,
,,,,,
,,,,,
,,,,,
,,,,,
,,,,,
,,,,,
,,,,,
,,,,,
,,,,,
,,,,,
,,,,,
,,,,,
,,,,,
,,,,,
,,,,,
,,,,,
,,,,,
,,,,,
,,,,,
,,,,,
,,,,,
,,,,,
,,,,,
,,,,,
,,,,,
,,,,,
,,,,,
,,,,,
,,,,,
,,,,,
,,,,,
,,,,,
,,,,,
,,,,,
,,,,,
,,,,,
,,,,,
,,,,,
,,,,,
,,,,,
,,,,,
,,,,,
,,,,,
,,,,,
,,,,,
,,,,,
,,,,,
,,,,,
,,,,,
,,,,,
,,,,,
,,,,,
,,,,,
,,,,,
,,,,,
,,,,,
,,,,,
,,,,,
,,,,,
,,,,,
,,,,,
,,,,,
,,,,,
,,,,,
,,,,,
,,,,,
,,,,,
,,,,,
,,,,,
,,,,,
,,,,,
,,,,,
,,,,,
,,,,,
,,,,,
,,,,,
,,,,,
,,,,,
,,,,,
,,,,,
,,,,,
,,,,,
,,,,,
,,,,,
,,,,,
,,,,,
,,,,,
,,,,,
,,,,,
,,,,,
,,,,,
,,,,,
,,,,,
,,,,,
,,,,,
,,,,,
,,,,,
,,,,,
,,,,,
,,,,,
,,,,,
,,,,,
,,,,,
,,,,,
,,,,,
,,,,,
,,,,,
,,,,,
,,,,,
,,,,,
,,,,,
,,,,,
,,,,,
,,,,,
,,,,,
,,,,,
,,,,,
,,,,,
,,,,,
,,,,,
,,,,,
,,,,,
,,,,,
,,,,,
,,,,,
,,,,,
,,,,,
,,,,,
,,,,,
,,,,,
,,,,,
,,,,,
,,,,,
,,,,,
,,,,,
,,,,,
,,,,,
,,,,,
,,,,,
,,,,,
,,,,,
,,,,,
,,,,,
,,,,,
,,,,,
,,,,,
,,,,,
,,,,,
,,,,,
,,,,,
,,,,,
,,,,,
,,,,,
,,,,,
,,,,,
,,,,,
,,,,,
,,,,,
,,,,,
,,,,,
,,,,,
,,,,,
,,,,,
,,,,,
,,,,,
,,,,,
,,,,,
,,,,,
,,,,,
,,,,,
,,,,,
,,,,,
,,,,,
,,,,,
,,,,,
,,,,,
,,,,,
,,,,,
,,,,,
,,,,,
,,,,,
,,,,,
,,,,,
,,,,,
,,,,,
,,,,,
,,,,,
,,,,,
,,,,,
,,,,,
,,,,,
,,,,,
,,,,,
,,,,,
,,,,,
,,,,,
,,,,,
,,,,,
,,,,,
,,,,,
,,,,,
,,,,,
,,,,,
,,,,,
,,,,,
,,,,,
,,,,,
,,,,,
,,,,,
,,,,,
,,,,,
,,,,,
,,,,,
,,,,,
,,,,,
,,,,,
,,,,,
,,,,,
,,,,,
,,,,,
,,,,,
,,,,,
,,,,,
,,,,,
,,,,,
,,,,,
,,,,,
,,,,,
,,,,,
,,,,,
,,,,,
,,,,,
,,,,,
,,,,,
,,,,,
,,,,,
,,,,,
,,,,,
,,,,,
,,,,,
,,,,,
,,,,,
,,,,,
,,,,,
,,,,,
,,,,,
,,,,,
,,,,,
,,,,,
,,,,,
,,,,,
,,,,,
,,,,,
,,,,,
,,,,,
,,,,,
,,,,,
,,,,,
,,,,,
,,,,,
,,,,,
,,,,,
,,,,,
,,,,,
,,,,,
,,,,,
,,,,,
,,,,,
,,,,,
,,,,,
,,,,,
,,,,,
,,,,,
,,,,,
,,,,,
,,,,,
,,,,,
,,,,,
,,,,,
,,,,,
,,,,,
,,,,,
,,,,,
,,,,,
,,,,,
,,,,,
,,,,,
,,,,,
,,,,,
,,,,,
,,,,,
,,,,,
,,,,,
,,,,,
,,,,,
,,,,,
,,,,,
,,,,,
,,,,,
,,,,,
,,,,,
,,,,,
,,,,,
,,,,,
,,,,,
,,,,,
,,,,,
,,,,,
,,,,,
,,,,,
,,,,,
,,,,,
,,,,,
,,,,,
,,,,,
,,,,,
,,,,,
,,,,,
,,,,,
,,,,,
,,,,,
,,,,,
,,,,,
,,,,,
,,,,,
,,,,,
,,,,,
,,,,,
,,,,,
,,,,,
,,,,,
,,,,,
,,,,,
,,,,,
,,,,,
,,,,,
,,,,,
,,,,,
,,,,,
,,,,,
,,,,,
,,,,,
,,,,,
,,,,,
,,,,,
,,,,,
,,,,,
,,,,,
,,,,,
,,,,,
,,,,,
,,,,,
,,,,,
,,,,,
,,,,,
,,,,,
,,,,,
,,,,,
,,,,,
,,,,,
,,,,,
,,,,,
,,,,,
,,,,,
,,,,,
,,,,,
,,,,,
,,,,,
,,,,,
,,,,,
,,,,,
,,,,,
,,,,,
,,,,,
,,,,,
,,,,,
,,,,,
,,,,,
,,,,,
,,,,,
,,,,,
,,,,,
,,,,,
,,,,,
,,,,,
,,,,,
,,,,,
,,,,,
,,,,,
,,,,,
,,,,,
,,,,,
,,,,,
,,,,,
,,,,,
,,,,,
,,,,,
,,,,,
,,,,,
,,,,,
,,,,,
,,,,,
,,,,,
,,,,,
,,,,,
,,,,,
,,,,,
,,,,,
,,,,,
,,,,,
,,,,,
,,,,,
,,,,,
,,,,,
,,,,,
,,,,,
,,,,,
,,,,,
,,,,,
,,,,,
,,,,,
,,,,,
,,,,,
,,,,,
,,,,,
,,,,,
,,,,,
,,,,,
,,,,,
,,,,,
,,,,,
,,,,,
,,,,,
,,,,,
,,,,,
,,,,,
,,,,,
,,,,,
,,,,,
,,,,,
,,,,,
,,,,,
,,,,,
,,,,,
,,,,,
,,,,,
,,,,,
,,,,,
,,,,,
,,,,,
,,,,,
,,,,,
,,,,,
,,,,,
,,,,,
,,,,,
,,,,,
,,,,,
,,,,,
,,,,,
,,,,,
,,,,,
,,,,,
,,,,,
,,,,,
,,,,,
,,,,,
,,,,,
,,,,,
,,,,,
,,,,,
,,,,,
,,,,,
,,,,,
,,,,,
,,,,,
,,,,,
,,,,,
,,,,,
,,,,,
,,,,,
,,,,,
,,,,,
,,,,,
,,,,,
,,,,,
,,,,,
,,,,,
,,,,,
,,,,,
,,,,,
,,,,,
,,,,,
,,,,,
,,,,,
,,,,,
,,,,,
,,,,,
,,,,,
,,,,,
,,,,,
,,,,,
,,,,,
,,,,,
,,,,,
,,,,,
,,,,,
,,,,,
,,,,,
,,,,,
,,,,,
,,,,,
,,,,,
,,,,,
,,,,,
,,,,,
,,,,,
,,,,,
,,,,,
,,,,,
,,,,,
,,,,,
,,,,,
,,,,,
,,,,,
,,,,,
,,,,,
,,,,,
,,,,,
,,,,,
,,,,,
,,,,,
,,,,,
,,,,,
,,,,,
,,,,,
,,,,,
,,,,,
,,,,,
,,,,,
,,,,,
,,,,,
,,,,,
,,,,,
,,,,,
,,,,,
,,,,,
,,,,,
,,,,,
,,,,,
,,,,,
,,,,,
,,,,,
,,,,,
,,,,,
,,,,,
,,,,,
,,,,,
,,,,,
,,,,,
,,,,,
,,,,,
,,,,,
,,,,,
,,,,,
,,,,,
,,,,,
,,,,,
,,,,,
,,,,,
,,,,,
,,,,,
,,,,,
,,,,,
,,,,,
,,,,,
,,,,,
,,,,,
,,,,,
,,,,,
,,,,,
,,,,,
,,,,,
,,,,,
,,,,,
,,,,,
,,,,,
,,,,,
,,,,,
,,,,,
,,,,,
,,,,,
,,,,,
,,,,,
,,,,,
,,,,,
,,,,,
,,,,,
,,,,,
,,,,,
,,,,,
,,,,,
,,,,,
,,,,,
,,,,,
,,,,,
,,,,,
,,,,,
,,,,,
,,,,,
,,,,,
,,,,,
,,,,,
,,,,,
,,,,,
,,,,,
,,,,,
,,,,,
,,,,,
,,,,,
,,,,,
,,,,,
,,,,,
,,,,,
,,,,,
,,,,,
,,,,,
,,,,,
,,,,,
,,,,,
,,,,,
,,,,,
,,,,,
,,,,,
,,,,,
,,,,,
,,,,,
,,,,,
,,,,,
,,,,,
,,,,,
,,,,,
,,,,,
,,,,,
,,,,,
,,,,,
,,,,,
,,,,,
,,,,,
,,,,,
,,,,,
,,,,,
,,,,,
,,,,,
,,,,,
,,,,,
,,,,,
,,,,,
,,,,,
,,,,,
,,,,,
,,,,,
,,,,,
,,,,,
,,,,,
,,,,,
,,,,,
,,,,,
,,,,,
,,,,,
,,,,,
,,,,,
,,,,,
,,,,,
,,,,,
,,,,,
,,,,,
,,,,,
,,,,,
,,,,,
,,,,,
,,,,,
,,,,,
,,,,,
,,,,,
,,,,,
,,,,,
,,,,,
,,,,,
,,,,,
,,,,,
,,,,,
,,,,,
,,,,,
,,,,,
,,,,,
,,,,,
,,,,,
,,,,,
,,,,,
,,,,,
,,,,,
,,,,,
,,,,,
,,,,,
,,,,,
,,,,,
,,,,,
,,,,,
,,,,,
,,,,,
,,,,,
,,,,,
,,,,,
,,,,,
,,,,,
,,,,,
,,,,,
,,,,,
,,,,,
,,,,,
,,,,,
,,,,,
,,,,,
,,,,,
,,,,,
,,,,,
,,,,,
,,,,,
,,,,,
,,,,,
,,,,,
,,,,,
,,,,,
,,,,,
,,,,,
,,,,,
,,,,,
,,,,,
,,,,,
,,,,,
,,,,,
,,,,,
,,,,,
,,,,,
,,,,,
,,,,,
,,,,,
,,,,,
,,,,,
,,,,,
,,,,,
,,,,,
,,,,,
,,,,,
,,,,,
,,,,,
,,,,,
,,,,,
,,,,,
,,,,,
,,,,,
,,,,,
,,,,,
,,,,,
,,,,,
,,,,,
,,,,,
,,,,,
,,,,,
,,,,,
,,,,,
,,,,,
,,,,,
,,,,,
,,,,,
,,,,,
,,,,,
,,,,,
,,,,,
,,,,,
,,,,,
,,,,,
,,,,,
,,,,,
,,,,,
,,,,,
,,,,,
,,,,,
,,,,,
,,,,,
,,,,,
,,,,,
,,,,,
,,,,,
,,,,,
,,,,,
,,,,,
,,,,,
,,,,,
,,,,,
,,,,,
,,,,,
,,,,,
,,,,,
,,,,,
,,,,,
,,,,,
,,,,,
,,,,,
,,,,,
,,,,,
,,,,,
,,,,,
,,,,,
,,,,,
,,,,,
,,,,,
,,,,,
,,,,,
,,,,,
,,,,,
,,,,,
,,,,,
,,,,,
,,,,,
,,,,,
,,,,,
,,,,,
,,,,,
,,,,,
,,,,,
,,,,,
,,,,,
,,,,,
,,,,,
,,,,,
,,,,,
,,,,,
,,,,,
,,,,,
,,,,,
,,,,,
,,,,,
,,,,,
,,,,,
,,,,,
,,,,,
,,,,,
,,,,,
,,,,,
,,,,,
,,,,,
,,,,,
,,,,,
,,,,,
,,,,,
,,,,,
,,,,,
,,,,,
,,,,,
,,,,,
,,,,,
,,,,,
,,,,,
,,,,,
,,,,,
,,,,,
,,,,,
,,,,,
,,,,,
,,,,,
,,,,,
,,,,,
,,,,,
,,,,,
,,,,,
,,,,,
,,,,,
,,,,,
,,,,,
,,,,,
,,,,,
,,,,,
,,,,,
,,,,,
,,,,,
,,,,,
,,,,,
,,,,,
,,,,,
,,,,,
,,,,,
,,,,,
,,,,,
,,,,,
,,,,,
,,,,,
,,,,,
,,,,,
,,,,,
,,,,,
,,,,,
,,,,,
,,,,,
,,,,,
,,,,,
,,,,,
,,,,,
,,,,,
,,,,,
,,,,,
,,,,,
,,,,,
,,,,,
,,,,,
,,,,,
,,,,,
,,,,,
,,,,,
,,,,,
,,,,,
,,,,,
,,,,,
,,,,,
,,,,,
,,,,,
,,,,,
,,,,,
,,,,,
,,,,,
,,,,,
,,,,,
,,,,,
,,,,,
,,,,,
,,,,,
,,,,,
,,,,,
,,,,,
,,,,,
,,,,,
,,,,,
,,,,,
,,,,,
,,,,,
,,,,,
,,,,,
,,,,,
,,,,,
,,,,,
,,,,,
,,,,,
,,,,,
,,,,,
,,,,,
,,,,,
,,,,,
,,,,,
,,,,,
,,,,,
,,,,,
,,,,,
,,,,,
,,,,,
,,,,,
,,,,,
,,,,,
,,,,,
,,,,,
,,,,,
,,,,,
,,,,,
,,,,,
,,,,,
,,,,,
,,,,,
,,,,,
,,,,,
,,,,,
,,,,,
,,,,,
,,,,,
,,,,,
,,,,,
,,,,,
,,,,,
,,,,,
,,,,,
,,,,,
,,,,,
,,,,,
,,,,,
,,,,,
,,,,,
,,,,,
,,,,,
,,,,,
,,,,,
,,,,,
,,,,,
,,,,,
,,,,,
,,,,,
,,,,,
,,,,,
,,,,,
,,,,,
,,,,,
,,,,,
,,,,,
,,,,,
,,,,,
,,,,,
,,,,,
,,,,,
,,,,,
,,,,,
,,,,,
,,,,,
,,,,,
,,,,,
,,,,,
,,,,,
,,,,,
,,,,,
,,,,,
,,,,,
,,,,,
,,,,,
,,,,,
,,,,,
,,,,,
,,,,,
,,,,,
,,,,,
,,,,,
,,,,,
,,,,,
,,,,,
,,,,,
,,,,,
,,,,,
,,,,,
,,,,,
,,,,,
,,,,,
,,,,,
,,,,,
,,,,,
,,,,,
,,,,,
,,,,,
,,,,,
,,,,,
,,,,,
,,,,,
,,,,,
,,,,,
,,,,,
,,,,,
,,,,,
,,,,,
,,,,,
,,,,,
,,,,,
,,,,,
,,,,,
,,,,,
,,,,,
,,,,,
,,,,,
,,,,,
,,,,,
,,,,,
,,,,,
,,,,,
,,,,,
,,,,,
,,,,,
,,,,,
,,,,,
,,,,,
,,,,,
,,,,,
,,,,,
,,,,,
,,,,,
,,,,,
,,,,,
,,,,,
,,,,,
,,,,,
,,,,,
,,,,,
,,,,,
,,,,,
,,,,,
,,,,,
,,,,,
,,,,,
,,,,,
,,,,,
,,,,,
,,,,,
,,,,,
,,,,,
,,,,,
,,,,,
,,,,,
,,,,,
,,,,,
,,,,,
,,,,,
,,,,,
,,,,,
,,,,,
,,,,,
,,,,,
,,,,,
,,,,,
,,,,,
,,,,,
,,,,,
,,,,,
,,,,,
,,,,,
,,,,,
,,,,,
,,,,,
,,,,,
,,,,,
,,,,,
,,,,,
,,,,,
,,,,,
,,,,,
,,,,,
,,,,,
,,,,,
,,,,,
,,,,,
,,,,,
,,,,,
,,,,,
,,,,,
,,,,,
,,,,,
,,,,,
,,,,,
,,,,,
,,,,,
,,,,,
,,,,,
,,,,,
,,,,,
,,,,,
,,,,,
,,,,,
,,,,,
,,,,,
,,,,,
,,,,,
,,,,,
,,,,,
,,,,,
,,,,,
,,,,,
,,,,,
,,,,,
,,,,,
,,,,,
,,,,,
,,,,,
,,,,,
,,,,,
,,,,,
,,,,,
,,,,,
,,,,,
,,,,,
,,,,,
,,,,,
,,,,,
,,,,,
,,,,,
,,,,,
,,,,,
,,,,,
,,,,,
,,,,,
,,,,,
,,,,,
,,,,,
,,,,,
,,,,,
,,,,,
,,,,,
,,,,,
,,,,,
,,,,,
,,,,,
,,,,,
,,,,,
,,,,,
,,,,,
,,,,,
,,,,,
,,,,,
,,,,,
,,,,,
,,,,,
,,,,,
,,,,,
,,,,,
,,,,,
,,,,,
,,,,,
,,,,,
,,,,,
,,,,,
,,,,,
,,,,,
,,,,,
,,,,,
,,,,,
,,,,,
,,,,,
,,,,,
,,,,,
,,,,,
,,,,,
,,,,,
,,,,,
,,,,,
,,,,,
,,,,,
,,,,,
,,,,,
,,,,,
,,,,,
,,,,,
,,,,,
,,,,,
,,,,,
,,,,,
,,,,,
,,,,,
,,,,,
,,,,,
,,,,,
,,,,,
,,,,,
,,,,,
,,,,,
,,,,,
,,,,,
,,,,,
,,,,,
,,,,,
,,,,,
,,,,,
,,,,,
,,,,,
,,,,,
,,,,,
,,,,,
,,,,,
,,,,,
,,,,,
,,,,,
,,,,,
,,,,,
,,,,,
,,,,,
,,,,,
,,,,,
,,,,,
,,,,,
,,,,,
,,,,,
,,,,,
,,,,,
,,,,,
,,,,,
,,,,,
,,,,,
,,,,,
,,,,,
,,,,,
,,,,,
,,,,,
,,,,,
,,,,,
,,,,,
,,,,,
,,,,,
,,,,,
,,,,,
,,,,,
,,,,,
,,,,,
,,,,,
,,,,,
,,,,,
,,,,,
,,,,,
,,,,,
,,,,,
,,,,,
,,,,,
,,,,,
,,,,,
,,,,,
,,,,,
,,,,,
,,,,,
,,,,,
,,,,,
,,,,,
,,,,,
,,,,,
,,,,,
,,,,,
,,,,,
,,,,,
,,,,,
,,,,,
,,,,,
,,,,,
,,,,,
,,,,,
,,,,,
,,,,,
,,,,,
,,,,,
,,,,,
,,,,,
,,,,,
,,,,,
,,,,,
,,,,,
,,,,,
,,,,,
,,,,,
,,,,,
,,,,,
,,,,,
,,,,,
,,,,,
,,,,,
,,,,,
,,,,,
,,,,,
,,,,,
,,,,,
,,,,,
,,,,,
,,,,,
,,,,,
,,,,,
,,,,,
,,,,,
,,,,,
,,,,,
,,,,,
,,,,,
,,,,,
,,,,,
,,,,,
,,,,,
,,,,,
,,,,,
,,,,,
,,,,,
,,,,,
,,,,,
,,,,,
,,,,,
,,,,,
,,,,,
,,,,,
,,,,,
,,,,,
,,,,,
,,,,,
,,,,,
,,,,,
,,,,,
,,,,,
,,,,,
,,,,,
,,,,,
,,,,,
,,,,,
,,,,,
,,,,,
,,,,,
,,,,,
,,,,,
,,,,,
,,,,,
,,,,,
,,,,,
,,,,,
,,,,,
,,,,,
,,,,,
,,,,,
,,,,,
,,,,,
,,,,,
,,,,,
,,,,,
,,,,,
,,,,,
,,,,,
,,,,,
,,,,,
,,,,,
,,,,,
,,,,,
,,,,,
,,,,,
,,,,,
,,,,,
,,,,,
,,,,,
,,,,,
,,,,,
,,,,,
,,,,,
,,,,,
,,,,,
,,,,,
,,,,,
,,,,,
,,,,,
,,,,,
,,,,,
,,,,,
,,,,,
,,,,,
,,,,,
,,,,,
,,,,,
,,,,,
,,,,,
,,,,,
,,,,,
,,,,,
,,,,,
,,,,,
,,,,,
,,,,,
,,,,,
,,,,,
,,,,,
,,,,,
,,,,,
,,,,,
,,,,,
,,,,,
,,,,,
,,,,,
,,,,,
,,,,,
,,,,,
,,,,,
,,,,,
,,,,,
,,,,,
,,,,,
,,,,,
,,,,,
,,,,,
,,,,,
,,,,,
,,,,,
,,,,,
,,,,,
,,,,,
,,,,,
,,,,,
,,,,,
,,,,,
,,,,,
,,,,,
,,,,,
,,,,,
,,,,,
,,,,,
,,,,,
,,,,,
,,,,,
,,,,,
,,,,,
,,,,,
,,,,,
,,,,,
,,,,,
,,,,,
,,,,,
,,,,,
,,,,,
,,,,,
,,,,,
,,,,,
,,,,,
,,,,,
,,,,,
,,,,,
,,,,,
,,,,,
,,,,,
,,,,,
,,,,,
,,,,,
,,,,,
,,,,,
,,,,,
,,,,,
,,,,,
,,,,,
,,,,,
,,,,,
,,,,,
,,,,,
,,,,,
,,,,,
,,,,,
,,,,,
,,,,,
,,,,,
,,,,,
,,,,,
,,,,,
,,,,,
,,,,,
,,,,,
,,,,,
,,,,,
,,,,,
,,,,,
,,,,,
,,,,,
,,,,,
,,,,,
,,,,,
,,,,,
,,,,,
,,,,,
,,,,,
,,,,,
,,,,,
,,,,,
,,,,,
,,,,,
,,,,,
,,,,,
,,,,,
,,,,,
,,,,,
,,,,,
,,,,,
,,,,,
,,,,,
,,,,,
,,,,,
,,,,,
,,,,,
,,,,,
,,,,,
,,,,,
,,,,,
,,,,,
,,,,,
,,,,,
,,,,,
,,,,,
,,,,,
,,,,,
,,,,,
,,,,,
,,,,,
,,,,,
,,,,,
,,,,,
,,,,,
,,,,,
,,,,,
,,,,,
,,,,,
,,,,,
,,,,,
,,,,,
,,,,,
,,,,,
,,,,,
,,,,,
,,,,,
,,,,,
,,,,,
,,,,,
,,,,,
,,,,,
,,,,,
,,,,,
,,,,,
,,,,,
,,,,,
,,,,,
,,,,,
,,,,,
,,,,,
,,,,,
,,,,,
,,,,,
,,,,,
,,,,,
,,,,,
,,,,,
,,,,,
,,,,,
,,,,,
,,,,,
,,,,,
,,,,,
,,,,,
,,,,,
,,,,,
,,,,,
,,,,,
,,,,,
,,,,,
,,,,,
,,,,,
,,,,,
,,,,,
,,,,,
,,,,,
,,,,,
,,,,,
,,,,,
,,,,,
,,,,,
,,,,,
,,,,,
,,,,,
,,,,,
,,,,,
,,,,,
,,,,,
,,,,,
,,,,,
,,,,,
,,,,,
,,,,,
,,,,,
,,,,,
,,,,,
,,,,,
,,,,,
,,,,,
,,,,,
,,,,,
,,,,,
,,,,,
,,,,,
,,,,,
,,,,,
,,,,,
,,,,,
,,,,,
,,,,,
,,,,,
,,,,,
,,,,,
,,,,,
,,,,,
,,,,,
,,,,,
,,,,,
,,,,,
,,,,,
,,,,,
,,,,,
,,,,,
,,,,,
,,,,,
,,,,,
,,,,,
,,,,,
,,,,,
,,,,,
,,,,,
,,,,,
,,,,,
,,,,,
,,,,,
,,,,,
,,,,,
,,,,,
,,,,,
,,,,,
,,,,,
,,,,,
,,,,,
,,,,,
,,,,,
,,,,,
,,,,,
,,,,,
,,,,,
,,,,,
,,,,,
,,,,,
,,,,,
,,,,,
,,,,,
,,,,,
,,,,,
,,,,,
,,,,,
,,,,,
,,,,,
,,,,,
,,,,,
,,,,,
,,,,,
,,,,,
,,,,,
,,,,,
,,,,,
,,,,,
,,,,,
,,,,,
,,,,,
,,,,,
,,,,,
,,,,,
,,,,,
,,,,,
,,,,,
,,,,,
,,,,,
,,,,,
,,,,,
,,,,,
,,,,,
,,,,,
,,,,,
,,,,,
,,,,,
,,,,,
,,,,,
,,,,,
,,,,,
,,,,,
,,,,,
,,,,,
,,,,,
,,,,,
,,,,,
,,,,,
,,,,,
,,,,,
,,,,,
,,,,,
,,,,,
,,,,,
,,,,,
,,,,,
,,,,,
,,,,,
,,,,,
,,,,,
,,,,,
,,,,,
,,,,,
,,,,,
,,,,,
,,,,,
,,,,,
,,,,,
,,,,,
,,,,,
,,,,,
,,,,,
,,,,,
,,,,,
,,,,,
,,,,,
,,,,,
,,,,,
,,,,,
,,,,,
,,,,,
,,,,,
,,,,,
,,,,,
,,,,,
,,,,,
,,,,,
,,,,,
,,,,,
,,,,,
,,,,,
,,,,,
,,,,,
,,,,,
,,,,,
,,,,,
,,,,,
,,,,,
,,,,,
,,,,,
,,,,,
,,,,,
,,,,,
,,,,,
,,,,,
,,,,,
,,,,,
,,,,,
,,,,,
,,,,,
,,,,,
,,,,,
,,,,,
,,,,,
,,,,,
,,,,,
,,,,,
,,,,,
,,,,,
,,,,,
,,,,,
,,,,,
,,,,,
,,,,,
,,,,,
,,,,,
,,,,,
,,,,,
,,,,,
,,,,,
,,,,,
,,,,,
,,,,,
,,,,,
,,,,,
,,,,,
,,,,,
,,,,,
,,,,,
,,,,,
,,,,,
,,,,,
,,,,,
,,,,,
,,,,,
,,,,,
,,,,,
,,,,,
,,,,,
,,,,,
,,,,,
,,,,,
,,,,,
,,,,,
,,,,,
,,,,,
,,,,,
,,,,,
,,,,,
,,,,,
,,,,,
,,,,,
,,,,,
,,,,,
,,,,,
,,,,,
,,,,,
,,,,,
,,,,,
,,,,,
,,,,,
,,,,,
,,,,,
,,,,,
,,,,,
,,,,,
,,,,,
,,,,,
,,,,,
,,,,,
,,,,,
,,,,,
,,,,,
,,,,,
,,,,,
,,,,,
,,,,,
,,,,,
,,,,,
,,,,,
,,,,,
,,,,,
,,,,,
,,,,,
,,,,,
,,,,,
,,,,,
,,,,,
,,,,,
,,,,,
,,,,,
,,,,,
,,,,,
,,,,,
,,,,,
,,,,,
,,,,,
,,,,,
,,,,,
,,,,,
,,,,,
,,,,,
,,,,,
,,,,,
,,,,,
,,,,,
,,,,,
,,,,,
,,,,,
,,,,,
,,,,,
,,,,,
,,,,,
,,,,,
,,,,,
,,,,,
,,,,,
,,,,,
,,,,,
,,,,,
,,,,,
,,,,,
,,,,,
,,,,,
,,,,,
,,,,,
,,,,,
,,,,,
,,,,,
,,,,,
,,,,,
,,,,,
,,,,,
,,,,,
,,,,,
,,,,,
,,,,,
,,,,,
,,,,,
,,,,,
,,,,,
,,,,,
,,,,,
,,,,,
,,,,,
,,,,,
,,,,,
,,,,,
,,,,,
,,,,,
,,,,,
,,,,,
,,,,,
,,,,,
,,,,,
,,,,,
,,,,,
,,,,,
,,,,,
,,,,,
,,,,,
,,,,,
,,,,,
,,,,,
,,,,,
,,,,,
,,,,,
,,,,,
,,,,,
,,,,,
,,,,,
,,,,,
,,,,,
,,,,,
,,,,,
,,,,,
,,,,,
,,,,,
,,,,,
,,,,,
,,,,,
,,,,,
,,,,,
,,,,,
,,,,,
,,,,,
,,,,,
,,,,,
,,,,,
,,,,,
,,,,,
,,,,,
,,,,,
,,,,,
,,,,,
,,,,,
,,,,,
,,,,,
,,,,,
,,,,,
,,,,,
,,,,,
,,,,,
,,,,,
,,,,,
,,,,,
,,,,,
,,,,,
,,,,,
,,,,,
,,,,,
,,,,,
,,,,,
,,,,,
,,,,,
,,,,,
,,,,,
,,,,,
,,,,,
,,,,,
,,,,,
,,,,,
,,,,,
,,,,,
,,,,,
,,,,,
,,,,,
,,,,,
,,,,,
,,,,,
,,,,,
,,,,,
,,,,,
,,,,,
,,,,,
,,,,,
,,,,,
,,,,,
,,,,,
,,,,,
,,,,,
,,,,,
,,,,,
,,,,,
,,,,,
,,,,,
,,,,,
,,,,,
,,,,,
,,,,,
,,,,,
,,,,,
,,,,,
,,,,,
,,,,,
,,,,,
,,,,,
,,,,,
,,,,,
,,,,,
,,,,,
,,,,,
,,,,,
,,,,,
,,,,,
,,,,,
,,,,,
,,,,,
,,,,,
,,,,,
,,,,,
,,,,,
,,,,,
,,,,,
,,,,,
,,,,,
,,,,,
,,,,,
,,,,,
,,,,,
,,,,,
,,,,,
,,,,,
,,,,,
,,,,,
,,,,,
,,,,,
,,,,,
,,,,,
,,,,,
,,,,,
,,,,,
,,,,,
,,,,,
,,,,,
,,,,,
,,,,,
,,,,,
,,,,,
,,,,,
,,,,,
,,,,,
,,,,,
,,,,,
,,,,,
,,,,,
,,,,,
,,,,,
,,,,,
,,,,,
,,,,,
,,,,,
,,,,,
,,,,,
,,,,,
,,,,,
,,,,,
,,,,,
,,,,,
,,,,,
,,,,,
,,,,,
,,,,,
,,,,,
,,,,,
,,,,,
,,,,,
,,,,,
,,,,,
,,,,,
,,,,,
,,,,,
,,,,,
,,,,,
,,,,,
,,,,,
,,,,,
,,,,,
,,,,,
,,,,,
,,,,,
,,,,,
,,,,,
,,,,,
,,,,,
,,,,,
,,,,,
,,,,,
,,,,,
,,,,,
,,,,,
,,,,,
,,,,,
,,,,,
,,,,,
,,,,,
,,,,,
,,,,,
,,,,,
,,,,,
,,,,,
,,,,,
,,,,,
,,,,,
,,,,,
,,,,,
,,,,,
,,,,,
,,,,,
,,,,,
,,,,,
,,,,,
,,,,,
,,,,,
,,,,,
,,,,,
,,,,,
,,,,,
,,,,,
,,,,,
,,,,,
,,,,,
,,,,,
,,,,,
,,,,,
,,,,,
,,,,,
,,,,,
,,,,,
,,,,,
,,,,,
,,,,,
,,,,,
,,,,,
,,,,,
,,,,,
,,,,,
,,,,,
,,,,,
,,,,,
,,,,,
,,,,,
,,,,,
,,,,,
,,,,,
,,,,,
,,,,,
,,,,,
,,,,,
,,,,,
,,,,,
,,,,,
,,,,,
,,,,,
,,,,,
,,,,,
,,,,,
,,,,,
,,,,,
,,,,,
,,,,,
,,,,,
,,,,,
,,,,,
,,,,,
,,,,,
,,,,,
,,,,,
,,,,,
,,,,,
,,,,,
,,,,,
,,,,,
,,,,,
,,,,,
,,,,,
,,,,,
,,,,,
,,,,,
,,,,,
,,,,,
,,,,,
,,,,,
,,,,,
,,,,,
,,,,,
,,,,,
,,,,,
,,,,,
,,,,,
,,,,,
,,,,,
,,,,,
,,,,,
,,,,,
,,,,,
,,,,,
,,,,,
,,,,,
,,,,,
,,,,,
,,,,,
,,,,,
,,,,,
,,,,,
,,,,,
,,,,,
,,,,,
,,,,,
,,,,,
,,,,,
,,,,,
,,,,,
,,,,,
,,,,,
,,,,,
,,,,,
,,,,,
,,,,,
,,,,,
,,,,,
,,,,,
,,,,,
,,,,,
,,,,,
,,,,,
,,,,,
,,,,,
,,,,,
,,,,,
,,,,,
,,,,,
,,,,,
,,,,,
,,,,,
,,,,,
,,,,,
,,,,,
,,,,,
,,,,,
,,,,,
,,,,,
,,,,,
,,,,,
,,,,,
,,,,,
,,,,,
,,,,,
,,,,,
,,,,,
,,,,,
,,,,,
,,,,,
,,,,,
,,,,,
,,,,,
,,,,,
,,,,,
,,,,,
,,,,,
,,,,,
,,,,,
,,,,,
,,,,,
,,,,,
,,,,,
,,,,,
,,,,,
,,,,,
,,,,,
,,,,,
,,,,,
,,,,,
,,,,,
,,,,,
,,,,,
,,,,,
,,,,,
,,,,,
,,,,,
,,,,,
,,,,,
,,,,,
,,,,,
,,,,,
,,,,,
,,,,,
,,,,,
,,,,,
,,,,,
,,,,,
,,,,,
,,,,,
,,,,,
,,,,,
,,,,,
,,,,,
,,,,,
,,,,,
,,,,,
,,,,,
,,,,,
,,,,,
,,,,,
,,,,,
,,,,,
,,,,,
,,,,,
,,,,,
,,,,,
,,,,,
,,,,,
,,,,,
,,,,,
,,,,,
,,,,,
,,,,,
,,,,,
,,,,,
,,,,,
,,,,,
,,,,,
,,,,,
,,,,,
,,,,,
,,,,,
,,,,,
,,,,,
,,,,,
,,,,,
,,,,,
,,,,,
,,,,,
,,,,,
,,,,,
,,,,,
,,,,,
,,,,,
,,,,,
,,,,,
,,,,,
,,,,,
,,,,,
,,,,,
,,,,,
,,,,,
,,,,,
,,,,,
,,,,,
,,,,,
,,,,,
,,,,,
,,,,,
,,,,,
,,,,,
,,,,,
,,,,,
,,,,,
,,,,,
,,,,,
,,,,,
,,,,,
,,,,,
,,,,,
,,,,,
,,,,,
,,,,,
,,,,,
,,,,,
,,,,,
,,,,,
,,,,,
,,,,,
,,,,,
,,,,,
,,,,,
,,,,,
,,,,,
,,,,,
,,,,,
,,,,,
,,,,,
,,,,,
,,,,,
,,,,,
,,,,,
,,,,,
,,,,,
,,,,,
,,,,,
,,,,,
,,,,,
,,,,,
,,,,,
,,,,,
,,,,,
,,,,,
,,,,,
,,,,,
,,,,,
,,,,,
,,,,,
,,,,,
,,,,,
,,,,,
,,,,,
,,,,,
,,,,,
,,,,,
,,,,,
,,,,,
,,,,,
,,,,,
,,,,,
,,,,,
,,,,,
,,,,,
,,,,,
,,,,,
,,,,,
,,,,,
,,,,,
,,,,,
,,,,,
,,,,,
,,,,,
,,,,,
,,,,,
,,,,,
,,,,,
,,,,,
,,,,,
,,,,,
,,,,,
,,,,,
,,,,,
,,,,,
,,,,,
,,,,,
,,,,,
,,,,,
,,,,,
,,,,,
,,,,,
,,,,,
,,,,,
,,,,,
,,,,,
,,,,,
,,,,,
,,,,,
,,,,,
,,,,,
,,,,,
,,,,,
,,,,,
,,,,,
,,,,,
,,,,,
,,,,,
,,,,,
,,,,,
,,,,,
,,,,,
,,,,,
,,,,,
,,,,,
,,,,,
,,,,,
,,,,,
,,,,,
,,,,,
,,,,,
,,,,,
,,,,,
,,,,,
,,,,,
,,,,,
,,,,,
,,,,,
,,,,,
,,,,,
,,,,,
,,,,,
,,,,,
,,,,,
,,,,,
,,,,,
,,,,,
,,,,,
,,,,,
,,,,,
,,,,,
,,,,,
,,,,,
,,,,,
,,,,,
,,,,,
,,,,,
,,,,,
,,,,,
,,,,,
,,,,,
,,,,,
,,,,,
,,,,,
,,,,,
,,,,,
,,,,,
,,,,,
,,,,,
,,,,,
,,,,,
,,,,,
,,,,,
,,,,,
,,,,,
,,,,,
,,,,,
,,,,,
,,,,,
,,,,,
,,,,,
,,,,,
,,,,,
,,,,,
,,,,,
,,,,,
,,,,,
,,,,,
,,,,,
,,,,,
,,,,,
,,,,,
,,,,,
,,,,,
,,,,,
,,,,,
,,,,,
,,,,,
,,,,,
,,,,,
,,,,,
,,,,,
,,,,,
,,,,,
,,,,,
,,,,,
,,,,,
,,,,,
,,,,,
,,,,,
,,,,,
,,,,,
,,,,,
,,,,,
,,,,,
,,,,,
,,,,,
,,,,,
,,,,,
,,,,,
,,,,,
,,,,,
,,,,,
,,,,,
,,,,,
,,,,,
,,,,,
,,,,,
,,,,,
,,,,,
,,,,,
,,,,,
,,,,,
,,,,,
,,,,,
,,,,,
,,,,,
,,,,,
,,,,,
,,,,,
,,,,,
,,,,,
,,,,,
,,,,,
,,,,,
,,,,,
,,,,,
,,,,,
,,,,,
,,,,,
,,,,,
,,,,,
,,,,,
,,,,,
,,,,,
,,,,,
,,,,,
,,,,,
,,,,,
,,,,,
,,,,,
,,,,,
,,,,,
,,,,,
,,,,,
,,,,,
,,,,,
,,,,,
,,,,,
,,,,,
,,,,,
,,,,,
,,,,,
,,,,,
,,,,,
,,,,,
,,,,,
,,,,,
,,,,,
,,,,,
,,,,,
,,,,,
,,,,,
,,,,,
,,,,,
,,,,,
,,,,,
,,,,,
,,,,,
,,,,,
,,,,,
,,,,,
,,,,,
,,,,,
,,,,,
,,,,,
,,,,,
,,,,,
,,,,,
,,,,,
,,,,,
,,,,,
,,,,,
,,,,,
,,,,,
,,,,,
,,,,,
,,,,,
,,,,,
,,,,,
,,,,,
,,,,,
,,,,,
,,,,,
,,,,,
,,,,,
,,,,,
,,,,,
,,,,,
,,,,,
,,,,,
,,,,,
,,,,,
,,,,,
,,,,,
,,,,,
,,,,,
,,,,,
,,,,,
,,,,,
,,,,,
,,,,,
,,,,,
,,,,,
,,,,,
,,,,,
,,,,,
,,,,,
,,,,,
,,,,,
,,,,,
,,,,,
,,,,,
,,,,,
,,,,,
,,,,,
,,,,,
,,,,,
,,,,,
,,,,,
,,,,,
,,,,,
,,,,,
,,,,,
,,,,,
,,,,,
,,,,,
,,,,,
,,,,,
,,,,,
,,,,,
,,,,,
,,,,,
,,,,,
,,,,,
,,,,,
,,,,,
,,,,,
,,,,,
,,,,,
,,,,,
,,,,,
,,,,,
,,,,,
,,,,,
,,,,,
,,,,,
,,,,,
,,,,,
,,,,,
,,,,,
,,,,,
,,,,,
,,,,,
,,,,,
,,,,,
,,,,,
,,,,,
,,,,,
,,,,,
,,,,,
,,,,,
,,,,,
,,,,,
,,,,,
,,,,,
,,,,,
,,,,,
,,,,,
,,,,,
,,,,,
,,,,,
,,,,,
,,,,,
,,,,,
,,,,,
,,,,,
,,,,,
,,,,,
,,,,,
,,,,,
,,,,,
,,,,,
,,,,,
,,,,,
,,,,,
,,,,,
,,,,,
,,,,,
,,,,,
,,,,,
,,,,,
,,,,,
,,,,,
,,,,,
,,,,,
,,,,,
,,,,,
,,,,,
,,,,,
,,,,,
,,,,,
,,,,,
,,,,,
,,,,,
,,,,,
,,,,,
,,,,,
,,,,,
,,,,,
,,,,,
,,,,,
,,,,,
,,,,,
,,,,,
,,,,,
,,,,,
,,,,,
,,,,,
,,,,,
,,,,,
,,,,,
,,,,,
,,,,,
,,,,,
,,,,,
,,,,,
,,,,,
,,,,,
,,,,,
,,,,,
,,,,,
,,,,,
,,,,,
,,,,,
,,,,,
,,,,,
,,,,,
,,,,,
,,,,,
,,,,,
,,,,,
,,,,,
,,,,,
,,,,,
,,,,,
,,,,,
,,,,,
,,,,,
,,,,,
,,,,,
,,,,,
,,,,,
,,,,,
,,,,,
,,,,,
,,,,,
,,,,,
,,,,,
,,,,,
,,,,,
,,,,,
,,,,,
,,,,,
,,,,,
,,,,,
,,,,,
,,,,,
,,,,,
,,,,,
,,,,,
,,,,,
,,,,,
,,,,,
,,,,,
,,,,,
,,,,,
,,,,,
,,,,,
,,,,,
,,,,,
,,,,,
,,,,,
,,,,,
,,,,,
,,,,,
,,,,,
,,,,,
,,,,,
,,,,,
,,,,,
,,,,,
,,,,,
,,,,,
,,,,,
,,,,,
,,,,,
,,,,,
,,,,,
,,,,,
,,,,,
,,,,,
,,,,,
,,,,,
,,,,,
,,,,,
,,,,,
,,,,,
,,,,,
,,,,,
,,,,,
,,,,,
,,,,,
,,,,,
,,,,,
,,,,,
,,,,,
,,,,,
,,,,,
,,,,,
,,,,,
,,,,,
,,,,,
,,,,,
,,,,,
,,,,,
,,,,,
,,,,,
,,,,,
,,,,,
,,,,,
,,,,,
,,,,,
,,,,,
,,,,,
,,,,,
,,,,,
,,,,,
,,,,,
,,,,,
,,,,,
,,,,,
,,,,,
,,,,,
,,,,,
,,,,,
,,,,,
,,,,,
,,,,,
,,,,,
,,,,,
,,,,,
,,,,,
,,,,,
,,,,,
,,,,,
,,,,,
,,,,,
,,,,,
,,,,,
,,,,,
,,,,,
,,,,,
,,,,,
,,,,,
,,,,,
,,,,,
,,,,,
,,,,,
,,,,,
,,,,,
,,,,,
,,,,,
,,,,,
,,,,,
,,,,,
,,,,,
,,,,,
,,,,,
,,,,,
,,,,,
,,,,,
,,,,,
,,,,,
,,,,,
,,,,,
,,,,,
,,,,,
,,,,,
,,,,,
,,,,,
,,,,,
,,,,,
,,,,,
,,,,,
,,,,,
,,,,,
,,,,,
,,,,,
,,,,,
,,,,,
,,,,,
,,,,,
,,,,,
,,,,,
,,,,,
,,,,,
,,,,,
,,,,,
,,,,,
,,,,,
,,,,,
,,,,,
,,,,,
,,,,,
,,,,,
,,,,,
,,,,,
,,,,,
,,,,,
,,,,,
,,,,,
,,,,,
,,,,,
,,,,,
,,,,,
,,,,,
,,,,,
,,,,,
,,,,,
,,,,,
,,,,,
,,,,,
,,,,,
,,,,,
,,,,,
,,,,,
,,,,,
,,,,,
,,,,,
,,,,,
,,,,,
,,,,,
,,,,,
,,,,,
,,,,,
,,,,,
,,,,,
,,,,,
,,,,,
,,,,,
,,,,,
,,,,,
,,,,,
,,,,,
,,,,,
,,,,,
,,,,,
,,,,,
,,,,,
,,,,,
,,,,,
,,,,,
,,,,,
,,,,,
,,,,,
,,,,,
,,,,,
,,,,,
,,,,,
,,,,,
,,,,,
,,,,,
,,,,,
,,,,,
,,,,,
,,,,,
,,,,,
,,,,,
,,,,,
,,,,,
,,,,,
,,,,,
,,,,,
,,,,,
,,,,,
,,,,,
,,,,,
,,,,,
,,,,,
,,,,,
,,,,,
,,,,,
,,,,,
,,,,,
,,,,,
,,,,,
,,,,,
,,,,,
,,,,,
,,,,,
,,,,,
,,,,,
,,,,,
,,,,,
,,,,,
,,,,,
,,,,,
,,,,,
,,,,,
,,,,,
,,,,,
,,,,,
,,,,,
,,,,,
,,,,,
,,,,,
,,,,,
,,,,,
,,,,,
,,,,,
,,,,,
,,,,,
,,,,,
,,,,,
,,,,,
,,,,,
,,,,,
,,,,,
,,,,,
,,,,,
,,,,,
,,,,,
,,,,,
,,,,,
,,,,,
,,,,,
,,,,,
,,,,,
,,,,,
,,,,,
,,,,,
,,,,,
,,,,,
,,,,,
,,,,,
,,,,,
,,,,,
,,,,,
,,,,,
,,,,,
,,,,,
,,,,,
,,,,,
,,,,,
,,,,,
,,,,,
,,,,,
,,,,,
,,,,,
,,,,,
,,,,,
,,,,,
,,,,,
,,,,,
,,,,,
,,,,,
,,,,,
,,,,,
,,,,,
,,,,,
,,,,,
,,,,,
,,,,,
,,,,,
,,,,,
,,,,,
,,,,,
,,,,,
,,,,,
,,,,,
,,,,,
,,,,,
,,,,,
,,,,,
,,,,,
,,,,,
,,,,,
,,,,,
,,,,,
,,,,,
,,,,,
,,,,,
,,,,,
,,,,,
,,,,,
,,,,,
,,,,,
,,,,,
,,,,,
,,,,,
,,,,,
,,,,,
,,,,,
,,,,,
,,,,,
,,,,,
,,,,,
,,,,,
,,,,,
,,,,,
,,,,,
,,,,,
,,,,,
,,,,,
,,,,,
,,,,,
,,,,,
,,,,,
,,,,,
,,,,,
,,,,,
,,,,,
,,,,,
,,,,,
,,,,,
,,,,,
,,,,,
,,,,,
,,,,,
,,,,,
,,,,,
,,,,,
,,,,,
,,,,,
,,,,,
,,,,,
,,,,,
,,,,,
,,,,,
,,,,,
,,,,,
,,,,,
,,,,,
,,,,,
,,,,,
,,,,,
,,,,,
,,,,,
,,,,,
,,,,,
,,,,,
,,,,,
,,,,,
,,,,,
,,,,,
,,,,,
,,,,,
,,,,,
,,,,,
,,,,,
,,,,,
,,,,,
,,,,,
,,,,,
,,,,,
,,,,,
,,,,,
,,,,,
,,,,,
,,,,,
,,,,,
,,,,,
,,,,,
,,,,,
,,,,,
,,,,,
,,,,,
,,,,,
,,,,,
,,,,,
,,,,,
,,,,,
,,,,,
,,,,,
,,,,,
,,,,,
,,,,,
,,,,,
,,,,,
,,,,,
,,,,,
,,,,,
,,,,,
,,,,,
,,,,,
,,,,,
,,,,,
,,,,,
,,,,,
,,,,,
,,,,,
,,,,,
,,,,,
,,,,,
,,,,,
,,,,,
,,,,,
,,,,,
,,,,,
,,,,,
,,,,,
,,,,,
,,,,,
,,,,,
,,,,,
,,,,,
,,,,,
,,,,,
,,,,,
,,,,,
,,,,,
,,,,,
,,,,,
,,,,,
,,,,,
,,,,,
,,,,,
,,,,,
,,,,,
,,,,,
,,,,,
,,,,,
,,,,,
,,,,,
,,,,,
,,,,,
,,,,,
,,,,,
,,,,,
,,,,,
,,,,,
,,,,,
,,,,,
,,,,,
,,,,,
,,,,,
,,,,,
,,,,,
,,,,,
,,,,,
,,,,,
,,,,,
,,,,,
,,,,,
,,,,,
,,,,,
,,,,,
,,,,,
,,,,,
,,,,,
,,,,,
,,,,,
,,,,,
,,,,,
,,,,,
,,,,,
,,,,,
,,,,,
,,,,,
,,,,,
,,,,,
,,,,,
,,,,,
,,,,,
,,,,,
,,,,,
,,,,,
,,,,,
,,,,,
,,,,,
,,,,,
,,,,,
,,,,,
,,,,,
,,,,,
,,,,,
,,,,,
,,,,,
,,,,,
,,,,,
,,,,,
,,,,,
,,,,,
,,,,,
,,,,,
,,,,,
,,,,,
,,,,,
,,,,,
,,,,,
,,,,,
,,,,,
,,,,,
,,,,,
,,,,,
,,,,,
,,,,,
,,,,,
,,,,,
,,,,,
,,,,,
,,,,,
,,,,,
,,,,,
,,,,,
,,,,,
,,,,,
,,,,,
,,,,,
,,,,,
,,,,,
,,,,,
,,,,,
,,,,,
,,,,,
,,,,,
,,,,,
,,,,,
,,,,,
,,,,,
,,,,,
,,,,,
,,,,,
,,,,,
,,,,,
,,,,,
,,,,,
,,,,,
,,,,,
,,,,,
,,,,,
,,,,,
,,,,,
,,,,,
,,,,,
,,,,,
,,,,,
,,,,,
,,,,,
,,,,,
,,,,,
,,,,,
,,,,,
,,,,,
,,,,,
,,,,,
,,,,,
,,,,,
,,,,,
,,,,,
,,,,,
,,,,,
,,,,,
,,,,,
,,,,,
,,,,,
,,,,,
,,,,,
,,,,,
,,,,,
,,,,,
,,,,,
,,,,,
,,,,,
,,,,,
,,,,,
,,,,,
,,,,,
,,,,,
,,,,,
,,,,,
,,,,,
,,,,,
,,,,,
,,,,,
,,,,,
,,,,,
,,,,,
,,,,,
,,,,,
,,,,,
,,,,,
,,,,,
,,,,,
,,,,,
,,,,,
,,,,,
,,,,,
,,,,,
,,,,,
,,,,,
,,,,,
,,,,,
,,,,,
,,,,,
,,,,,
,,,,,
,,,,,
,,,,,
,,,,,
,,,,,
,,,,,
,,,,,
,,,,,
,,,,,
,,,,,
,,,,,
,,,,,
,,,,,
,,,,,
,,,,,
,,,,,
,,,,,
,,,,,
,,,,,
,,,,,
,,,,,
,,,,,
,,,,,
,,,,,
,,,,,
,,,,,
,,,,,
,,,,,
,,,,,
,,,,,
,,,,,
,,,,,
,,,,,
,,,,,
,,,,,
,,,,,
,,,,,
,,,,,
,,,,,
,,,,,
,,,,,
,,,,,
,,,,,
,,,,,
,,,,,
,,,,,
,,,,,
,,,,,
,,,,,
,,,,,
,,,,,
,,,,,
,,,,,
,,,,,
,,,,,
,,,,,
,,,,,
,,,,,
,,,,,
,,,,,
,,,,,
,,,,,
,,,,,
,,,,,
,,,,,
,,,,,
,,,,,
,,,,,
,,,,,
,,,,,
,,,,,
,,,,,
,,,,,
,,,,,
,,,,,
,,,,,
,,,,,
,,,,,
,,,,,
,,,,,
,,,,,
,,,,,
,,,,,
,,,,,
,,,,,
,,,,,
,,,,,
,,,,,
,,,,,
,,,,,
,,,,,
,,,,,
,,,,,
,,,,,
,,,,,
,,,,,
,,,,,
,,,,,
,,,,,
,,,,,
,,,,,
,,,,,
,,,,,
,,,,,
,,,,,
,,,,,
,,,,,
,,,,,
,,,,,
,,,,,
,,,,,
,,,,,
,,,,,
,,,,,
,,,,,
,,,,,
,,,,,
,,,,,
,,,,,
,,,,,
,,,,,
,,,,,
,,,,,
,,,,,
,,,,,
,,,,,
,,,,,
,,,,,
,,,,,
,,,,,
,,,,,
,,,,,
,,,,,
,,,,,
,,,,,
,,,,,
,,,,,
,,,,,
,,,,,
,,,,,
,,,,,
,,,,,
,,,,,
,,,,,
,,,,,
,,,,,
,,,,,
,,,,,
,,,,,
,,,,,
,,,,,
,,,,,
,,,,,
,,,,,
,,,,,
,,,,,
,,,,,
,,,,,
,,,,,
,,,,,
,,,,,
,,,,,
,,,,,
,,,,,
,,,,,
,,,,,
,,,,,
,,,,,
,,,,,
,,,,,
,,,,,
,,,,,
,,,,,
,,,,,
,,,,,
,,,,,
,,,,,
,,,,,
,,,,,
,,,,,
,,,,,
,,,,,
,,,,,
,,,,,
,,,,,
,,,,,
,,,,,
,,,,,
,,,,,
,,,,,
,,,,,
,,,,,
,,,,,
,,,,,
,,,,,
,,,,,
,,,,,
,,,,,
,,,,,
,,,,,
,,,,,
,,,,,
,,,,,
,,,,,
,,,,,
,,,,,
,,,,,
,,,,,
,,,,,
,,,,,
,,,,,
,,,,,
,,,,,
,,,,,
,,,,,
,,,,,
,,,,,
,,,,,
,,,,,
,,,,,
,,,,,
,,,,,
,,,,,
,,,,,
,,,,,
,,,,,
,,,,,
,,,,,
,,,,,
,,,,,
,,,,,
,,,,,
,,,,,
,,,,,
,,,,,
,,,,,
,,,,,
,,,,,
,,,,,
,,,,,
,,,,,
,,,,,
,,,,,
,,,,,
,,,,,
,,,,,
,,,,,
,,,,,
,,,,,
,,,,,
,,,,,
,,,,,
,,,,,
,,,,,
,,,,,
,,,,,
,,,,,
,,,,,
,,,,,
,,,,,
,,,,,
,,,,,
,,,,,
,,,,,
,,,,,
,,,,,
,,,,,
,,,,,
,,,,,
,,,,,
,,,,,
,,,,,
,,,,,
,,,,,
,,,,,
,,,,,
,,,,,
,,,,,
,,,,,
,,,,,
,,,,,
,,,,,
,,,,,
,,,,,
,,,,,
,,,,,
,,,,,
,,,,,
,,,,,
,,,,,
,,,,,
,,,,,
,,,,,
,,,,,
,,,,,
,,,,,
,,,,,
,,,,,
,,,,,
,,,,,
,,,,,
,,,,,
,,,,,
,,,,,
,,,,,
,,,,,
,,,,,
,,,,,
,,,,,
,,,,,
,,,,,
,,,,,
,,,,,
,,,,,
,,,,,
,,,,,
,,,,,
,,,,,
,,,,,
,,,,,
,,,,,
,,,,,
,,,,,
,,,,,
,,,,,
,,,,,
,,,,,
,,,,,
,,,,,
,,,,,
,,,,,
,,,,,
,,,,,
,,,,,
,,,,,
,,,,,
,,,,,
,,,,,
,,,,,
,,,,,
,,,,,
,,,,,
,,,,,
,,,,,
,,,,,
,,,,,
,,,,,
,,,,,
,,,,,
,,,,,
,,,,,
,,,,,
,,,,,
,,,,,
,,,,,
,,,,,
,,,,,
,,,,,
,,,,,
,,,,,
,,,,,
,,,,,
,,,,,
,,,,,
,,,,,
,,,,,
,,,,,
,,,,,
,,,,,
,,,,,
,,,,,
,,,,,
,,,,,
,,,,,
,,,,,
,,,,,
,,,,,
,,,,,
,,,,,
,,,,,
,,,,,
,,,,,
,,,,,
,,,,,
,,,,,
,,,,,
,,,,,
,,,,,
,,,,,
,,,,,
,,,,,
,,,,,
,,,,,
,,,,,
,,,,,
,,,,,
,,,,,
,,,,,
,,,,,
,,,,,
,,,,,
,,,,,
,,,,,
,,,,,
,,,,,
,,,,,
,,,,,
,,,,,
,,,,,
,,,,,
,,,,,
,,,,,
,,,,,
,,,,,
,,,,,
,,,,,
,,,,,
,,,,,
,,,,,
,,,,,
,,,,,
,,,,,
,,,,,
,,,,,
,,,,,
,,,,,
,,,,,
,,,,,
,,,,,
,,,,,
,,,,,
,,,,,
,,,,,
,,,,,
,,,,,
,,,,,
,,,,,
,,,,,
,,,,,
,,,,,
,,,,,
,,,,,
,,,,,
,,,,,
,,,,,
,,,,,
,,,,,
,,,,,
,,,,,
,,,,,
,,,,,
,,,,,
,,,,,
,,,,,
,,,,,
,,,,,
,,,,,
,,,,,
,,,,,
,,,,,
,,,,,
,,,,,
,,,,,
,,,,,
,,,,,
,,,,,
,,,,,
,,,,,
,,,,,
,,,,,
,,,,,
,,,,,
,,,,,
,,,,,
,,,,,
,,,,,
,,,,,
,,,,,
,,,,,
,,,,,
,,,,,
,,,,,
,,,,,
,,,,,
,,,,,
,,,,,
,,,,,
,,,,,
,,,,,
,,,,,
,,,,,
,,,,,
,,,,,
,,,,,
,,,,,
,,,,,
,,,,,
,,,,,
,,,,,
,,,,,
,,,,,
,,,,,
,,,,,
,,,,,
,,,,,
,,,,,
,,,,,
,,,,,
,,,,,
,,,,,
,,,,,
,,,,,
,,,,,
,,,,,
,,,,,
,,,,,
,,,,,
,,,,,
,,,,,
,,,,,
,,,,,
,,,,,
,,,,,
,,,,,
,,,,,
,,,,,
,,,,,
,,,,,
,,,,,
,,,,,
,,,,,
,,,,,
,,,,,
,,,,,
,,,,,
,,,,,
,,,,,
,,,,,
,,,,,
,,,,,
,,,,,
,,,,,
,,,,,
,,,,,
,,,,,
,,,,,
,,,,,
,,,,,
,,,,,
,,,,,
,,,,,
,,,,,
,,,,,
,,,,,
,,,,,
,,,,,
,,,,,
,,,,,
,,,,,
,,,,,
,,,,,
,,,,,
,,,,,
,,,,,
,,,,,
,,,,,
,,,,,
,,,,,
,,,,,
,,,,,
,,,,,
,,,,,
,,,,,
,,,,,
,,,,,
,,,,,
,,,,,
,,,,,
,,,,,
,,,,,
,,,,,
,,,,,
,,,,,
,,,,,
,,,,,
,,,,,
,,,,,
,,,,,
,,,,,
,,,,,
,,,,,
,,,,,
,,,,,
,,,,,
,,,,,
,,,,,
,,,,,
,,,,,
,,,,,
,,,,,
,,,,,
,,,,,
,,,,,
,,,,,
,,,,,
,,,,,
,,,,,
,,,,,
,,,,,
,,,,,
,,,,,
,,,,,
,,,,,
,,,,,
,,,,,
,,,,,
,,,,,
,,,,,
,,,,,
,,,,,
,,,,,
,,,,,
,,,,,
,,,,,
,,,,,
,,,,,
,,,,,
,,,,,
,,,,,
,,,,,
,,,,,
,,,,,
,,,,,
,,,,,
,,,,,
,,,,,
,,,,,
,,,,,
,,,,,
,,,,,
,,,,,
,,,,,
,,,,,
,,,,,
,,,,,
,,,,,
,,,,,
,,,,,
,,,,,
,,,,,
,,,,,
,,,,,
,,,,,
,,,,,
,,,,,
,,,,,
,,,,,
,,,,,
,,,,,
,,,,,
,,,,,
,,,,,
,,,,,
,,,,,
,,,,,
,,,,,
,,,,,
,,,,,
,,,,,
,,,,,
,,,,,
,,,,,
,,,,,
,,,,,
,,,,,
,,,,,
,,,,,
,,,,,
,,,,,
,,,,,
,,,,,
,,,,,
,,,,,
,,,,,
,,,,,
,,,,,
,,,,,
,,,,,
,,,,,
,,,,,
,,,,,
,,,,,
,,,,,
,,,,,
,,,,,
,,,,,
,,,,,
,,,,,
,,,,,
,,,,,
,,,,,
,,,,,
,,,,,
,,,,,
,,,,,
,,,,,
,,,,,
,,,,,
,,,,,
,,,,,
,,,,,
,,,,,
,,,,,
,,,,,
,,,,,
,,,,,
,,,,,
,,,,,
,,,,,
,,,,,
,,,,,
,,,,,
,,,,,
,,,,,
,,,,,
,,,,,
,,,,,
,,,,,
,,,,,
,,,,,
,,,,,
,,,,,
,,,,,
,,,,,
,,,,,
,,,,,
,,,,,
,,,,,
,,,,,
,,,,,
,,,,,
,,,,,
,,,,,
,,,,,
,,,,,
,,,,,
,,,,,
,,,,,
,,,,,
,,,,,
,,,,,
,,,,,
,,,,,
,,,,,
,,,,,
,,,,,
,,,,,
,,,,,
,,,,,
,,,,,
,,,,,
,,,,,
,,,,,
,,,,,
,,,,,
,,,,,
,,,,,
,,,,,
,,,,,
,,,,,
,,,,,
,,,,,
,,,,,
,,,,,
,,,,,
