"","year","julian","site","bay","species","length","cod.cpue","pollock.cpue","temperature"
"1",2006,196,"Eelgrass patches","Anton Larson Bay","poll",49,30,5,14.8
"2",2006,196,"Eelgrass patches","Anton Larson Bay","poll",49,30,5,14.8
"3",2006,196,"Eelgrass patches","Anton Larson Bay","poll",49,30,5,14.8
"4",2006,196,"Eelgrass patches","Anton Larson Bay","poll",51,30,5,14.8
"5",2006,196,"Eelgrass patches","Anton Larson Bay","poll",53,30,5,14.8
"6",2006,196,"Wooden boat","Anton Larson Bay","poll",38,68,7,13
"7",2006,196,"Wooden boat","Anton Larson Bay","poll",41,68,7,13
"8",2006,196,"Wooden boat","Anton Larson Bay","poll",48,68,7,13
"9",2006,196,"Wooden boat","Anton Larson Bay","poll",49,68,7,13
"10",2006,196,"Wooden boat","Anton Larson Bay","poll",60,68,7,13
"11",2006,196,"Wooden boat","Anton Larson Bay","poll",65,68,7,13
"12",2006,196,"Wooden boat","Anton Larson Bay","poll",65,68,7,13
"13",2006,197,"Eelgrass point","Anton Larson Bay","poll",39,82,0,11.9
"14",2006,197,"Eelgrass point","Anton Larson Bay","poll",49,82,0,11.9
"15",2006,197,"Wooden boat","Anton Larson Bay","poll",38,1128,140,11
"16",2006,197,"Wooden boat","Anton Larson Bay","poll",43,1128,140,11
"17",2006,197,"Wooden boat","Anton Larson Bay","poll",45,1128,140,11
"18",2006,197,"Wooden boat","Anton Larson Bay","poll",45,1128,140,11
"19",2006,197,"Wooden boat","Anton Larson Bay","poll",46,1128,140,11
"20",2006,197,"Wooden boat","Anton Larson Bay","poll",47,1128,140,11
"21",2006,197,"Wooden boat","Anton Larson Bay","poll",48,1128,140,11
"22",2006,197,"Wooden boat","Anton Larson Bay","poll",48,1128,140,11
"23",2006,197,"Wooden boat","Anton Larson Bay","poll",50,1128,140,11
"24",2006,197,"Wooden boat","Anton Larson Bay","poll",55,1128,140,11
"25",2006,197,"Wooden boat","Anton Larson Bay","poll",60,1128,140,11
"26",2006,197,"Wooden boat","Anton Larson Bay","poll",62,1128,140,11
"27",2006,197,"Wooden boat","Anton Larson Bay","poll",62,1128,140,11
"28",2006,197,"Wooden boat","Anton Larson Bay","poll",75,1128,140,11
"29",2006,197,"Laminaria #2","Anton Larson Bay","poll",40,534,56,11.7
"30",2006,197,"Laminaria #2","Anton Larson Bay","poll",41,534,56,11.7
"31",2006,197,"Laminaria #2","Anton Larson Bay","poll",41,534,56,11.7
"32",2006,197,"Laminaria #2","Anton Larson Bay","poll",44,534,56,11.7
"33",2006,197,"Laminaria #2","Anton Larson Bay","poll",44,534,56,11.7
"34",2006,197,"Laminaria #2","Anton Larson Bay","poll",45,534,56,11.7
"35",2006,197,"Laminaria #2","Anton Larson Bay","poll",47,534,56,11.7
"36",2006,197,"Laminaria #2","Anton Larson Bay","poll",54,534,56,11.7
"37",2006,197,"Laminaria Point","Anton Larson Bay","poll",49,134,4,11.8
"38",2006,197,"Laminaria Point","Anton Larson Bay","poll",51,134,4,11.8
"39",2006,197,"Laminaria Point","Anton Larson Bay","poll",57,134,4,11.8
"40",2006,231,"Eelgrass point","Anton Larson Bay","poll",60,62,10,10.6
"41",2006,231,"Eelgrass point","Anton Larson Bay","poll",61,62,10,10.6
"42",2006,231,"Eelgrass point","Anton Larson Bay","poll",61,62,10,10.6
"43",2006,231,"Eelgrass point","Anton Larson Bay","poll",62,62,10,10.6
"44",2006,231,"Eelgrass point","Anton Larson Bay","poll",65,62,10,10.6
"45",2006,231,"Eelgrass point","Anton Larson Bay","poll",66,62,10,10.6
"46",2006,231,"Eelgrass point","Anton Larson Bay","poll",68,62,10,10.6
"47",2006,231,"Eelgrass point","Anton Larson Bay","poll",68,62,10,10.6
"48",2006,231,"Eelgrass point","Anton Larson Bay","poll",70,62,10,10.6
"49",2006,231,"Eelgrass point","Anton Larson Bay","poll",75,62,10,10.6
"50",2006,231,"Laminaria Point","Anton Larson Bay","poll",56,94,3,10.8
"51",2006,231,"Laminaria Point","Anton Larson Bay","poll",57,94,3,10.8
"52",2006,231,"Laminaria Point","Anton Larson Bay","poll",59,94,3,10.8
"53",2006,231,"Laminaria Point","Anton Larson Bay","poll",60,94,3,10.8
"54",2006,231,"Laminaria Point","Anton Larson Bay","poll",61,94,3,10.8
"55",2006,231,"Laminaria Point","Anton Larson Bay","poll",61,94,3,10.8
"56",2006,231,"Laminaria Point","Anton Larson Bay","poll",63,94,3,10.8
"57",2006,231,"Laminaria Point","Anton Larson Bay","poll",63,94,3,10.8
"58",2006,231,"Laminaria Point","Anton Larson Bay","poll",64,94,3,10.8
"59",2006,231,"Laminaria Point","Anton Larson Bay","poll",64,94,3,10.8
"60",2006,231,"Laminaria Point","Anton Larson Bay","poll",64,94,3,10.8
"61",2006,231,"Laminaria Point","Anton Larson Bay","poll",65,94,3,10.8
"62",2006,231,"Laminaria Point","Anton Larson Bay","poll",66,94,3,10.8
"63",2006,231,"Laminaria Point","Anton Larson Bay","poll",67,94,3,10.8
"64",2006,231,"Laminaria Point","Anton Larson Bay","poll",67,94,3,10.8
"65",2006,231,"Laminaria Point","Anton Larson Bay","poll",68,94,3,10.8
"66",2006,231,"Laminaria Point","Anton Larson Bay","poll",71,94,3,10.8
"67",2006,231,"Laminaria Point","Anton Larson Bay","poll",75,94,3,10.8
"68",2006,231,"Laminaria Point","Anton Larson Bay","poll",75,94,3,10.8
"69",2006,232,"Eelgrass point","Anton Larson Bay","poll",55,9,3,10.4
"70",2006,232,"Eelgrass point","Anton Larson Bay","poll",60,9,3,10.4
"71",2006,232,"Eelgrass point","Anton Larson Bay","poll",61,9,3,10.4
"72",2006,233,"Eelgrass point","Anton Larson Bay","poll",56,10,6,11.1
"73",2006,233,"Eelgrass point","Anton Larson Bay","poll",56,10,6,11.1
"74",2006,233,"Eelgrass point","Anton Larson Bay","poll",63,10,6,11.1
"75",2006,233,"Eelgrass point","Anton Larson Bay","poll",65,10,6,11.1
"76",2006,233,"Eelgrass point","Anton Larson Bay","poll",66,10,6,11.1
"77",2006,233,"Eelgrass point","Anton Larson Bay","poll",69,10,6,11.1
"78",2006,237,"Eelgrass South","Cook Bay","poll",63,495,3,10.4
"79",2006,237,"Eelgrass South","Cook Bay","poll",68,495,3,10.4
"80",2006,237,"Eelgrass South","Cook Bay","poll",75,495,3,10.4
"81",2006,237,"Eelgrass West","Cook Bay","poll",65,97,2,10.6
"82",2006,237,"Eelgrass West","Cook Bay","poll",70,97,2,10.6
"83",2006,237,"Laminaria South","Cook Bay","poll",66,149,2,10.4
"84",2006,237,"Laminaria South","Cook Bay","poll",71,149,2,10.4
"85",2008,196,"Eelgrass point","Anton Larson Bay","poll",39,169,0,9.4
"86",2008,196,"Eelgrass point","Anton Larson Bay","poll",41,169,0,9.4
"87",2008,196,"Eelgrass point","Anton Larson Bay","poll",35,169,0,9.4
"88",2008,196,"Eelgrass point","Anton Larson Bay","poll",34,169,0,9.4
"89",2008,196,"Eelgrass point","Anton Larson Bay","poll",44,169,0,9.4
"90",2008,196,"Eelgrass point","Anton Larson Bay","poll",42,169,0,9.4
"91",2008,196,"Eelgrass point","Anton Larson Bay","poll",41,169,0,9.4
"92",2008,196,"Eelgrass point","Anton Larson Bay","poll",40,169,0,9.4
"93",2008,196,"Eelgrass point","Anton Larson Bay","poll",40,169,0,9.4
"94",2008,196,"Eelgrass point","Anton Larson Bay","poll",43,169,0,9.4
"95",2008,196,"Eelgrass point","Anton Larson Bay","poll",38,169,0,9.4
"96",2008,196,"Eelgrass point","Anton Larson Bay","poll",36,169,0,9.4
"97",2008,236,"Eelgrass patches","Anton Larson Bay","poll",77,15,5,10.9
"98",2008,236,"Eelgrass patches","Anton Larson Bay","poll",67,15,5,10.9
"99",2008,236,"Eelgrass patches","Anton Larson Bay","poll",61,15,5,10.9
"100",2008,236,"Eelgrass patches","Anton Larson Bay","poll",62,15,5,10.9
"101",2008,236,"Eelgrass patches","Anton Larson Bay","poll",60,15,5,10.9
"102",2008,236,"Cobble point","Anton Larson Bay","poll",69,25,1,10.9
"103",2008,238,"Eelgrass point","Anton Larson Bay","poll",69,32,16,10.6
"104",2008,238,"Eelgrass point","Anton Larson Bay","poll",56,32,16,10.6
"105",2008,238,"Eelgrass point","Anton Larson Bay","poll",87,32,16,10.6
"106",2008,238,"Eelgrass point","Anton Larson Bay","poll",68,32,16,10.6
"107",2008,238,"Eelgrass point","Anton Larson Bay","poll",64,32,16,10.6
"108",2008,238,"Eelgrass point","Anton Larson Bay","poll",72,32,16,10.6
"109",2008,238,"Eelgrass point","Anton Larson Bay","poll",73,32,16,10.6
"110",2008,238,"Eelgrass point","Anton Larson Bay","poll",82,32,16,10.6
"111",2008,238,"Eelgrass point","Anton Larson Bay","poll",61,32,16,10.6
"112",2008,238,"Eelgrass point","Anton Larson Bay","poll",66,32,16,10.6
"113",2008,238,"Eelgrass point","Anton Larson Bay","poll",87,32,16,10.6
"114",2008,238,"Eelgrass point","Anton Larson Bay","poll",68,32,16,10.6
"115",2008,238,"Eelgrass point","Anton Larson Bay","poll",73,32,16,10.6
"116",2008,238,"Eelgrass point","Anton Larson Bay","poll",66,32,16,10.6
"117",2008,238,"Eelgrass point","Anton Larson Bay","poll",64,32,16,10.6
"118",2008,238,"Eelgrass point","Anton Larson Bay","poll",74,32,16,10.6
"119",2008,238,"Eelgrass point","Anton Larson Bay","poll",72,32,16,10.6
"120",2008,238,"Eelgrass point","Anton Larson Bay","poll",87,32,16,10.6
"121",2009,194,"Eelgrass point","Anton Larson Bay","poll",31,0,1,13.9
"122",2011,234,"Cobble point","Anton Larson Bay","poll",79,3,1,11.5
"123",2012,195,"Eelgrass patches","Anton Larson Bay","poll",37,258,21,10.5
"124",2012,195,"Eelgrass patches","Anton Larson Bay","poll",38,258,21,10.5
"125",2012,195,"Eelgrass patches","Anton Larson Bay","poll",42,258,21,10.5
"126",2012,195,"Eelgrass patches","Anton Larson Bay","poll",44,258,21,10.5
"127",2012,195,"Eelgrass patches","Anton Larson Bay","poll",43,258,21,10.5
"128",2012,195,"Eelgrass patches","Anton Larson Bay","poll",35,258,21,10.5
"129",2012,195,"Eelgrass patches","Anton Larson Bay","poll",33,258,21,10.5
"130",2012,195,"Eelgrass patches","Anton Larson Bay","poll",36,258,21,10.5
"131",2012,195,"Cobble point","Anton Larson Bay","poll",44,482,66,9.8
"132",2012,195,"Cobble point","Anton Larson Bay","poll",33,482,66,9.8
"133",2012,195,"Cobble point","Anton Larson Bay","poll",35,482,66,9.8
"134",2012,195,"Cobble point","Anton Larson Bay","poll",40,482,66,9.8
"135",2012,195,"Cobble point","Anton Larson Bay","poll",28,482,66,9.8
"136",2012,195,"Cobble point","Anton Larson Bay","poll",34,482,66,9.8
"137",2012,195,"Cobble point","Anton Larson Bay","poll",26,482,66,9.8
"138",2012,195,"Cobble point","Anton Larson Bay","poll",32,482,66,9.8
"139",2012,195,"Cobble point","Anton Larson Bay","poll",34,482,66,9.8
"140",2012,195,"Cobble point","Anton Larson Bay","poll",30,482,66,9.8
"141",2012,195,"Eelgrass point","Anton Larson Bay","poll",35,491,222,10.9
"142",2012,195,"Eelgrass point","Anton Larson Bay","poll",26,491,222,10.9
"143",2012,195,"Eelgrass point","Anton Larson Bay","poll",42,491,222,10.9
"144",2012,195,"Eelgrass point","Anton Larson Bay","poll",43,491,222,10.9
"145",2012,195,"Eelgrass point","Anton Larson Bay","poll",35,491,222,10.9
"146",2012,195,"Eelgrass point","Anton Larson Bay","poll",43,491,222,10.9
"147",2012,195,"Eelgrass point","Anton Larson Bay","poll",43,491,222,10.9
"148",2012,195,"Eelgrass point","Anton Larson Bay","poll",42,491,222,10.9
"149",2012,195,"Eelgrass point","Anton Larson Bay","poll",35,491,222,10.9
"150",2012,195,"Eelgrass point","Anton Larson Bay","poll",35,491,222,10.9
"151",2012,195,"Eelgrass point","Anton Larson Bay","poll",26,491,222,10.9
"152",2012,195,"Eelgrass point","Anton Larson Bay","poll",33,491,222,10.9
"153",2012,195,"Eelgrass point","Anton Larson Bay","poll",40,491,222,10.9
"154",2012,195,"Eelgrass point","Anton Larson Bay","poll",37,491,222,10.9
"155",2012,195,"Eelgrass point","Anton Larson Bay","poll",46,491,222,10.9
"156",2012,195,"Eelgrass point","Anton Larson Bay","poll",35,491,222,10.9
"157",2012,195,"Eelgrass point","Anton Larson Bay","poll",32,491,222,10.9
"158",2012,195,"Eelgrass point","Anton Larson Bay","poll",27,491,222,10.9
"159",2012,195,"Eelgrass point","Anton Larson Bay","poll",30,491,222,10.9
"160",2012,195,"Eelgrass point","Anton Larson Bay","poll",38,491,222,10.9
"161",2012,195,"Eelgrass point","Anton Larson Bay","poll",35,491,222,10.9
"162",2012,195,"Eelgrass point","Anton Larson Bay","poll",39,491,222,10.9
"163",2012,195,"Eelgrass point","Anton Larson Bay","poll",28,491,222,10.9
"164",2012,195,"Eelgrass point","Anton Larson Bay","poll",37,491,222,10.9
"165",2012,237,"Laminaria Point","Anton Larson Bay","poll",67,45,1,9.5
"166",2015,238,"Middle cove","Cook Bay","poll",104,76,4,13.6
"167",2015,238,"Middle cove","Cook Bay","poll",103,76,4,13.6
"168",2015,238,"Middle cove","Cook Bay","poll",87,76,4,13.6
"169",2015,238,"Middle cove","Cook Bay","poll",88,76,4,13.6
"170",2017,196,"Bare North","Cook Bay","poll",42,52,336,10.4
"171",2017,196,"Bare North","Cook Bay","poll",42,52,336,10.4
"172",2017,196,"Bare North","Cook Bay","poll",43,52,336,10.4
"173",2017,196,"Bare North","Cook Bay","poll",37,52,336,10.4
"174",2017,196,"Bare North","Cook Bay","poll",39,52,336,10.4
"175",2017,196,"Bare North","Cook Bay","poll",40,52,336,10.4
"176",2017,196,"Bare North","Cook Bay","poll",42,52,336,10.4
"177",2017,196,"Bare North","Cook Bay","poll",47,52,336,10.4
"178",2017,196,"Bare North","Cook Bay","poll",40,52,336,10.4
"179",2017,196,"Bare North","Cook Bay","poll",41,52,336,10.4
"180",2017,196,"Bare North","Cook Bay","poll",40,52,336,10.4
"181",2017,196,"Bare North","Cook Bay","poll",35,52,336,10.4
"182",2017,196,"Bare North","Cook Bay","poll",34,52,336,10.4
"183",2017,196,"Bare North","Cook Bay","poll",40,52,336,10.4
"184",2017,196,"Bare North","Cook Bay","poll",39,52,336,10.4
"185",2017,196,"Bare North","Cook Bay","poll",34,52,336,10.4
"186",2017,196,"Bare North","Cook Bay","poll",43,52,336,10.4
"187",2017,196,"Bare North","Cook Bay","poll",45,52,336,10.4
"188",2017,196,"Bare North","Cook Bay","poll",45,52,336,10.4
"189",2017,196,"Bare North","Cook Bay","poll",45,52,336,10.4
"190",2017,196,"Middle cove","Cook Bay","poll",35,155,436,10.3
"191",2017,196,"Middle cove","Cook Bay","poll",35,155,436,10.3
"192",2017,196,"Middle cove","Cook Bay","poll",38,155,436,10.3
"193",2017,196,"Middle cove","Cook Bay","poll",42,155,436,10.3
"194",2017,196,"Middle cove","Cook Bay","poll",39,155,436,10.3
"195",2017,196,"Middle cove","Cook Bay","poll",39,155,436,10.3
"196",2017,196,"Middle cove","Cook Bay","poll",39,155,436,10.3
"197",2017,196,"Middle cove","Cook Bay","poll",33,155,436,10.3
"198",2017,196,"Middle cove","Cook Bay","poll",38,155,436,10.3
"199",2017,196,"Middle cove","Cook Bay","poll",45,155,436,10.3
"200",2017,196,"Middle cove","Cook Bay","poll",42,155,436,10.3
"201",2017,196,"Middle cove","Cook Bay","poll",43,155,436,10.3
"202",2017,196,"Middle cove","Cook Bay","poll",45,155,436,10.3
"203",2017,196,"Middle cove","Cook Bay","poll",42,155,436,10.3
"204",2017,196,"Middle cove","Cook Bay","poll",40,155,436,10.3
"205",2017,196,"Middle cove","Cook Bay","poll",41,155,436,10.3
"206",2017,196,"Middle cove","Cook Bay","poll",42,155,436,10.3
"207",2017,196,"Middle cove","Cook Bay","poll",42,155,436,10.3
"208",2017,196,"Middle cove","Cook Bay","poll",42,155,436,10.3
"209",2017,196,"Middle cove","Cook Bay","poll",43,155,436,10.3
"210",2017,196,"Laminaria South","Cook Bay","poll",38,331,600,10.1
"211",2017,196,"Laminaria South","Cook Bay","poll",39,331,600,10.1
"212",2017,196,"Laminaria South","Cook Bay","poll",50,331,600,10.1
"213",2017,196,"Laminaria South","Cook Bay","poll",48,331,600,10.1
"214",2017,196,"Laminaria South","Cook Bay","poll",57,331,600,10.1
"215",2017,196,"Laminaria South","Cook Bay","poll",46,331,600,10.1
"216",2017,196,"Laminaria South","Cook Bay","poll",46,331,600,10.1
"217",2017,196,"Laminaria South","Cook Bay","poll",34,331,600,10.1
"218",2017,196,"Laminaria South","Cook Bay","poll",48,331,600,10.1
"219",2017,196,"Laminaria South","Cook Bay","poll",43,331,600,10.1
"220",2017,196,"Laminaria South","Cook Bay","poll",46,331,600,10.1
"221",2017,196,"Laminaria South","Cook Bay","poll",38,331,600,10.1
"222",2017,196,"Laminaria South","Cook Bay","poll",37,331,600,10.1
"223",2017,196,"Laminaria South","Cook Bay","poll",48,331,600,10.1
"224",2017,196,"Laminaria South","Cook Bay","poll",48,331,600,10.1
"225",2017,196,"Laminaria South","Cook Bay","poll",52,331,600,10.1
"226",2017,196,"Laminaria South","Cook Bay","poll",40,331,600,10.1
"227",2017,196,"Laminaria South","Cook Bay","poll",41,331,600,10.1
"228",2017,196,"Laminaria South","Cook Bay","poll",38,331,600,10.1
"229",2017,196,"Laminaria South","Cook Bay","poll",48,331,600,10.1
"230",2017,196,"Laminaria South","Cook Bay","poll",38,331,600,10.1
"231",2017,196,"Eelgrass South","Cook Bay","poll",46,709,69,10.2
"232",2017,196,"Eelgrass South","Cook Bay","poll",36,709,69,10.2
"233",2017,196,"Eelgrass South","Cook Bay","poll",38,709,69,10.2
"234",2017,196,"Eelgrass South","Cook Bay","poll",45,709,69,10.2
"235",2017,196,"Eelgrass South","Cook Bay","poll",40,709,69,10.2
"236",2017,196,"Eelgrass South","Cook Bay","poll",41,709,69,10.2
"237",2017,196,"Eelgrass South","Cook Bay","poll",44,709,69,10.2
"238",2017,196,"Eelgrass South","Cook Bay","poll",39,709,69,10.2
"239",2017,196,"Eelgrass South","Cook Bay","poll",37,709,69,10.2
"240",2017,196,"Eelgrass South","Cook Bay","poll",43,709,69,10.2
"241",2017,196,"Eelgrass South","Cook Bay","poll",39,709,69,10.2
"242",2017,196,"Eelgrass South","Cook Bay","poll",37,709,69,10.2
"243",2017,196,"Eelgrass South","Cook Bay","poll",41,709,69,10.2
"244",2017,196,"Eelgrass South","Cook Bay","poll",41,709,69,10.2
"245",2017,196,"Eelgrass South","Cook Bay","poll",41,709,69,10.2
"246",2017,196,"Eelgrass South","Cook Bay","poll",37,709,69,10.2
"247",2017,196,"Eelgrass South","Cook Bay","poll",42,709,69,10.2
"248",2017,196,"Eelgrass South","Cook Bay","poll",45,709,69,10.2
"249",2017,196,"Eelgrass South","Cook Bay","poll",42,709,69,10.2
"250",2017,196,"Eelgrass South","Cook Bay","poll",40,709,69,10.2
"251",2017,196,"Laminaria East","Cook Bay","poll",35,365,3758,10.8
"252",2017,196,"Laminaria East","Cook Bay","poll",41,365,3758,10.8
"253",2017,196,"Laminaria East","Cook Bay","poll",38,365,3758,10.8
"254",2017,196,"Laminaria East","Cook Bay","poll",40,365,3758,10.8
"255",2017,196,"Laminaria East","Cook Bay","poll",42,365,3758,10.8
"256",2017,196,"Laminaria East","Cook Bay","poll",38,365,3758,10.8
"257",2017,196,"Laminaria East","Cook Bay","poll",41,365,3758,10.8
"258",2017,196,"Laminaria East","Cook Bay","poll",40,365,3758,10.8
"259",2017,196,"Laminaria East","Cook Bay","poll",35,365,3758,10.8
"260",2017,196,"Laminaria East","Cook Bay","poll",42,365,3758,10.8
"261",2017,196,"Laminaria East","Cook Bay","poll",40,365,3758,10.8
"262",2017,196,"Laminaria East","Cook Bay","poll",36,365,3758,10.8
"263",2017,196,"Laminaria East","Cook Bay","poll",42,365,3758,10.8
"264",2017,196,"Laminaria East","Cook Bay","poll",37,365,3758,10.8
"265",2017,196,"Laminaria East","Cook Bay","poll",39,365,3758,10.8
"266",2017,196,"Laminaria East","Cook Bay","poll",42,365,3758,10.8
"267",2017,196,"Laminaria East","Cook Bay","poll",34,365,3758,10.8
"268",2017,196,"Laminaria East","Cook Bay","poll",44,365,3758,10.8
"269",2017,196,"Laminaria East","Cook Bay","poll",41,365,3758,10.8
"270",2017,196,"Laminaria East","Cook Bay","poll",36,365,3758,10.8
"271",2017,196,"Laminaria East","Cook Bay","poll",48,365,3758,10.8
"272",2017,196,"Laminaria East","Cook Bay","poll",33,365,3758,10.8
"273",2020,184,"Eelgrass West","Cook Bay","poll",40,212,220,10.6
"274",2020,184,"Eelgrass West","Cook Bay","poll",44,212,220,10.6
"275",2020,184,"Eelgrass West","Cook Bay","poll",46,212,220,10.6
"276",2020,184,"Eelgrass West","Cook Bay","poll",47,212,220,10.6
"277",2020,184,"Eelgrass West","Cook Bay","poll",43,212,220,10.6
"278",2020,184,"Eelgrass West","Cook Bay","poll",47,212,220,10.6
"279",2020,184,"Eelgrass West","Cook Bay","poll",49,212,220,10.6
"280",2020,184,"Eelgrass West","Cook Bay","poll",46,212,220,10.6
"281",2020,184,"Eelgrass West","Cook Bay","poll",44,212,220,10.6
"282",2020,184,"Eelgrass West","Cook Bay","poll",47,212,220,10.6
"283",2020,184,"Eelgrass West","Cook Bay","poll",48,212,220,10.6
"284",2020,184,"Eelgrass West","Cook Bay","poll",47,212,220,10.6
"285",2020,184,"Eelgrass West","Cook Bay","poll",50,212,220,10.6
"286",2020,184,"Eelgrass West","Cook Bay","poll",52,212,220,10.6
"287",2020,184,"Eelgrass West","Cook Bay","poll",45,212,220,10.6
"288",2020,184,"Eelgrass West","Cook Bay","poll",47,212,220,10.6
"289",2020,184,"Eelgrass West","Cook Bay","poll",46,212,220,10.6
"290",2020,184,"Eelgrass West","Cook Bay","poll",52,212,220,10.6
"291",2020,184,"Eelgrass West","Cook Bay","poll",54,212,220,10.6
"292",2020,184,"Eelgrass West","Cook Bay","poll",50,212,220,10.6
"293",2020,184,"Eelgrass West","Cook Bay","poll",45,212,220,10.6
"294",2020,184,"Eelgrass West","Cook Bay","poll",46,212,220,10.6
"295",2020,184,"Eelgrass West","Cook Bay","poll",49,212,220,10.6
"296",2020,184,"Eelgrass West","Cook Bay","poll",53,212,220,10.6
"297",2020,184,"Eelgrass West","Cook Bay","poll",45,212,220,10.6
"298",2020,184,"Eelgrass West","Cook Bay","poll",41,212,220,10.6
"299",2020,184,"Eelgrass West","Cook Bay","poll",42,212,220,10.6
"300",2020,184,"Eelgrass West","Cook Bay","poll",38,212,220,10.6
"301",2020,184,"Eelgrass West","Cook Bay","poll",45,212,220,10.6
"302",2020,184,"Eelgrass West","Cook Bay","poll",49,212,220,10.6
"303",2020,184,"Eelgrass West","Cook Bay","poll",51,212,220,10.6
"304",2020,184,"Eelgrass West","Cook Bay","poll",48,212,220,10.6
"305",2020,184,"Eelgrass West","Cook Bay","poll",46,212,220,10.6
"306",2020,184,"Eelgrass West","Cook Bay","poll",45,212,220,10.6
"307",2020,184,"Eelgrass West","Cook Bay","poll",45,212,220,10.6
"308",2020,184,"Eelgrass South","Cook Bay","poll",51,370,55,10.3
"309",2020,184,"Eelgrass South","Cook Bay","poll",45,370,55,10.3
"310",2020,184,"Eelgrass South","Cook Bay","poll",42,370,55,10.3
"311",2020,184,"Eelgrass South","Cook Bay","poll",45,370,55,10.3
"312",2020,184,"Eelgrass South","Cook Bay","poll",46,370,55,10.3
"313",2020,184,"Eelgrass South","Cook Bay","poll",39,370,55,10.3
"314",2020,184,"Eelgrass South","Cook Bay","poll",45,370,55,10.3
"315",2020,184,"Eelgrass South","Cook Bay","poll",40,370,55,10.3
"316",2020,184,"Eelgrass South","Cook Bay","poll",42,370,55,10.3
"317",2020,184,"Eelgrass South","Cook Bay","poll",41,370,55,10.3
"318",2020,184,"Eelgrass South","Cook Bay","poll",38,370,55,10.3
"319",2020,233,"Laminaria Point","Anton Larson Bay","poll",90,0,2,12.4
"320",2020,233,"Laminaria Point","Anton Larson Bay","poll",82,0,2,12.4
"321",2020,233,"Back Bay eelgrass","Anton Larson Bay","poll",95,0,1,13.3
"322",2020,233,"Eelgrass patches","Anton Larson Bay","poll",82,4,2,14
"323",2020,233,"Eelgrass patches","Anton Larson Bay","poll",71,4,2,14
"324",2018,197,"AG-3","Agripina","poll",47,643,2,10.6
"325",2018,197,"AG-3","Agripina","poll",44,643,2,10.6
"326",2018,197,"AG-4","Agripina","poll",41,835,1,11.8
"327",2018,197,"AG-5","Agripina","poll",43,807,6,12
"328",2018,197,"AG-5","Agripina","poll",45,807,6,12
"329",2018,197,"AG-5","Agripina","poll",38,807,6,12
"330",2018,197,"AG-5","Agripina","poll",49,807,6,12
"331",2018,197,"AG-5","Agripina","poll",44,807,6,12
"332",2018,197,"AG-5","Agripina","poll",46,807,6,12
"333",2018,198,"PW-1","Port Wrangell","poll",43,558,3144,8.6
"334",2018,198,"PW-1","Port Wrangell","poll",36,558,3144,8.6
"335",2018,198,"PW-1","Port Wrangell","poll",42,558,3144,8.6
"336",2018,198,"PW-1","Port Wrangell","poll",41,558,3144,8.6
"337",2018,198,"PW-1","Port Wrangell","poll",42,558,3144,8.6
"338",2018,198,"PW-1","Port Wrangell","poll",43,558,3144,8.6
"339",2018,198,"PW-1","Port Wrangell","poll",49,558,3144,8.6
"340",2018,198,"PW-1","Port Wrangell","poll",41,558,3144,8.6
"341",2018,198,"PW-1","Port Wrangell","poll",45,558,3144,8.6
"342",2018,198,"PW-1","Port Wrangell","poll",44,558,3144,8.6
"343",2018,198,"PW-1","Port Wrangell","poll",39,558,3144,8.6
"344",2018,198,"PW-1","Port Wrangell","poll",40,558,3144,8.6
"345",2018,198,"PW-1","Port Wrangell","poll",41,558,3144,8.6
"346",2018,198,"PW-1","Port Wrangell","poll",42,558,3144,8.6
"347",2018,198,"PW-1","Port Wrangell","poll",37,558,3144,8.6
"348",2018,198,"PW-1","Port Wrangell","poll",34,558,3144,8.6
"349",2018,198,"PW-1","Port Wrangell","poll",41,558,3144,8.6
"350",2018,198,"PW-1","Port Wrangell","poll",40,558,3144,8.6
"351",2018,198,"PW-1","Port Wrangell","poll",51,558,3144,8.6
"352",2018,198,"PW-1","Port Wrangell","poll",46,558,3144,8.6
"353",2018,198,"PW-1","Port Wrangell","poll",46,558,3144,8.6
"354",2018,198,"PW-1","Port Wrangell","poll",41,558,3144,8.6
"355",2018,198,"PW-1","Port Wrangell","poll",41,558,3144,8.6
"356",2018,198,"PW-1","Port Wrangell","poll",42,558,3144,8.6
"357",2018,198,"PW-1","Port Wrangell","poll",40,558,3144,8.6
"358",2018,198,"PW-1","Port Wrangell","poll",40,558,3144,8.6
"359",2018,198,"PW-1","Port Wrangell","poll",39,558,3144,8.6
"360",2018,198,"PW-1","Port Wrangell","poll",46,558,3144,8.6
"361",2018,198,"PW-1","Port Wrangell","poll",42,558,3144,8.6
"362",2018,198,"PW-1","Port Wrangell","poll",38,558,3144,8.6
"363",2018,198,"PW-1","Port Wrangell","poll",40,558,3144,8.6
"364",2018,198,"PW-1","Port Wrangell","poll",41,558,3144,8.6
"365",2018,198,"PW-1","Port Wrangell","poll",47,558,3144,8.6
"366",2018,198,"PW-1","Port Wrangell","poll",42,558,3144,8.6
"367",2018,198,"PW-1","Port Wrangell","poll",46,558,3144,8.6
"368",2018,198,"PW-1","Port Wrangell","poll",41,558,3144,8.6
"369",2018,198,"PW-1","Port Wrangell","poll",41,558,3144,8.6
"370",2018,198,"PW-1","Port Wrangell","poll",40,558,3144,8.6
"371",2018,198,"PW-1","Port Wrangell","poll",42,558,3144,8.6
"372",2018,198,"PW-1","Port Wrangell","poll",40,558,3144,8.6
"373",2018,198,"PW-1","Port Wrangell","poll",39,558,3144,8.6
"374",2018,198,"PW-1","Port Wrangell","poll",41,558,3144,8.6
"375",2018,198,"PW-1","Port Wrangell","poll",42,558,3144,8.6
"376",2018,198,"PW-1","Port Wrangell","poll",39,558,3144,8.6
"377",2018,198,"PW-1","Port Wrangell","poll",44,558,3144,8.6
"378",2018,198,"PW-1","Port Wrangell","poll",37,558,3144,8.6
"379",2018,198,"PW-1","Port Wrangell","poll",44,558,3144,8.6
"380",2018,198,"PW-1","Port Wrangell","poll",46,558,3144,8.6
"381",2018,198,"PW-2","Port Wrangell","poll",41,552,3630,8.7
"382",2018,198,"PW-2","Port Wrangell","poll",43,552,3630,8.7
"383",2018,198,"PW-2","Port Wrangell","poll",44,552,3630,8.7
"384",2018,198,"PW-2","Port Wrangell","poll",51,552,3630,8.7
"385",2018,198,"PW-2","Port Wrangell","poll",46,552,3630,8.7
"386",2018,198,"PW-2","Port Wrangell","poll",43,552,3630,8.7
"387",2018,198,"PW-2","Port Wrangell","poll",44,552,3630,8.7
"388",2018,198,"PW-2","Port Wrangell","poll",42,552,3630,8.7
"389",2018,198,"PW-2","Port Wrangell","poll",43,552,3630,8.7
"390",2018,198,"PW-2","Port Wrangell","poll",42,552,3630,8.7
"391",2018,198,"PW-2","Port Wrangell","poll",42,552,3630,8.7
"392",2018,198,"PW-2","Port Wrangell","poll",46,552,3630,8.7
"393",2018,198,"PW-2","Port Wrangell","poll",41,552,3630,8.7
"394",2018,198,"PW-2","Port Wrangell","poll",44,552,3630,8.7
"395",2018,198,"PW-2","Port Wrangell","poll",43,552,3630,8.7
"396",2018,198,"PW-2","Port Wrangell","poll",38,552,3630,8.7
"397",2018,198,"PW-2","Port Wrangell","poll",46,552,3630,8.7
"398",2018,198,"PW-2","Port Wrangell","poll",41,552,3630,8.7
"399",2018,198,"PW-2","Port Wrangell","poll",43,552,3630,8.7
"400",2018,198,"PW-2","Port Wrangell","poll",41,552,3630,8.7
"401",2018,198,"PW-2","Port Wrangell","poll",41,552,3630,8.7
"402",2018,198,"PW-2","Port Wrangell","poll",42,552,3630,8.7
"403",2018,198,"PW-2","Port Wrangell","poll",50,552,3630,8.7
"404",2018,198,"PW-2","Port Wrangell","poll",41,552,3630,8.7
"405",2018,198,"PW-2","Port Wrangell","poll",39,552,3630,8.7
"406",2018,198,"PW-2","Port Wrangell","poll",42,552,3630,8.7
"407",2018,198,"PW-2","Port Wrangell","poll",42,552,3630,8.7
"408",2018,198,"PW-2","Port Wrangell","poll",46,552,3630,8.7
"409",2018,198,"PW-2","Port Wrangell","poll",45,552,3630,8.7
"410",2018,198,"PW-2","Port Wrangell","poll",45,552,3630,8.7
"411",2018,198,"PW-2","Port Wrangell","poll",46,552,3630,8.7
"412",2018,198,"PW-2","Port Wrangell","poll",45,552,3630,8.7
"413",2018,198,"PW-2","Port Wrangell","poll",49,552,3630,8.7
"414",2018,198,"PW-2","Port Wrangell","poll",41,552,3630,8.7
"415",2018,198,"PW-2","Port Wrangell","poll",44,552,3630,8.7
"416",2018,198,"PW-2","Port Wrangell","poll",43,552,3630,8.7
"417",2018,198,"PW-2","Port Wrangell","poll",38,552,3630,8.7
"418",2018,198,"PW-2","Port Wrangell","poll",43,552,3630,8.7
"419",2018,198,"PW-2","Port Wrangell","poll",42,552,3630,8.7
"420",2018,198,"PW-2","Port Wrangell","poll",43,552,3630,8.7
"421",2018,198,"PW-2","Port Wrangell","poll",45,552,3630,8.7
"422",2018,198,"PW-2","Port Wrangell","poll",48,552,3630,8.7
"423",2018,198,"PW-2","Port Wrangell","poll",42,552,3630,8.7
"424",2018,198,"PW-2","Port Wrangell","poll",49,552,3630,8.7
"425",2018,198,"PW-2","Port Wrangell","poll",44,552,3630,8.7
"426",2018,198,"PW-2","Port Wrangell","poll",41,552,3630,8.7
"427",2018,198,"PW-2","Port Wrangell","poll",39,552,3630,8.7
"428",2018,198,"PW-2","Port Wrangell","poll",48,552,3630,8.7
"429",2018,198,"PW-2","Port Wrangell","poll",43,552,3630,8.7
"430",2018,198,"PW-2","Port Wrangell","poll",44,552,3630,8.7
"431",2018,198,"PW-2","Port Wrangell","poll",49,552,3630,8.7
"432",2018,198,"PW-2","Port Wrangell","poll",48,552,3630,8.7
"433",2018,198,"PW-2","Port Wrangell","poll",47,552,3630,8.7
"434",2018,198,"PW-2","Port Wrangell","poll",40,552,3630,8.7
"435",2018,198,"PW-2","Port Wrangell","poll",45,552,3630,8.7
"436",2018,198,"PW-2","Port Wrangell","poll",47,552,3630,8.7
"437",2018,198,"PW-2","Port Wrangell","poll",42,552,3630,8.7
"438",2018,198,"PW-2","Port Wrangell","poll",46,552,3630,8.7
"439",2018,198,"PW-2","Port Wrangell","poll",45,552,3630,8.7
"440",2018,198,"PW-2","Port Wrangell","poll",45,552,3630,8.7
"441",2018,198,"PW-2","Port Wrangell","poll",44,552,3630,8.7
"442",2018,198,"PW-2","Port Wrangell","poll",45,552,3630,8.7
"443",2018,198,"PW-2","Port Wrangell","poll",40,552,3630,8.7
"444",2018,198,"PW-2","Port Wrangell","poll",41,552,3630,8.7
"445",2018,198,"PW-2","Port Wrangell","poll",38,552,3630,8.7
"446",2018,198,"PW-2","Port Wrangell","poll",42,552,3630,8.7
"447",2018,198,"PW-2","Port Wrangell","poll",42,552,3630,8.7
"448",2018,198,"PW-2","Port Wrangell","poll",46,552,3630,8.7
"449",2018,198,"PW-2","Port Wrangell","poll",48,552,3630,8.7
"450",2018,198,"PW-2","Port Wrangell","poll",41,552,3630,8.7
"451",2018,198,"PW-3","Port Wrangell","poll",43,477,2277,9.5
"452",2018,198,"PW-3","Port Wrangell","poll",41,477,2277,9.5
"453",2018,198,"PW-3","Port Wrangell","poll",45,477,2277,9.5
"454",2018,198,"PW-3","Port Wrangell","poll",44,477,2277,9.5
"455",2018,198,"PW-3","Port Wrangell","poll",40,477,2277,9.5
"456",2018,198,"PW-3","Port Wrangell","poll",41,477,2277,9.5
"457",2018,198,"PW-3","Port Wrangell","poll",41,477,2277,9.5
"458",2018,198,"PW-3","Port Wrangell","poll",43,477,2277,9.5
"459",2018,198,"PW-3","Port Wrangell","poll",46,477,2277,9.5
"460",2018,198,"PW-3","Port Wrangell","poll",48,477,2277,9.5
"461",2018,198,"PW-3","Port Wrangell","poll",46,477,2277,9.5
"462",2018,198,"PW-3","Port Wrangell","poll",42,477,2277,9.5
"463",2018,198,"PW-3","Port Wrangell","poll",43,477,2277,9.5
"464",2018,198,"PW-3","Port Wrangell","poll",45,477,2277,9.5
"465",2018,198,"PW-3","Port Wrangell","poll",43,477,2277,9.5
"466",2018,198,"PW-3","Port Wrangell","poll",47,477,2277,9.5
"467",2018,198,"PW-3","Port Wrangell","poll",40,477,2277,9.5
"468",2018,198,"PW-3","Port Wrangell","poll",41,477,2277,9.5
"469",2018,198,"PW-3","Port Wrangell","poll",41,477,2277,9.5
"470",2018,198,"PW-3","Port Wrangell","poll",40,477,2277,9.5
"471",2018,198,"PW-3","Port Wrangell","poll",46,477,2277,9.5
"472",2018,198,"PW-3","Port Wrangell","poll",47,477,2277,9.5
"473",2018,198,"PW-3","Port Wrangell","poll",41,477,2277,9.5
"474",2018,198,"PW-3","Port Wrangell","poll",46,477,2277,9.5
"475",2018,198,"PW-3","Port Wrangell","poll",40,477,2277,9.5
"476",2018,198,"PW-3","Port Wrangell","poll",40,477,2277,9.5
"477",2018,198,"PW-3","Port Wrangell","poll",41,477,2277,9.5
"478",2018,198,"PW-3","Port Wrangell","poll",43,477,2277,9.5
"479",2018,198,"PW-3","Port Wrangell","poll",42,477,2277,9.5
"480",2018,198,"PW-4","Port Wrangell","poll",47,311,8,11.2
"481",2018,198,"PW-4","Port Wrangell","poll",41,311,8,11.2
"482",2018,198,"PW-4","Port Wrangell","poll",45,311,8,11.2
"483",2018,198,"PW-4","Port Wrangell","poll",46,311,8,11.2
"484",2018,198,"PW-4","Port Wrangell","poll",39,311,8,11.2
"485",2018,198,"PW-4","Port Wrangell","poll",40,311,8,11.2
"486",2018,198,"PW-4","Port Wrangell","poll",34,311,8,11.2
"487",2018,198,"PW-4","Port Wrangell","poll",43,311,8,11.2
"488",2018,203,"Mit-1","Mitrofania","poll",182,75,135,9.5
"489",2018,203,"Mit-1","Mitrofania","poll",161,75,135,9.5
"490",2018,203,"Mit-1","Mitrofania","poll",130,75,135,9.5
"491",2018,203,"Mit-1","Mitrofania","poll",196,75,135,9.5
"492",2018,203,"Mit-1","Mitrofania","poll",178,75,135,9.5
"493",2018,203,"Mit-1","Mitrofania","poll",156,75,135,9.5
"494",2018,203,"Mit-1","Mitrofania","poll",170,75,135,9.5
"495",2018,203,"Mit-1","Mitrofania","poll",164,75,135,9.5
"496",2018,203,"Mit-1","Mitrofania","poll",161,75,135,9.5
"497",2018,203,"Mit-1","Mitrofania","poll",165,75,135,9.5
"498",2018,203,"Mit-1","Mitrofania","poll",171,75,135,9.5
"499",2018,203,"Mit-1","Mitrofania","poll",178,75,135,9.5
"500",2018,203,"Mit-1","Mitrofania","poll",161,75,135,9.5
"501",2018,203,"Mit-1","Mitrofania","poll",170,75,135,9.5
"502",2018,203,"Mit-1","Mitrofania","poll",163,75,135,9.5
"503",2018,203,"Mit-1","Mitrofania","poll",168,75,135,9.5
"504",2018,203,"Mit-1","Mitrofania","poll",56,75,135,9.5
"505",2018,203,"Mit-1","Mitrofania","poll",143,75,135,9.5
"506",2018,203,"Mit-1","Mitrofania","poll",156,75,135,9.5
"507",2018,203,"Mit-1","Mitrofania","poll",190,75,135,9.5
"508",2018,203,"Mit-1","Mitrofania","poll",55,75,135,9.5
"509",2018,203,"Mit-2","Mitrofania","poll",54,72,10,9.7
"510",2018,203,"Mit-2","Mitrofania","poll",50,72,10,9.7
"511",2018,203,"Mit-2","Mitrofania","poll",53,72,10,9.7
"512",2018,203,"Mit-2","Mitrofania","poll",52,72,10,9.7
"513",2018,203,"Mit-2","Mitrofania","poll",57,72,10,9.7
"514",2018,203,"Mit-2","Mitrofania","poll",56,72,10,9.7
"515",2018,203,"Mit-2","Mitrofania","poll",52,72,10,9.7
"516",2018,203,"Mit-2","Mitrofania","poll",51,72,10,9.7
"517",2018,203,"Mit-2","Mitrofania","poll",29,72,10,9.7
"518",2018,203,"Mit-2","Mitrofania","poll",61,72,10,9.7
"519",2018,203,"Mit-3","Mitrofania","poll",62,55,2,10.9
"520",2018,203,"Mit-3","Mitrofania","poll",63,55,2,10.9
"521",2018,203,"Mit-4","Mitrofania","poll",55,131,5,10.5
"522",2018,203,"Mit-4","Mitrofania","poll",51,131,5,10.5
"523",2018,203,"Mit-4","Mitrofania","poll",48,131,5,10.5
"524",2018,203,"Mit-4","Mitrofania","poll",53,131,5,10.5
"525",2018,203,"Mit-4","Mitrofania","poll",54,131,5,10.5
"526",2018,203,"Mit-5","Mitrofania","poll",61,123,3,10.1
"527",2018,203,"Mit-5","Mitrofania","poll",43,123,3,10.1
"528",2018,203,"Mit-5","Mitrofania","poll",60,123,3,10.1
"529",2018,203,"Mit-6","Mitrofania","poll",60,16,208,10.5
"530",2018,203,"Mit-6","Mitrofania","poll",54,16,208,10.5
"531",2018,203,"Mit-6","Mitrofania","poll",63,16,208,10.5
"532",2018,203,"Mit-6","Mitrofania","poll",56,16,208,10.5
"533",2018,203,"Mit-6","Mitrofania","poll",47,16,208,10.5
"534",2018,203,"Mit-6","Mitrofania","poll",55,16,208,10.5
"535",2018,203,"Mit-6","Mitrofania","poll",51,16,208,10.5
"536",2018,203,"Mit-6","Mitrofania","poll",60,16,208,10.5
"537",2018,203,"Mit-6","Mitrofania","poll",54,16,208,10.5
"538",2018,203,"Mit-6","Mitrofania","poll",63,16,208,10.5
"539",2018,203,"Mit-6","Mitrofania","poll",60,16,208,10.5
"540",2018,203,"Mit-6","Mitrofania","poll",58,16,208,10.5
"541",2018,203,"Mit-6","Mitrofania","poll",60,16,208,10.5
"542",2018,203,"Mit-6","Mitrofania","poll",63,16,208,10.5
"543",2018,203,"Mit-6","Mitrofania","poll",56,16,208,10.5
"544",2018,203,"Mit-6","Mitrofania","poll",50,16,208,10.5
"545",2018,203,"Mit-6","Mitrofania","poll",56,16,208,10.5
"546",2018,203,"Mit-6","Mitrofania","poll",56,16,208,10.5
"547",2018,203,"Mit-6","Mitrofania","poll",53,16,208,10.5
"548",2018,203,"Mit-6","Mitrofania","poll",55,16,208,10.5
"549",2018,203,"Mit-6","Mitrofania","poll",47,16,208,10.5
"550",2018,203,"Mit-6","Mitrofania","poll",52,16,208,10.5
"551",2018,203,"Mit-6","Mitrofania","poll",45,16,208,10.5
"552",2018,203,"Mit-6","Mitrofania","poll",53,16,208,10.5
"553",2018,203,"Mit-6","Mitrofania","poll",50,16,208,10.5
"554",2018,203,"Mit-6","Mitrofania","poll",56,16,208,10.5
"555",2018,203,"Mit-6","Mitrofania","poll",56,16,208,10.5
"556",2018,205,"Fox-1","Fox","poll",154,389,7,9.3
"557",2018,205,"Fox-1","Fox","poll",140,389,7,9.3
"558",2018,205,"Fox-1","Fox","poll",121,389,7,9.3
"559",2018,205,"Fox-1","Fox","poll",139,389,7,9.3
"560",2018,205,"Fox-1","Fox","poll",158,389,7,9.3
"561",2018,205,"Fox-1","Fox","poll",152,389,7,9.3
"562",2018,205,"Fox-1","Fox","poll",160,389,7,9.3
"563",2018,205,"Fox-2","Fox","poll",59,129,1,9.7
"564",2018,210,"Fal-3","Falmouth","poll",42,118,1,9.1
"565",2018,211,"Fal-4","Falmouth","poll",48,1324,44,9.3
"566",2018,211,"Fal-4","Falmouth","poll",43,1324,44,9.3
"567",2018,211,"Fal-4","Falmouth","poll",51,1324,44,9.3
"568",2018,211,"Fal-4","Falmouth","poll",47,1324,44,9.3
"569",2018,211,"Fal-4","Falmouth","poll",56,1324,44,9.3
"570",2018,211,"Fal-4","Falmouth","poll",52,1324,44,9.3
"571",2018,211,"Fal-4","Falmouth","poll",44,1324,44,9.3
"572",2018,219,"Fox-1","Fox","poll",162,147,2,14.3
"573",2018,219,"Fox-1","Fox","poll",172,147,2,14.3
"574",2018,221,"Mit-1","Mitrofania","poll",68,172,87,10.5
"575",2018,221,"Mit-1","Mitrofania","poll",66,172,87,10.5
"576",2018,221,"Mit-1","Mitrofania","poll",64,172,87,10.5
"577",2018,221,"Mit-1","Mitrofania","poll",66,172,87,10.5
"578",2018,221,"Mit-1","Mitrofania","poll",67,172,87,10.5
"579",2018,221,"Mit-1","Mitrofania","poll",65,172,87,10.5
"580",2018,221,"Mit-1","Mitrofania","poll",72,172,87,10.5
"581",2018,221,"Mit-1","Mitrofania","poll",56,172,87,10.5
"582",2018,221,"Mit-1","Mitrofania","poll",67,172,87,10.5
"583",2018,221,"Mit-1","Mitrofania","poll",68,172,87,10.5
"584",2018,221,"Mit-1","Mitrofania","poll",64,172,87,10.5
"585",2018,221,"Mit-1","Mitrofania","poll",71,172,87,10.5
"586",2018,221,"Mit-1","Mitrofania","poll",69,172,87,10.5
"587",2018,221,"Mit-1","Mitrofania","poll",72,172,87,10.5
"588",2018,221,"Mit-2","Mitrofania","poll",166,19,33,11.6
"589",2018,221,"Mit-2","Mitrofania","poll",71,19,33,11.6
"590",2018,221,"Mit-2","Mitrofania","poll",66,19,33,11.6
"591",2018,221,"Mit-2","Mitrofania","poll",68,19,33,11.6
"592",2018,221,"Mit-2","Mitrofania","poll",66,19,33,11.6
"593",2018,221,"Mit-2","Mitrofania","poll",65,19,33,11.6
"594",2018,221,"Mit-2","Mitrofania","poll",66,19,33,11.6
"595",2018,221,"Mit-2","Mitrofania","poll",68,19,33,11.6
"596",2018,221,"Mit-2","Mitrofania","poll",63,19,33,11.6
"597",2018,221,"Mit-2","Mitrofania","poll",64,19,33,11.6
"598",2018,221,"Mit-2","Mitrofania","poll",56,19,33,11.6
"599",2018,221,"Mit-2","Mitrofania","poll",60,19,33,11.6
"600",2018,221,"Mit-2","Mitrofania","poll",65,19,33,11.6
"601",2018,221,"Mit-2","Mitrofania","poll",61,19,33,11.6
"602",2018,221,"Mit-2","Mitrofania","poll",70,19,33,11.6
"603",2018,221,"Mit-2","Mitrofania","poll",65,19,33,11.6
"604",2018,221,"Mit-2","Mitrofania","poll",56,19,33,11.6
"605",2018,221,"Mit-2","Mitrofania","poll",61,19,33,11.6
"606",2018,221,"Mit-2","Mitrofania","poll",68,19,33,11.6
"607",2018,221,"Mit-3","Mitrofania","poll",65,309,26,11.6
"608",2018,221,"Mit-3","Mitrofania","poll",68,309,26,11.6
"609",2018,221,"Mit-3","Mitrofania","poll",65,309,26,11.6
"610",2018,221,"Mit-3","Mitrofania","poll",63,309,26,11.6
"611",2018,221,"Mit-3","Mitrofania","poll",68,309,26,11.6
"612",2018,221,"Mit-3","Mitrofania","poll",71,309,26,11.6
"613",2018,221,"Mit-3","Mitrofania","poll",64,309,26,11.6
"614",2018,221,"Mit-3","Mitrofania","poll",57,309,26,11.6
"615",2018,221,"Mit-3","Mitrofania","poll",62,309,26,11.6
"616",2018,221,"Mit-3","Mitrofania","poll",62,309,26,11.6
"617",2018,221,"Mit-3","Mitrofania","poll",63,309,26,11.6
"618",2018,221,"Mit-3","Mitrofania","poll",64,309,26,11.6
"619",2018,221,"Mit-3","Mitrofania","poll",61,309,26,11.6
"620",2018,221,"Mit-3","Mitrofania","poll",60,309,26,11.6
"621",2018,221,"Mit-3","Mitrofania","poll",60,309,26,11.6
"622",2018,221,"Mit-3","Mitrofania","poll",68,309,26,11.6
"623",2018,221,"Mit-3","Mitrofania","poll",60,309,26,11.6
"624",2018,221,"Mit-3","Mitrofania","poll",55,309,26,11.6
"625",2018,221,"Mit-3","Mitrofania","poll",64,309,26,11.6
"626",2018,221,"Mit-3","Mitrofania","poll",66,309,26,11.6
"627",2018,221,"Mit-3","Mitrofania","poll",63,309,26,11.6
"628",2018,221,"Mit-3","Mitrofania","poll",57,309,26,11.6
"629",2018,221,"Mit-3","Mitrofania","poll",61,309,26,11.6
"630",2018,221,"Mit-3","Mitrofania","poll",66,309,26,11.6
"631",2018,221,"Mit-3","Mitrofania","poll",57,309,26,11.6
"632",2018,221,"Mit-3","Mitrofania","poll",50,309,26,11.6
"633",2018,221,"Mit-6","Mitrofania","poll",71,8,69,12.5
"634",2018,221,"Mit-6","Mitrofania","poll",59,8,69,12.5
"635",2018,221,"Mit-6","Mitrofania","poll",59,8,69,12.5
"636",2018,221,"Mit-6","Mitrofania","poll",78,8,69,12.5
"637",2018,221,"Mit-6","Mitrofania","poll",71,8,69,12.5
"638",2018,221,"Mit-6","Mitrofania","poll",75,8,69,12.5
"639",2018,221,"Mit-6","Mitrofania","poll",59,8,69,12.5
"640",2018,221,"Mit-6","Mitrofania","poll",68,8,69,12.5
"641",2018,221,"Mit-6","Mitrofania","poll",65,8,69,12.5
"642",2018,221,"Mit-6","Mitrofania","poll",65,8,69,12.5
"643",2018,221,"Mit-6","Mitrofania","poll",62,8,69,12.5
"644",2018,221,"Mit-6","Mitrofania","poll",57,8,69,12.5
"645",2018,221,"Mit-6","Mitrofania","poll",61,8,69,12.5
"646",2018,221,"Mit-6","Mitrofania","poll",60,8,69,12.5
"647",2018,221,"Mit-6","Mitrofania","poll",62,8,69,12.5
"648",2018,221,"Mit-6","Mitrofania","poll",63,8,69,12.5
"649",2018,221,"Mit-6","Mitrofania","poll",61,8,69,12.5
"650",2018,221,"Mit-6","Mitrofania","poll",55,8,69,12.5
"651",2018,221,"Mit-6","Mitrofania","poll",67,8,69,12.5
"652",2018,221,"Mit-6","Mitrofania","poll",58,8,69,12.5
"653",2018,221,"Mit-6","Mitrofania","poll",66,8,69,12.5
"654",2018,221,"Mit-6","Mitrofania","poll",59,8,69,12.5
"655",2018,221,"Mit-6","Mitrofania","poll",62,8,69,12.5
"656",2018,221,"Mit-6","Mitrofania","poll",63,8,69,12.5
"657",2018,221,"Mit-6","Mitrofania","poll",87,8,69,12.5
"658",2018,221,"Mit-6","Mitrofania","poll",64,8,69,12.5
"659",2018,221,"Mit-6","Mitrofania","poll",63,8,69,12.5
"660",2018,221,"Mit-6","Mitrofania","poll",62,8,69,12.5
"661",2018,221,"Mit-6","Mitrofania","poll",63,8,69,12.5
"662",2018,221,"Mit-6","Mitrofania","poll",66,8,69,12.5
"663",2018,221,"Mit-6","Mitrofania","poll",61,8,69,12.5
"664",2018,221,"Mit-6","Mitrofania","poll",61,8,69,12.5
"665",2018,221,"Mit-6","Mitrofania","poll",57,8,69,12.5
"666",2018,221,"Mit-4","Mitrofania","poll",64,6,3,12.4
"667",2018,221,"Mit-4","Mitrofania","poll",61,6,3,12.4
"668",2018,221,"Mit-4","Mitrofania","poll",69,6,3,12.4
"669",2018,226,"PW-1","Port Wrangell","poll",54,263,2,7.5
"670",2018,226,"PW-1","Port Wrangell","poll",53,263,2,7.5
"671",2018,226,"PW-4","Port Wrangell","poll",52,459,2172,9.1
"672",2018,226,"PW-4","Port Wrangell","poll",60,459,2172,9.1
"673",2018,226,"PW-4","Port Wrangell","poll",53,459,2172,9.1
"674",2018,226,"PW-4","Port Wrangell","poll",51,459,2172,9.1
"675",2018,226,"PW-4","Port Wrangell","poll",57,459,2172,9.1
"676",2018,226,"PW-4","Port Wrangell","poll",52,459,2172,9.1
"677",2018,226,"PW-4","Port Wrangell","poll",55,459,2172,9.1
"678",2018,226,"PW-4","Port Wrangell","poll",50,459,2172,9.1
"679",2018,226,"PW-4","Port Wrangell","poll",50,459,2172,9.1
"680",2018,226,"PW-4","Port Wrangell","poll",58,459,2172,9.1
"681",2018,226,"PW-4","Port Wrangell","poll",55,459,2172,9.1
"682",2018,226,"PW-4","Port Wrangell","poll",62,459,2172,9.1
"683",2018,226,"PW-4","Port Wrangell","poll",62,459,2172,9.1
"684",2018,226,"PW-4","Port Wrangell","poll",59,459,2172,9.1
"685",2018,226,"PW-4","Port Wrangell","poll",55,459,2172,9.1
"686",2018,226,"PW-4","Port Wrangell","poll",53,459,2172,9.1
"687",2018,226,"PW-4","Port Wrangell","poll",54,459,2172,9.1
"688",2018,226,"PW-4","Port Wrangell","poll",57,459,2172,9.1
"689",2018,226,"PW-4","Port Wrangell","poll",60,459,2172,9.1
"690",2018,226,"PW-4","Port Wrangell","poll",58,459,2172,9.1
"691",2018,226,"PW-4","Port Wrangell","poll",65,459,2172,9.1
"692",2018,226,"PW-4","Port Wrangell","poll",57,459,2172,9.1
"693",2018,226,"PW-4","Port Wrangell","poll",55,459,2172,9.1
"694",2018,226,"PW-4","Port Wrangell","poll",55,459,2172,9.1
"695",2018,226,"PW-4","Port Wrangell","poll",54,459,2172,9.1
"696",2018,226,"PW-4","Port Wrangell","poll",51,459,2172,9.1
"697",2018,226,"PW-4","Port Wrangell","poll",65,459,2172,9.1
"698",2018,226,"PW-4","Port Wrangell","poll",57,459,2172,9.1
"699",2018,226,"PW-4","Port Wrangell","poll",60,459,2172,9.1
"700",2018,226,"PW-4","Port Wrangell","poll",56,459,2172,9.1
"701",2018,226,"PW-4","Port Wrangell","poll",59,459,2172,9.1
"702",2018,226,"PW-4","Port Wrangell","poll",59,459,2172,9.1
"703",2018,226,"PW-4","Port Wrangell","poll",51,459,2172,9.1
"704",2018,226,"PW-4","Port Wrangell","poll",58,459,2172,9.1
"705",2018,226,"PW-4","Port Wrangell","poll",53,459,2172,9.1
"706",2018,226,"PW-4","Port Wrangell","poll",55,459,2172,9.1
"707",2018,226,"PW-4","Port Wrangell","poll",57,459,2172,9.1
"708",2018,226,"PW-4","Port Wrangell","poll",51,459,2172,9.1
"709",2018,226,"PW-4","Port Wrangell","poll",52,459,2172,9.1
"710",2018,226,"PW-4","Port Wrangell","poll",61,459,2172,9.1
"711",2018,226,"PW-4","Port Wrangell","poll",52,459,2172,9.1
"712",2018,226,"PW-4","Port Wrangell","poll",55,459,2172,9.1
"713",2018,226,"PW-4","Port Wrangell","poll",53,459,2172,9.1
"714",2018,226,"PW-4","Port Wrangell","poll",55,459,2172,9.1
"715",2018,226,"PW-4","Port Wrangell","poll",52,459,2172,9.1
"716",2018,226,"PW-4","Port Wrangell","poll",56,459,2172,9.1
"717",2018,226,"PW-4","Port Wrangell","poll",53,459,2172,9.1
"718",2018,227,"AG-2","Agripina","poll",56,8,1,9.1
"719",2018,227,"AG-3","Agripina","poll",53,278,25,9.4
"720",2018,227,"AG-3","Agripina","poll",55,278,25,9.4
"721",2018,227,"AG-3","Agripina","poll",60,278,25,9.4
"722",2018,227,"AG-3","Agripina","poll",56,278,25,9.4
"723",2018,227,"AG-3","Agripina","poll",56,278,25,9.4
"724",2018,227,"AG-3","Agripina","poll",59,278,25,9.4
"725",2018,227,"AG-3","Agripina","poll",55,278,25,9.4
"726",2018,227,"AG-3","Agripina","poll",64,278,25,9.4
"727",2018,227,"AG-3","Agripina","poll",54,278,25,9.4
"728",2018,227,"AG-3","Agripina","poll",51,278,25,9.4
"729",2018,227,"AG-3","Agripina","poll",56,278,25,9.4
"730",2018,227,"AG-3","Agripina","poll",61,278,25,9.4
"731",2018,227,"AG-3","Agripina","poll",55,278,25,9.4
"732",2018,227,"AG-3","Agripina","poll",61,278,25,9.4
"733",2018,227,"AG-3","Agripina","poll",53,278,25,9.4
"734",2018,227,"AG-3","Agripina","poll",58,278,25,9.4
"735",2018,227,"AG-3","Agripina","poll",56,278,25,9.4
"736",2018,227,"AG-3","Agripina","poll",61,278,25,9.4
"737",2018,227,"AG-3","Agripina","poll",53,278,25,9.4
"738",2018,227,"AG-3","Agripina","poll",61,278,25,9.4
"739",2018,227,"AG-3","Agripina","poll",52,278,25,9.4
"740",2018,227,"AG-3","Agripina","poll",54,278,25,9.4
"741",2018,227,"AG-3","Agripina","poll",57,278,25,9.4
"742",2018,227,"AG-3","Agripina","poll",52,278,25,9.4
"743",2018,227,"AG-3","Agripina","poll",63,278,25,9.4
"744",2018,227,"AG-5","Agripina","poll",65,590,592,9.4
"745",2018,227,"AG-5","Agripina","poll",62,590,592,9.4
"746",2018,227,"AG-5","Agripina","poll",70,590,592,9.4
"747",2018,227,"AG-5","Agripina","poll",70,590,592,9.4
"748",2018,227,"AG-5","Agripina","poll",72,590,592,9.4
"749",2018,227,"AG-5","Agripina","poll",64,590,592,9.4
"750",2018,227,"AG-5","Agripina","poll",58,590,592,9.4
"751",2018,227,"AG-5","Agripina","poll",62,590,592,9.4
"752",2018,227,"AG-5","Agripina","poll",60,590,592,9.4
"753",2018,227,"AG-5","Agripina","poll",60,590,592,9.4
"754",2018,227,"AG-5","Agripina","poll",60,590,592,9.4
"755",2018,227,"AG-5","Agripina","poll",70,590,592,9.4
"756",2018,227,"AG-5","Agripina","poll",55,590,592,9.4
"757",2018,227,"AG-5","Agripina","poll",59,590,592,9.4
"758",2018,227,"AG-5","Agripina","poll",60,590,592,9.4
"759",2018,227,"AG-5","Agripina","poll",61,590,592,9.4
"760",2018,227,"AG-5","Agripina","poll",64,590,592,9.4
"761",2018,227,"AG-5","Agripina","poll",56,590,592,9.4
"762",2018,227,"AG-5","Agripina","poll",68,590,592,9.4
"763",2018,229,"RR-1","Rodman Reach","poll",73,35,3,11.8
"764",2018,229,"RR-1","Rodman Reach","poll",64,35,3,11.8
"765",2018,229,"RR-1","Rodman Reach","poll",75,35,3,11.8
"766",2018,229,"RR-4","Rodman Reach","poll",97,62,13,12.4
"767",2018,229,"RR-4","Rodman Reach","poll",75,62,13,12.4
"768",2018,229,"RR-4","Rodman Reach","poll",71,62,13,12.4
"769",2018,229,"RR-4","Rodman Reach","poll",65,62,13,12.4
"770",2018,229,"RR-4","Rodman Reach","poll",66,62,13,12.4
"771",2018,229,"RR-4","Rodman Reach","poll",67,62,13,12.4
"772",2018,229,"RR-4","Rodman Reach","poll",78,62,13,12.4
"773",2018,229,"RR-4","Rodman Reach","poll",67,62,13,12.4
"774",2018,229,"RR-4","Rodman Reach","poll",76,62,13,12.4
"775",2018,229,"RR-4","Rodman Reach","poll",71,62,13,12.4
"776",2018,229,"RR-4","Rodman Reach","poll",63,62,13,12.4
"777",2018,229,"RR-4","Rodman Reach","poll",79,62,13,12.4
"778",2018,229,"RR-4","Rodman Reach","poll",63,62,13,12.4
"779",2018,234,"Jap-6","Japanese","poll",72,459,5,11.7
"780",2018,234,"Jap-6","Japanese","poll",66,459,5,11.7
"781",2018,236,"Kai-1","Kaiugnak","poll",195,591,110,9.8
"782",2018,236,"Kai-1","Kaiugnak","poll",181,591,110,9.8
"783",2018,236,"Kai-1","Kaiugnak","poll",84,591,110,9.8
"784",2018,236,"Kai-1","Kaiugnak","poll",180,591,110,9.8
"785",2018,236,"Kai-1","Kaiugnak","poll",166,591,110,9.8
"786",2018,236,"Kai-1","Kaiugnak","poll",188,591,110,9.8
"787",2018,236,"Kai-1","Kaiugnak","poll",177,591,110,9.8
"788",2018,236,"Kai-1","Kaiugnak","poll",170,591,110,9.8
"789",2018,236,"Kai-1","Kaiugnak","poll",168,591,110,9.8
"790",2018,236,"Kai-1","Kaiugnak","poll",206,591,110,9.8
"791",2018,236,"Kai-1","Kaiugnak","poll",165,591,110,9.8
"792",2018,236,"Kai-1","Kaiugnak","poll",189,591,110,9.8
"793",2018,236,"Kai-1","Kaiugnak","poll",209,591,110,9.8
"794",2018,236,"Kai-1","Kaiugnak","poll",175,591,110,9.8
"795",2018,236,"Kai-1","Kaiugnak","poll",82,591,110,9.8
"796",2018,236,"Kai-1","Kaiugnak","poll",81,591,110,9.8
"797",2018,236,"Kai-1","Kaiugnak","poll",67,591,110,9.8
"798",2018,236,"Kai-1","Kaiugnak","poll",78,591,110,9.8
"799",2018,236,"Kai-1","Kaiugnak","poll",83,591,110,9.8
"800",2018,236,"Kai-1","Kaiugnak","poll",91,591,110,9.8
"801",2018,236,"Kai-1","Kaiugnak","poll",81,591,110,9.8
"802",2018,236,"Kai-1","Kaiugnak","poll",86,591,110,9.8
"803",2018,236,"Kai-1","Kaiugnak","poll",92,591,110,9.8
"804",2018,236,"Kai-1","Kaiugnak","poll",85,591,110,9.8
"805",2018,236,"Kai-1","Kaiugnak","poll",86,591,110,9.8
"806",2018,236,"Kai-1","Kaiugnak","poll",82,591,110,9.8
"807",2018,236,"Kai-1","Kaiugnak","poll",86,591,110,9.8
"808",2018,236,"Kai-1","Kaiugnak","poll",79,591,110,9.8
"809",2018,236,"Kai-1","Kaiugnak","poll",82,591,110,9.8
"810",2018,236,"Kai-1","Kaiugnak","poll",80,591,110,9.8
"811",2018,236,"Kai-1","Kaiugnak","poll",80,591,110,9.8
"812",2018,236,"Kai-1","Kaiugnak","poll",82,591,110,9.8
"813",2018,236,"Kai-1","Kaiugnak","poll",94,591,110,9.8
"814",2018,236,"Kai-1","Kaiugnak","poll",80,591,110,9.8
"815",2018,236,"Kai-1","Kaiugnak","poll",80,591,110,9.8
"816",2018,236,"Kai-1","Kaiugnak","poll",85,591,110,9.8
"817",2018,236,"Kai-1","Kaiugnak","poll",87,591,110,9.8
"818",2018,236,"Kai-1","Kaiugnak","poll",83,591,110,9.8
"819",2018,236,"Kai-1","Kaiugnak","poll",82,591,110,9.8
"820",2018,236,"Kai-1","Kaiugnak","poll",71,591,110,9.8
"821",2018,236,"Kai-1","Kaiugnak","poll",87,591,110,9.8
"822",2018,236,"Kai-1","Kaiugnak","poll",86,591,110,9.8
"823",2018,236,"Kai-1","Kaiugnak","poll",76,591,110,9.8
"824",2018,236,"Kai-1","Kaiugnak","poll",83,591,110,9.8
"825",2018,236,"Kai-1","Kaiugnak","poll",90,591,110,9.8
"826",2018,236,"Kai-1","Kaiugnak","poll",82,591,110,9.8
"827",2018,236,"Kai-1","Kaiugnak","poll",65,591,110,9.8
"828",2018,236,"Kai-1","Kaiugnak","poll",85,591,110,9.8
"829",2018,236,"Kai-1","Kaiugnak","poll",93,591,110,9.8
"830",2018,236,"Kai-1","Kaiugnak","poll",88,591,110,9.8
"831",2018,236,"Kai-1","Kaiugnak","poll",87,591,110,9.8
"832",2018,236,"Kai-1","Kaiugnak","poll",76,591,110,9.8
"833",2018,236,"Kai-1","Kaiugnak","poll",84,591,110,9.8
"834",2018,236,"Kai-1","Kaiugnak","poll",85,591,110,9.8
"835",2018,236,"Kai-1","Kaiugnak","poll",66,591,110,9.8
"836",2018,236,"Kai-1","Kaiugnak","poll",85,591,110,9.8
"837",2018,236,"Kai-1","Kaiugnak","poll",85,591,110,9.8
"838",2018,236,"Kai-1","Kaiugnak","poll",86,591,110,9.8
"839",2018,236,"Kai-1","Kaiugnak","poll",67,591,110,9.8
"840",2018,236,"Kai-1","Kaiugnak","poll",87,591,110,9.8
"841",2018,236,"Kai-1","Kaiugnak","poll",90,591,110,9.8
"842",2018,236,"Kai-1","Kaiugnak","poll",81,591,110,9.8
"843",2018,236,"Kai-1","Kaiugnak","poll",85,591,110,9.8
"844",2018,236,"Kai-1","Kaiugnak","poll",78,591,110,9.8
"845",2018,236,"Kai-1","Kaiugnak","poll",83,591,110,9.8
"846",2018,236,"Kai-1","Kaiugnak","poll",84,591,110,9.8
"847",2018,236,"Kai-1","Kaiugnak","poll",77,591,110,9.8
"848",2018,236,"Kai-1","Kaiugnak","poll",82,591,110,9.8
"849",2018,236,"Kai-1","Kaiugnak","poll",84,591,110,9.8
"850",2018,236,"Kai-1","Kaiugnak","poll",79,591,110,9.8
"851",2018,236,"Kai-1","Kaiugnak","poll",83,591,110,9.8
"852",2018,236,"Kai-1","Kaiugnak","poll",86,591,110,9.8
"853",2018,236,"Kai-1","Kaiugnak","poll",70,591,110,9.8
"854",2018,236,"Kai-1","Kaiugnak","poll",80,591,110,9.8
"855",2018,236,"Kai-1","Kaiugnak","poll",84,591,110,9.8
"856",2018,236,"Kai-1","Kaiugnak","poll",82,591,110,9.8
"857",2018,236,"Kai-1","Kaiugnak","poll",80,591,110,9.8
"858",2018,236,"Kai-1","Kaiugnak","poll",90,591,110,9.8
"859",2018,236,"Kai-1","Kaiugnak","poll",82,591,110,9.8
"860",2018,236,"Kai-1","Kaiugnak","poll",87,591,110,9.8
"861",2018,236,"Kai-1","Kaiugnak","poll",65,591,110,9.8
"862",2018,236,"Kai-1","Kaiugnak","poll",72,591,110,9.8
"863",2018,236,"Kai-1","Kaiugnak","poll",84,591,110,9.8
"864",2018,236,"Kai-1","Kaiugnak","poll",81,591,110,9.8
"865",2018,236,"Kai-1","Kaiugnak","poll",89,591,110,9.8
"866",2018,236,"Kai-1","Kaiugnak","poll",85,591,110,9.8
"867",2018,236,"Kai-1","Kaiugnak","poll",85,591,110,9.8
"868",2018,236,"Kai-1","Kaiugnak","poll",84,591,110,9.8
"869",2018,236,"Kai-1","Kaiugnak","poll",85,591,110,9.8
"870",2018,236,"Kai-1","Kaiugnak","poll",79,591,110,9.8
"871",2018,236,"Kai-1","Kaiugnak","poll",75,591,110,9.8
"872",2018,236,"Kai-1","Kaiugnak","poll",75,591,110,9.8
"873",2018,236,"Kai-1","Kaiugnak","poll",85,591,110,9.8
"874",2018,236,"Kai-1","Kaiugnak","poll",71,591,110,9.8
"875",2018,236,"Kai-1","Kaiugnak","poll",85,591,110,9.8
"876",2018,236,"Kai-1","Kaiugnak","poll",80,591,110,9.8
"877",2018,236,"Kai-1","Kaiugnak","poll",65,591,110,9.8
"878",2018,236,"Kai-1","Kaiugnak","poll",76,591,110,9.8
"879",2018,236,"Kai-1","Kaiugnak","poll",80,591,110,9.8
"880",2018,236,"Kai-1","Kaiugnak","poll",79,591,110,9.8
"881",2018,236,"Kai-1","Kaiugnak","poll",81,591,110,9.8
"882",2018,236,"Kai-1","Kaiugnak","poll",95,591,110,9.8
"883",2018,236,"Kai-1","Kaiugnak","poll",85,591,110,9.8
"884",2018,236,"Kai-1","Kaiugnak","poll",76,591,110,9.8
"885",2018,236,"Kai-1","Kaiugnak","poll",82,591,110,9.8
"886",2018,236,"Kai-1","Kaiugnak","poll",78,591,110,9.8
"887",2018,236,"Kai-1","Kaiugnak","poll",76,591,110,9.8
"888",2018,236,"Kai-1","Kaiugnak","poll",85,591,110,9.8
"889",2018,236,"Kai-1","Kaiugnak","poll",73,591,110,9.8
"890",2018,236,"Kai-1","Kaiugnak","poll",70,591,110,9.8
"891",2018,236,"Kai-2","Kaiugnak","poll",193,409,53,10
"892",2018,236,"Kai-2","Kaiugnak","poll",216,409,53,10
"893",2018,236,"Kai-2","Kaiugnak","poll",181,409,53,10
"894",2018,236,"Kai-2","Kaiugnak","poll",81,409,53,10
"895",2018,236,"Kai-2","Kaiugnak","poll",86,409,53,10
"896",2018,236,"Kai-2","Kaiugnak","poll",72,409,53,10
"897",2018,236,"Kai-2","Kaiugnak","poll",87,409,53,10
"898",2018,236,"Kai-2","Kaiugnak","poll",76,409,53,10
"899",2018,236,"Kai-2","Kaiugnak","poll",75,409,53,10
"900",2018,236,"Kai-2","Kaiugnak","poll",85,409,53,10
"901",2018,236,"Kai-2","Kaiugnak","poll",67,409,53,10
"902",2018,236,"Kai-2","Kaiugnak","poll",81,409,53,10
"903",2018,236,"Kai-2","Kaiugnak","poll",80,409,53,10
"904",2018,236,"Kai-2","Kaiugnak","poll",67,409,53,10
"905",2018,236,"Kai-2","Kaiugnak","poll",75,409,53,10
"906",2018,236,"Kai-2","Kaiugnak","poll",85,409,53,10
"907",2018,236,"Kai-2","Kaiugnak","poll",80,409,53,10
"908",2018,236,"Kai-2","Kaiugnak","poll",86,409,53,10
"909",2018,236,"Kai-2","Kaiugnak","poll",81,409,53,10
"910",2018,236,"Kai-2","Kaiugnak","poll",90,409,53,10
"911",2018,236,"Kai-2","Kaiugnak","poll",73,409,53,10
"912",2018,236,"Kai-2","Kaiugnak","poll",85,409,53,10
"913",2018,236,"Kai-2","Kaiugnak","poll",76,409,53,10
"914",2018,236,"Kai-2","Kaiugnak","poll",79,409,53,10
"915",2018,236,"Kai-2","Kaiugnak","poll",67,409,53,10
"916",2018,236,"Kai-2","Kaiugnak","poll",81,409,53,10
"917",2018,236,"Kai-2","Kaiugnak","poll",82,409,53,10
"918",2018,236,"Kai-2","Kaiugnak","poll",91,409,53,10
"919",2018,236,"Kai-2","Kaiugnak","poll",85,409,53,10
"920",2018,236,"Kai-2","Kaiugnak","poll",68,409,53,10
"921",2018,236,"Kai-2","Kaiugnak","poll",79,409,53,10
"922",2018,236,"Kai-2","Kaiugnak","poll",72,409,53,10
"923",2018,236,"Kai-2","Kaiugnak","poll",94,409,53,10
"924",2018,236,"Kai-2","Kaiugnak","poll",70,409,53,10
"925",2018,236,"Kai-2","Kaiugnak","poll",81,409,53,10
"926",2018,236,"Kai-2","Kaiugnak","poll",75,409,53,10
"927",2018,236,"Kai-2","Kaiugnak","poll",71,409,53,10
"928",2018,236,"Kai-2","Kaiugnak","poll",85,409,53,10
"929",2018,236,"Kai-2","Kaiugnak","poll",82,409,53,10
"930",2018,236,"Kai-2","Kaiugnak","poll",85,409,53,10
"931",2018,236,"Kai-2","Kaiugnak","poll",89,409,53,10
"932",2018,236,"Kai-2","Kaiugnak","poll",85,409,53,10
"933",2018,236,"Kai-2","Kaiugnak","poll",66,409,53,10
"934",2018,236,"Kai-2","Kaiugnak","poll",85,409,53,10
"935",2018,236,"Kai-2","Kaiugnak","poll",81,409,53,10
"936",2018,236,"Kai-2","Kaiugnak","poll",75,409,53,10
"937",2018,236,"Kai-2","Kaiugnak","poll",80,409,53,10
"938",2018,236,"Kai-2","Kaiugnak","poll",75,409,53,10
"939",2018,236,"Kai-2","Kaiugnak","poll",71,409,53,10
"940",2018,236,"Kai-2","Kaiugnak","poll",88,409,53,10
"941",2018,236,"Kai-2","Kaiugnak","poll",87,409,53,10
"942",2018,236,"Kai-2","Kaiugnak","poll",74,409,53,10
"943",2018,236,"Kai-2","Kaiugnak","poll",70,409,53,10
"944",2018,238,"Kilu-5","Kiluida","poll",66,144,2,10.3
"945",2018,238,"Kilu-5","Kiluida","poll",75,144,2,10.3
"946",2018,240,"Ugak-5","Ugak","poll",109,1,1,9.3
"947",2018,240,"Ugak-4","Ugak","poll",178,4,2,12.4
"948",2018,240,"Ugak-4","Ugak","poll",165,4,2,12.4
"949",2019,193,"Mit-3","Mitrofania","poll",54,44,7,13.2
"950",2019,193,"Mit-3","Mitrofania","poll",56,44,7,13.2
"951",2019,193,"Mit-3","Mitrofania","poll",57,44,7,13.2
"952",2019,193,"Mit-3","Mitrofania","poll",59,44,7,13.2
"953",2019,193,"Mit-3","Mitrofania","poll",60,44,7,13.2
"954",2019,193,"Mit-3","Mitrofania","poll",61,44,7,13.2
"955",2019,193,"Mit-3","Mitrofania","poll",63,44,7,13.2
"956",2019,193,"Mit-6","Mitrofania","poll",62,5,0,13.8
"957",2019,193,"Mit-6","Mitrofania","poll",70,5,0,13.8
"958",2019,198,"BB-2","Balboa","poll",50,3,27,13.3
"959",2019,198,"BB-2","Balboa","poll",51,3,27,13.3
"960",2019,198,"BB-2","Balboa","poll",52,3,27,13.3
"961",2019,198,"BB-2","Balboa","poll",53,3,27,13.3
"962",2019,198,"BB-2","Balboa","poll",53,3,27,13.3
"963",2019,198,"BB-2","Balboa","poll",53,3,27,13.3
"964",2019,198,"BB-2","Balboa","poll",53,3,27,13.3
"965",2019,198,"BB-2","Balboa","poll",54,3,27,13.3
"966",2019,198,"BB-2","Balboa","poll",54,3,27,13.3
"967",2019,198,"BB-2","Balboa","poll",54,3,27,13.3
"968",2019,198,"BB-2","Balboa","poll",54,3,27,13.3
"969",2019,198,"BB-2","Balboa","poll",54,3,27,13.3
"970",2019,198,"BB-2","Balboa","poll",54,3,27,13.3
"971",2019,198,"BB-2","Balboa","poll",54,3,27,13.3
"972",2019,198,"BB-2","Balboa","poll",55,3,27,13.3
"973",2019,198,"BB-2","Balboa","poll",55,3,27,13.3
"974",2019,198,"BB-2","Balboa","poll",55,3,27,13.3
"975",2019,198,"BB-2","Balboa","poll",55,3,27,13.3
"976",2019,198,"BB-2","Balboa","poll",56,3,27,13.3
"977",2019,198,"BB-2","Balboa","poll",57,3,27,13.3
"978",2019,198,"BB-2","Balboa","poll",57,3,27,13.3
"979",2019,198,"BB-2","Balboa","poll",58,3,27,13.3
"980",2019,198,"BB-2","Balboa","poll",58,3,27,13.3
"981",2019,198,"BB-2","Balboa","poll",58,3,27,13.3
"982",2019,198,"BB-2","Balboa","poll",58,3,27,13.3
"983",2019,198,"BB-2","Balboa","poll",62,3,27,13.3
"984",2019,198,"BB-2","Balboa","poll",63,3,27,13.3
"985",2019,198,"BB-4","Balboa","poll",62,2,1,13.6
"986",2019,198,"BB-7","Balboa","poll",46,0,23,13.9
"987",2019,198,"BB-7","Balboa","poll",46,0,23,13.9
"988",2019,198,"BB-7","Balboa","poll",48,0,23,13.9
"989",2019,198,"BB-7","Balboa","poll",48,0,23,13.9
"990",2019,198,"BB-7","Balboa","poll",48,0,23,13.9
"991",2019,198,"BB-7","Balboa","poll",49,0,23,13.9
"992",2019,198,"BB-7","Balboa","poll",50,0,23,13.9
"993",2019,198,"BB-7","Balboa","poll",50,0,23,13.9
"994",2019,198,"BB-7","Balboa","poll",50,0,23,13.9
"995",2019,198,"BB-7","Balboa","poll",50,0,23,13.9
"996",2019,198,"BB-7","Balboa","poll",51,0,23,13.9
"997",2019,198,"BB-7","Balboa","poll",51,0,23,13.9
"998",2019,198,"BB-7","Balboa","poll",51,0,23,13.9
"999",2019,198,"BB-7","Balboa","poll",52,0,23,13.9
"1000",2019,198,"BB-7","Balboa","poll",53,0,23,13.9
"1001",2019,198,"BB-7","Balboa","poll",54,0,23,13.9
"1002",2019,198,"BB-7","Balboa","poll",55,0,23,13.9
"1003",2019,198,"BB-7","Balboa","poll",55,0,23,13.9
"1004",2019,198,"BB-7","Balboa","poll",55,0,23,13.9
"1005",2019,198,"BB-7","Balboa","poll",56,0,23,13.9
"1006",2019,198,"BB-7","Balboa","poll",56,0,23,13.9
"1007",2019,198,"BB-7","Balboa","poll",57,0,23,13.9
"1008",2019,198,"BB-7","Balboa","poll",57,0,23,13.9
"1009",2019,204,"Fal-4","Falmouth","poll",129,0,1,10.7
"1010",2019,206,"Bar-4","Baralof","poll",178,0,4,12.1
"1011",2019,206,"Bar-4","Baralof","poll",195,0,4,12.1
"1012",2019,206,"Bar-4","Baralof","poll",200,0,4,12.1
"1013",2019,206,"Bar-4","Baralof","poll",204,0,4,12.1
"1014",2019,212,"RR-3","Rodman Reach","poll",177,3,1,13.4
"1015",2019,212,"RR-6","Rodman Reach","poll",46,0,1,13.7
"1016",2019,212,"RR-2","Rodman Reach","poll",44,1,1,13.3
"1017",2020,184,"Eelgrass West","Cook Bay","poll",40,212,220,10.6
"1018",2020,184,"Eelgrass West","Cook Bay","poll",44,212,220,10.6
"1019",2020,184,"Eelgrass West","Cook Bay","poll",46,212,220,10.6
"1020",2020,184,"Eelgrass West","Cook Bay","poll",47,212,220,10.6
"1021",2020,184,"Eelgrass West","Cook Bay","poll",43,212,220,10.6
"1022",2020,184,"Eelgrass West","Cook Bay","poll",47,212,220,10.6
"1023",2020,184,"Eelgrass West","Cook Bay","poll",49,212,220,10.6
"1024",2020,184,"Eelgrass West","Cook Bay","poll",46,212,220,10.6
"1025",2020,184,"Eelgrass West","Cook Bay","poll",44,212,220,10.6
"1026",2020,184,"Eelgrass West","Cook Bay","poll",47,212,220,10.6
"1027",2020,184,"Eelgrass West","Cook Bay","poll",48,212,220,10.6
"1028",2020,184,"Eelgrass West","Cook Bay","poll",47,212,220,10.6
"1029",2020,184,"Eelgrass West","Cook Bay","poll",50,212,220,10.6
"1030",2020,184,"Eelgrass West","Cook Bay","poll",52,212,220,10.6
"1031",2020,184,"Eelgrass West","Cook Bay","poll",45,212,220,10.6
"1032",2020,184,"Eelgrass West","Cook Bay","poll",47,212,220,10.6
"1033",2020,184,"Eelgrass West","Cook Bay","poll",46,212,220,10.6
"1034",2020,184,"Eelgrass West","Cook Bay","poll",52,212,220,10.6
"1035",2020,184,"Eelgrass West","Cook Bay","poll",54,212,220,10.6
"1036",2020,184,"Eelgrass West","Cook Bay","poll",50,212,220,10.6
"1037",2020,184,"Eelgrass West","Cook Bay","poll",45,212,220,10.6
"1038",2020,184,"Eelgrass West","Cook Bay","poll",46,212,220,10.6
"1039",2020,184,"Eelgrass West","Cook Bay","poll",49,212,220,10.6
"1040",2020,184,"Eelgrass West","Cook Bay","poll",53,212,220,10.6
"1041",2020,184,"Eelgrass West","Cook Bay","poll",45,212,220,10.6
"1042",2020,184,"Eelgrass West","Cook Bay","poll",41,212,220,10.6
"1043",2020,184,"Eelgrass West","Cook Bay","poll",42,212,220,10.6
"1044",2020,184,"Eelgrass West","Cook Bay","poll",38,212,220,10.6
"1045",2020,184,"Eelgrass West","Cook Bay","poll",45,212,220,10.6
"1046",2020,184,"Eelgrass West","Cook Bay","poll",49,212,220,10.6
"1047",2020,184,"Eelgrass West","Cook Bay","poll",51,212,220,10.6
"1048",2020,184,"Eelgrass West","Cook Bay","poll",48,212,220,10.6
"1049",2020,184,"Eelgrass West","Cook Bay","poll",46,212,220,10.6
"1050",2020,184,"Eelgrass West","Cook Bay","poll",45,212,220,10.6
"1051",2020,184,"Eelgrass West","Cook Bay","poll",45,212,220,10.6
"1052",2020,184,"Eelgrass South","Cook Bay","poll",51,370,55,10.3
"1053",2020,184,"Eelgrass South","Cook Bay","poll",45,370,55,10.3
"1054",2020,184,"Eelgrass South","Cook Bay","poll",42,370,55,10.3
"1055",2020,184,"Eelgrass South","Cook Bay","poll",45,370,55,10.3
"1056",2020,184,"Eelgrass South","Cook Bay","poll",46,370,55,10.3
"1057",2020,184,"Eelgrass South","Cook Bay","poll",39,370,55,10.3
"1058",2020,184,"Eelgrass South","Cook Bay","poll",45,370,55,10.3
"1059",2020,184,"Eelgrass South","Cook Bay","poll",40,370,55,10.3
"1060",2020,184,"Eelgrass South","Cook Bay","poll",42,370,55,10.3
"1061",2020,184,"Eelgrass South","Cook Bay","poll",41,370,55,10.3
"1062",2020,184,"Eelgrass South","Cook Bay","poll",38,370,55,10.3
"1063",2020,188,"AG-2","Agripina","poll",51,381,78,12.1
"1064",2020,188,"AG-2","Agripina","poll",50,381,78,12.1
"1065",2020,188,"AG-2","Agripina","poll",47,381,78,12.1
"1066",2020,188,"AG-2","Agripina","poll",49,381,78,12.1
"1067",2020,188,"AG-2","Agripina","poll",51,381,78,12.1
"1068",2020,188,"AG-2","Agripina","poll",49,381,78,12.1
"1069",2020,188,"AG-2","Agripina","poll",48,381,78,12.1
"1070",2020,188,"AG-2","Agripina","poll",41,381,78,12.1
"1071",2020,188,"AG-2","Agripina","poll",47,381,78,12.1
"1072",2020,188,"AG-2","Agripina","poll",50,381,78,12.1
"1073",2020,188,"AG-2","Agripina","poll",51,381,78,12.1
"1074",2020,188,"AG-2","Agripina","poll",51,381,78,12.1
"1075",2020,188,"AG-2","Agripina","poll",50,381,78,12.1
"1076",2020,188,"AG-2","Agripina","poll",45,381,78,12.1
"1077",2020,188,"AG-2","Agripina","poll",51,381,78,12.1
"1078",2020,188,"AG-2","Agripina","poll",50,381,78,12.1
"1079",2020,188,"AG-2","Agripina","poll",45,381,78,12.1
"1080",2020,188,"AG-2","Agripina","poll",51,381,78,12.1
"1081",2020,188,"AG-2","Agripina","poll",47,381,78,12.1
"1082",2020,188,"AG-2","Agripina","poll",49,381,78,12.1
"1083",2020,188,"AG-2","Agripina","poll",45,381,78,12.1
"1084",2020,188,"AG-2","Agripina","poll",50,381,78,12.1
"1085",2020,188,"AG-2","Agripina","poll",48,381,78,12.1
"1086",2020,188,"AG-5","Agripina","poll",51,615,331,12
"1087",2020,188,"AG-5","Agripina","poll",52,615,331,12
"1088",2020,188,"AG-5","Agripina","poll",49,615,331,12
"1089",2020,188,"AG-5","Agripina","poll",44,615,331,12
"1090",2020,188,"AG-5","Agripina","poll",47,615,331,12
"1091",2020,188,"AG-5","Agripina","poll",45,615,331,12
"1092",2020,188,"AG-5","Agripina","poll",41,615,331,12
"1093",2020,188,"AG-5","Agripina","poll",47,615,331,12
"1094",2020,188,"AG-5","Agripina","poll",46,615,331,12
"1095",2020,188,"AG-5","Agripina","poll",47,615,331,12
"1096",2020,188,"AG-5","Agripina","poll",46,615,331,12
"1097",2020,188,"AG-5","Agripina","poll",49,615,331,12
"1098",2020,188,"AG-5","Agripina","poll",47,615,331,12
"1099",2020,188,"AG-5","Agripina","poll",38,615,331,12
"1100",2020,188,"AG-5","Agripina","poll",45,615,331,12
"1101",2020,188,"AG-5","Agripina","poll",51,615,331,12
"1102",2020,188,"AG-5","Agripina","poll",43,615,331,12
"1103",2020,188,"AG-5","Agripina","poll",47,615,331,12
"1104",2020,188,"AG-5","Agripina","poll",50,615,331,12
"1105",2020,188,"AG-5","Agripina","poll",48,615,331,12
"1106",2020,188,"AG-5","Agripina","poll",51,615,331,12
"1107",2020,188,"AG-5","Agripina","poll",41,615,331,12
"1108",2020,188,"AG-5","Agripina","poll",42,615,331,12
"1109",2020,188,"AG-5","Agripina","poll",46,615,331,12
"1110",2020,188,"AG-5","Agripina","poll",42,615,331,12
"1111",2020,188,"AG-5","Agripina","poll",45,615,331,12
"1112",2020,188,"AG-5","Agripina","poll",51,615,331,12
"1113",2020,188,"AG-5","Agripina","poll",46,615,331,12
"1114",2020,188,"AG-5","Agripina","poll",50,615,331,12
"1115",2020,188,"AG-5","Agripina","poll",46,615,331,12
"1116",2020,188,"AG-5","Agripina","poll",43,615,331,12
"1117",2020,188,"AG-5","Agripina","poll",34,615,331,12
"1118",2020,188,"AG-5","Agripina","poll",46,615,331,12
"1119",2020,188,"AG-5","Agripina","poll",50,615,331,12
"1120",2020,188,"AG-5","Agripina","poll",51,615,331,12
"1121",2020,188,"AG-5","Agripina","poll",52,615,331,12
"1122",2020,188,"AG-5","Agripina","poll",47,615,331,12
"1123",2020,188,"AG-5","Agripina","poll",50,615,331,12
"1124",2020,188,"AG-5","Agripina","poll",55,615,331,12
"1125",2020,188,"AG-5","Agripina","poll",44,615,331,12
"1126",2020,188,"AG-5","Agripina","poll",48,615,331,12
"1127",2020,188,"AG-3","Agripina","poll",47,2496,434,12.3
"1128",2020,188,"AG-3","Agripina","poll",56,2496,434,12.3
"1129",2020,188,"AG-3","Agripina","poll",45,2496,434,12.3
"1130",2020,188,"AG-3","Agripina","poll",44,2496,434,12.3
"1131",2020,188,"AG-3","Agripina","poll",51,2496,434,12.3
"1132",2020,188,"AG-3","Agripina","poll",42,2496,434,12.3
"1133",2020,188,"AG-3","Agripina","poll",49,2496,434,12.3
"1134",2020,188,"AG-3","Agripina","poll",51,2496,434,12.3
"1135",2020,188,"AG-3","Agripina","poll",48,2496,434,12.3
"1136",2020,188,"AG-3","Agripina","poll",54,2496,434,12.3
"1137",2020,188,"AG-3","Agripina","poll",48,2496,434,12.3
"1138",2020,188,"AG-3","Agripina","poll",54,2496,434,12.3
"1139",2020,188,"AG-3","Agripina","poll",52,2496,434,12.3
"1140",2020,188,"AG-3","Agripina","poll",50,2496,434,12.3
"1141",2020,188,"AG-3","Agripina","poll",57,2496,434,12.3
"1142",2020,188,"AG-4","Agripina","poll",46,59,1,12.1
"1143",2020,190,"PW-1","Port Wrangell","poll",52,1363,2,8.6
"1144",2020,190,"PW-1","Port Wrangell","poll",46,1363,2,8.6
"1145",2020,190,"PW-2","Port Wrangell","poll",48,2076,1224,8.8
"1146",2020,190,"PW-2","Port Wrangell","poll",53,2076,1224,8.8
"1147",2020,190,"PW-2","Port Wrangell","poll",52,2076,1224,8.8
"1148",2020,190,"PW-2","Port Wrangell","poll",48,2076,1224,8.8
"1149",2020,190,"PW-2","Port Wrangell","poll",49,2076,1224,8.8
"1150",2020,190,"PW-2","Port Wrangell","poll",45,2076,1224,8.8
"1151",2020,190,"PW-2","Port Wrangell","poll",47,2076,1224,8.8
"1152",2020,190,"PW-2","Port Wrangell","poll",52,2076,1224,8.8
"1153",2020,190,"PW-2","Port Wrangell","poll",45,2076,1224,8.8
"1154",2020,190,"PW-2","Port Wrangell","poll",51,2076,1224,8.8
"1155",2020,190,"PW-2","Port Wrangell","poll",51,2076,1224,8.8
"1156",2020,190,"PW-2","Port Wrangell","poll",46,2076,1224,8.8
"1157",2020,190,"PW-2","Port Wrangell","poll",52,2076,1224,8.8
"1158",2020,190,"PW-2","Port Wrangell","poll",55,2076,1224,8.8
"1159",2020,190,"PW-2","Port Wrangell","poll",51,2076,1224,8.8
"1160",2020,190,"PW-2","Port Wrangell","poll",46,2076,1224,8.8
"1161",2020,190,"PW-2","Port Wrangell","poll",50,2076,1224,8.8
"1162",2020,190,"PW-2","Port Wrangell","poll",38,2076,1224,8.8
"1163",2020,190,"PW-2","Port Wrangell","poll",45,2076,1224,8.8
"1164",2020,190,"PW-2","Port Wrangell","poll",40,2076,1224,8.8
"1165",2020,190,"PW-2","Port Wrangell","poll",50,2076,1224,8.8
"1166",2020,190,"PW-2","Port Wrangell","poll",53,2076,1224,8.8
"1167",2020,190,"PW-2","Port Wrangell","poll",45,2076,1224,8.8
"1168",2020,190,"PW-2","Port Wrangell","poll",54,2076,1224,8.8
"1169",2020,190,"PW-2","Port Wrangell","poll",53,2076,1224,8.8
"1170",2020,190,"PW-2","Port Wrangell","poll",46,2076,1224,8.8
"1171",2020,190,"PW-2","Port Wrangell","poll",53,2076,1224,8.8
"1172",2020,190,"PW-2","Port Wrangell","poll",51,2076,1224,8.8
"1173",2020,190,"PW-2","Port Wrangell","poll",41,2076,1224,8.8
"1174",2020,190,"PW-2","Port Wrangell","poll",47,2076,1224,8.8
"1175",2020,190,"PW-2","Port Wrangell","poll",52,2076,1224,8.8
"1176",2020,190,"PW-3","Port Wrangell","poll",40,1122,33,9
"1177",2020,190,"PW-3","Port Wrangell","poll",46,1122,33,9
"1178",2020,190,"PW-3","Port Wrangell","poll",43,1122,33,9
"1179",2020,190,"PW-4","Port Wrangell","poll",47,323,8,9.2
"1180",2020,190,"PW-4","Port Wrangell","poll",40,323,8,9.2
"1181",2020,190,"PW-4","Port Wrangell","poll",54,323,8,9.2
"1182",2020,194,"Mit-1","Mitrofania","poll",46,93,49,12.3
"1183",2020,194,"Mit-1","Mitrofania","poll",39,93,49,12.3
"1184",2020,194,"Mit-1","Mitrofania","poll",42,93,49,12.3
"1185",2020,194,"Mit-1","Mitrofania","poll",43,93,49,12.3
"1186",2020,194,"Mit-1","Mitrofania","poll",46,93,49,12.3
"1187",2020,194,"Mit-1","Mitrofania","poll",37,93,49,12.3
"1188",2020,194,"Mit-1","Mitrofania","poll",35,93,49,12.3
"1189",2020,194,"Mit-1","Mitrofania","poll",46,93,49,12.3
"1190",2020,194,"Mit-1","Mitrofania","poll",37,93,49,12.3
"1191",2020,194,"Mit-1","Mitrofania","poll",41,93,49,12.3
"1192",2020,194,"Mit-1","Mitrofania","poll",44,93,49,12.3
"1193",2020,194,"Mit-1","Mitrofania","poll",46,93,49,12.3
"1194",2020,194,"Mit-1","Mitrofania","poll",42,93,49,12.3
"1195",2020,194,"Mit-1","Mitrofania","poll",43,93,49,12.3
"1196",2020,194,"Mit-1","Mitrofania","poll",42,93,49,12.3
"1197",2020,194,"Mit-1","Mitrofania","poll",37,93,49,12.3
"1198",2020,194,"Mit-1","Mitrofania","poll",38,93,49,12.3
"1199",2020,194,"Mit-1","Mitrofania","poll",35,93,49,12.3
"1200",2020,194,"Mit-2","Mitrofania","poll",41,37,0,12.7
"1201",2020,194,"Mit-2","Mitrofania","poll",36,37,0,12.7
"1202",2020,194,"Mit-3","Mitrofania","poll",52,143,127,12.5
"1203",2020,194,"Mit-3","Mitrofania","poll",43,143,127,12.5
"1204",2020,194,"Mit-3","Mitrofania","poll",51,143,127,12.5
"1205",2020,194,"Mit-3","Mitrofania","poll",36,143,127,12.5
"1206",2020,194,"Mit-3","Mitrofania","poll",52,143,127,12.5
"1207",2020,194,"Mit-3","Mitrofania","poll",41,143,127,12.5
"1208",2020,194,"Mit-3","Mitrofania","poll",51,143,127,12.5
"1209",2020,194,"Mit-3","Mitrofania","poll",43,143,127,12.5
"1210",2020,194,"Mit-3","Mitrofania","poll",55,143,127,12.5
"1211",2020,194,"Mit-3","Mitrofania","poll",50,143,127,12.5
"1212",2020,194,"Mit-3","Mitrofania","poll",49,143,127,12.5
"1213",2020,194,"Mit-3","Mitrofania","poll",40,143,127,12.5
"1214",2020,194,"Mit-3","Mitrofania","poll",36,143,127,12.5
"1215",2020,194,"Mit-3","Mitrofania","poll",40,143,127,12.5
"1216",2020,194,"Mit-3","Mitrofania","poll",46,143,127,12.5
"1217",2020,194,"Mit-3","Mitrofania","poll",46,143,127,12.5
"1218",2020,194,"Mit-3","Mitrofania","poll",51,143,127,12.5
"1219",2020,194,"Mit-3","Mitrofania","poll",34,143,127,12.5
"1220",2020,194,"Mit-3","Mitrofania","poll",33,143,127,12.5
"1221",2020,194,"Mit-3","Mitrofania","poll",44,143,127,12.5
"1222",2020,194,"Mit-3","Mitrofania","poll",51,143,127,12.5
"1223",2020,194,"Mit-3","Mitrofania","poll",41,143,127,12.5
"1224",2020,194,"Mit-3","Mitrofania","poll",33,143,127,12.5
"1225",2020,194,"Mit-3","Mitrofania","poll",38,143,127,12.5
"1226",2020,194,"Mit-3","Mitrofania","poll",36,143,127,12.5
"1227",2020,194,"Mit-3","Mitrofania","poll",36,143,127,12.5
"1228",2020,194,"Mit-3","Mitrofania","poll",35,143,127,12.5
"1229",2020,194,"Mit-4","Mitrofania","poll",36,29,1,13
"1230",2020,194,"Mit-6","Mitrofania","poll",39,10,10,13.4
"1231",2020,194,"Mit-6","Mitrofania","poll",42,10,10,13.4
"1232",2020,194,"Mit-6","Mitrofania","poll",38,10,10,13.4
"1233",2020,194,"Mit-6","Mitrofania","poll",37,10,10,13.4
"1234",2020,194,"Mit-6","Mitrofania","poll",31,10,10,13.4
"1235",2020,194,"Mit-6","Mitrofania","poll",32,10,10,13.4
"1236",2020,194,"Mit-6","Mitrofania","poll",36,10,10,13.4
"1237",2020,194,"Mit-6","Mitrofania","poll",31,10,10,13.4
"1238",2020,194,"Mit-6","Mitrofania","poll",35,10,10,13.4
"1239",2020,194,"Mit-6","Mitrofania","poll",30,10,10,13.4
"1240",2020,199,"BB-2","Balboa","poll",42,86,17,12.7
"1241",2020,199,"BB-2","Balboa","poll",43,86,17,12.7
"1242",2020,199,"BB-2","Balboa","poll",39,86,17,12.7
"1243",2020,199,"BB-2","Balboa","poll",52,86,17,12.7
"1244",2020,199,"BB-2","Balboa","poll",54,86,17,12.7
"1245",2020,199,"BB-2","Balboa","poll",50,86,17,12.7
"1246",2020,199,"BB-2","Balboa","poll",46,86,17,12.7
"1247",2020,199,"BB-2","Balboa","poll",43,86,17,12.7
"1248",2020,199,"BB-2","Balboa","poll",54,86,17,12.7
"1249",2020,199,"BB-2","Balboa","poll",50,86,17,12.7
"1250",2020,199,"BB-2","Balboa","poll",48,86,17,12.7
"1251",2020,199,"BB-2","Balboa","poll",53,86,17,12.7
"1252",2020,199,"BB-2","Balboa","poll",57,86,17,12.7
"1253",2020,199,"BB-2","Balboa","poll",52,86,17,12.7
"1254",2020,199,"BB-2","Balboa","poll",52,86,17,12.7
"1255",2020,199,"BB-2","Balboa","poll",51,86,17,12.7
"1256",2020,199,"BB-3","Balboa","poll",33,61,1,13
"1257",2020,199,"BB-4","Balboa","poll",47,55,371,12.4
"1258",2020,199,"BB-4","Balboa","poll",47,55,371,12.4
"1259",2020,199,"BB-4","Balboa","poll",49,55,371,12.4
"1260",2020,199,"BB-4","Balboa","poll",44,55,371,12.4
"1261",2020,199,"BB-4","Balboa","poll",38,55,371,12.4
"1262",2020,199,"BB-4","Balboa","poll",40,55,371,12.4
"1263",2020,199,"BB-4","Balboa","poll",41,55,371,12.4
"1264",2020,199,"BB-4","Balboa","poll",40,55,371,12.4
"1265",2020,199,"BB-4","Balboa","poll",45,55,371,12.4
"1266",2020,199,"BB-4","Balboa","poll",45,55,371,12.4
"1267",2020,199,"BB-4","Balboa","poll",37,55,371,12.4
"1268",2020,199,"BB-4","Balboa","poll",42,55,371,12.4
"1269",2020,199,"BB-4","Balboa","poll",40,55,371,12.4
"1270",2020,199,"BB-4","Balboa","poll",42,55,371,12.4
"1271",2020,199,"BB-4","Balboa","poll",43,55,371,12.4
"1272",2020,199,"BB-4","Balboa","poll",43,55,371,12.4
"1273",2020,199,"BB-4","Balboa","poll",40,55,371,12.4
"1274",2020,199,"BB-4","Balboa","poll",45,55,371,12.4
"1275",2020,199,"BB-4","Balboa","poll",43,55,371,12.4
"1276",2020,199,"BB-4","Balboa","poll",47,55,371,12.4
"1277",2020,199,"BB-4","Balboa","poll",44,55,371,12.4
"1278",2020,199,"BB-4","Balboa","poll",39,55,371,12.4
"1279",2020,199,"BB-4","Balboa","poll",41,55,371,12.4
"1280",2020,199,"BB-4","Balboa","poll",39,55,371,12.4
"1281",2020,199,"BB-4","Balboa","poll",42,55,371,12.4
"1282",2020,199,"BB-4","Balboa","poll",45,55,371,12.4
"1283",2020,199,"BB-4","Balboa","poll",31,55,371,12.4
"1284",2020,199,"BB-4","Balboa","poll",44,55,371,12.4
"1285",2020,199,"BB-4","Balboa","poll",41,55,371,12.4
"1286",2020,199,"BB-4","Balboa","poll",40,55,371,12.4
"1287",2020,199,"BB-4","Balboa","poll",43,55,371,12.4
"1288",2020,199,"BB-4","Balboa","poll",42,55,371,12.4
"1289",2020,199,"BB-4","Balboa","poll",40,55,371,12.4
"1290",2020,199,"BB-4","Balboa","poll",43,55,371,12.4
"1291",2020,199,"BB-4","Balboa","poll",41,55,371,12.4
"1292",2020,199,"BB-4","Balboa","poll",46,55,371,12.4
"1293",2020,199,"BB-4","Balboa","poll",40,55,371,12.4
"1294",2020,199,"BB-4","Balboa","poll",41,55,371,12.4
"1295",2020,199,"BB-4","Balboa","poll",43,55,371,12.4
"1296",2020,199,"BB-4","Balboa","poll",29,55,371,12.4
"1297",2020,199,"BB-4","Balboa","poll",39,55,371,12.4
"1298",2020,199,"BB-4","Balboa","poll",43,55,371,12.4
"1299",2020,199,"BB-4","Balboa","poll",42,55,371,12.4
"1300",2020,199,"BB-4","Balboa","poll",39,55,371,12.4
"1301",2020,199,"BB-4","Balboa","poll",43,55,371,12.4
"1302",2020,199,"BB-6","Balboa","poll",45,24,668,13.1
"1303",2020,199,"BB-6","Balboa","poll",48,24,668,13.1
"1304",2020,199,"BB-6","Balboa","poll",52,24,668,13.1
"1305",2020,199,"BB-6","Balboa","poll",45,24,668,13.1
"1306",2020,199,"BB-6","Balboa","poll",47,24,668,13.1
"1307",2020,199,"BB-6","Balboa","poll",44,24,668,13.1
"1308",2020,199,"BB-6","Balboa","poll",44,24,668,13.1
"1309",2020,199,"BB-6","Balboa","poll",42,24,668,13.1
"1310",2020,199,"BB-6","Balboa","poll",47,24,668,13.1
"1311",2020,199,"BB-6","Balboa","poll",48,24,668,13.1
"1312",2020,199,"BB-6","Balboa","poll",37,24,668,13.1
"1313",2020,199,"BB-6","Balboa","poll",41,24,668,13.1
"1314",2020,199,"BB-6","Balboa","poll",52,24,668,13.1
"1315",2020,199,"BB-6","Balboa","poll",47,24,668,13.1
"1316",2020,199,"BB-6","Balboa","poll",47,24,668,13.1
"1317",2020,199,"BB-6","Balboa","poll",48,24,668,13.1
"1318",2020,199,"BB-6","Balboa","poll",43,24,668,13.1
"1319",2020,199,"BB-6","Balboa","poll",48,24,668,13.1
"1320",2020,199,"BB-6","Balboa","poll",47,24,668,13.1
"1321",2020,199,"BB-6","Balboa","poll",43,24,668,13.1
"1322",2020,199,"BB-6","Balboa","poll",45,24,668,13.1
"1323",2020,199,"BB-6","Balboa","poll",42,24,668,13.1
"1324",2020,199,"BB-6","Balboa","poll",48,24,668,13.1
"1325",2020,199,"BB-6","Balboa","poll",40,24,668,13.1
"1326",2020,199,"BB-6","Balboa","poll",49,24,668,13.1
"1327",2020,199,"BB-6","Balboa","poll",49,24,668,13.1
"1328",2020,199,"BB-6","Balboa","poll",39,24,668,13.1
"1329",2020,199,"BB-6","Balboa","poll",56,24,668,13.1
"1330",2020,199,"BB-6","Balboa","poll",40,24,668,13.1
"1331",2020,199,"BB-6","Balboa","poll",43,24,668,13.1
"1332",2020,199,"BB-6","Balboa","poll",50,24,668,13.1
"1333",2020,199,"BB-6","Balboa","poll",44,24,668,13.1
"1334",2020,199,"BB-6","Balboa","poll",45,24,668,13.1
"1335",2020,199,"BB-6","Balboa","poll",47,24,668,13.1
"1336",2020,199,"BB-6","Balboa","poll",44,24,668,13.1
"1337",2020,199,"BB-6","Balboa","poll",48,24,668,13.1
"1338",2020,199,"BB-6","Balboa","poll",45,24,668,13.1
"1339",2020,199,"BB-6","Balboa","poll",49,24,668,13.1
"1340",2020,199,"BB-6","Balboa","poll",41,24,668,13.1
"1341",2020,199,"BB-6","Balboa","poll",43,24,668,13.1
"1342",2020,199,"BB-6","Balboa","poll",45,24,668,13.1
"1343",2020,199,"BB-6","Balboa","poll",43,24,668,13.1
"1344",2020,199,"BB-6","Balboa","poll",42,24,668,13.1
"1345",2020,199,"BB-6","Balboa","poll",40,24,668,13.1
"1346",2020,199,"BB-6","Balboa","poll",41,24,668,13.1
"1347",2020,199,"BB-6","Balboa","poll",43,24,668,13.1
"1348",2020,199,"BB-6","Balboa","poll",47,24,668,13.1
"1349",2020,199,"BB-6","Balboa","poll",52,24,668,13.1
"1350",2020,199,"BB-6","Balboa","poll",41,24,668,13.1
"1351",2020,199,"BB-6","Balboa","poll",40,24,668,13.1
"1352",2020,199,"BB-6","Balboa","poll",47,24,668,13.1
"1353",2020,199,"BB-6","Balboa","poll",45,24,668,13.1
"1354",2020,199,"BB-6","Balboa","poll",48,24,668,13.1
"1355",2020,199,"BB-6","Balboa","poll",47,24,668,13.1
"1356",2020,199,"BB-7","Balboa","poll",47,12,7,13.7
"1357",2020,199,"BB-7","Balboa","poll",47,12,7,13.7
"1358",2020,199,"BB-7","Balboa","poll",49,12,7,13.7
"1359",2020,199,"BB-7","Balboa","poll",43,12,7,13.7
"1360",2020,199,"BB-7","Balboa","poll",46,12,7,13.7
"1361",2020,199,"BB-7","Balboa","poll",41,12,7,13.7
"1362",2020,199,"BB-7","Balboa","poll",46,12,7,13.7
"1363",2020,201,"Fal-3","Falmouth","poll",43,19,7,12
"1364",2020,201,"Fal-3","Falmouth","poll",38,19,7,12
"1365",2020,201,"Fal-3","Falmouth","poll",43,19,7,12
"1366",2020,201,"Fal-3","Falmouth","poll",33,19,7,12
"1367",2020,201,"Fal-3","Falmouth","poll",49,19,7,12
"1368",2020,201,"Fal-3","Falmouth","poll",53,19,7,12
"1369",2020,201,"Fal-3","Falmouth","poll",46,19,7,12
"1370",2020,201,"Fal-4","Falmouth","poll",51,660,26,12
"1371",2020,201,"Fal-4","Falmouth","poll",46,660,26,12
"1372",2020,201,"Fal-4","Falmouth","poll",52,660,26,12
"1373",2020,201,"Fal-4","Falmouth","poll",47,660,26,12
"1374",2020,201,"Fal-4","Falmouth","poll",39,660,26,12
"1375",2020,201,"Fal-4","Falmouth","poll",55,660,26,12
"1376",2020,201,"Fal-4","Falmouth","poll",36,660,26,12
"1377",2020,201,"Fal-4","Falmouth","poll",41,660,26,12
"1378",2020,201,"Fal-4","Falmouth","poll",59,660,26,12
"1379",2020,202,"Sand-2","Sand Point","poll",46,689,51,11.9
"1380",2020,202,"Sand-2","Sand Point","poll",41,689,51,11.9
"1381",2020,202,"Sand-2","Sand Point","poll",38,689,51,11.9
"1382",2020,202,"Sand-2","Sand Point","poll",45,689,51,11.9
"1383",2020,202,"Sand-2","Sand Point","poll",52,689,51,11.9
"1384",2020,202,"Sand-2","Sand Point","poll",38,689,51,11.9
"1385",2020,202,"Sand-2","Sand Point","poll",43,689,51,11.9
"1386",2020,202,"Sand-2","Sand Point","poll",52,689,51,11.9
"1387",2020,202,"Sand-2","Sand Point","poll",41,689,51,11.9
"1388",2020,202,"Sand-2","Sand Point","poll",52,689,51,11.9
"1389",2020,202,"Sand-2","Sand Point","poll",50,689,51,11.9
"1390",2020,202,"Sand-2","Sand Point","poll",44,689,51,11.9
"1391",2020,202,"Sand-2","Sand Point","poll",49,689,51,11.9
"1392",2020,202,"Sand-2","Sand Point","poll",36,689,51,11.9
"1393",2020,202,"Sand-2","Sand Point","poll",32,689,51,11.9
"1394",2020,202,"Sand-2","Sand Point","poll",35,689,51,11.9
"1395",2020,202,"Sand-3","Sand Point","poll",40,211,20,12.2
"1396",2020,202,"Sand-3","Sand Point","poll",41,211,20,12.2
"1397",2020,202,"Sand-3","Sand Point","poll",38,211,20,12.2
"1398",2020,202,"Sand-3","Sand Point","poll",40,211,20,12.2
"1399",2020,205,"Bar-2","Baralof","poll",47,59,11,11.2
"1400",2020,205,"Bar-2","Baralof","poll",46,59,11,11.2
"1401",2020,205,"Bar-2","Baralof","poll",33,59,11,11.2
"1402",2020,205,"Bar-2","Baralof","poll",39,59,11,11.2
"1403",2020,205,"Bar-2","Baralof","poll",38,59,11,11.2
"1404",2020,205,"Bar-2","Baralof","poll",48,59,11,11.2
"1405",2020,205,"Bar-2","Baralof","poll",36,59,11,11.2
"1406",2020,205,"Bar-2","Baralof","poll",36,59,11,11.2
"1407",2020,205,"Bar-2","Baralof","poll",41,59,11,11.2
"1408",2020,205,"Bar-2","Baralof","poll",39,59,11,11.2
"1409",2020,205,"Bar-2","Baralof","poll",36,59,11,11.2
"1410",2020,205,"Bar-1","Baralof","poll",35,77,2,11.5
"1411",2020,205,"Bar-1","Baralof","poll",35,77,2,11.5
"1412",2020,205,"Bar-6","Baralof","poll",38,4,1,11.5
"1413",2020,210,"RR-1","Rodman Reach","poll",71,16,66,13.6
"1414",2020,210,"RR-1","Rodman Reach","poll",66,16,66,13.6
"1415",2020,210,"RR-1","Rodman Reach","poll",71,16,66,13.6
"1416",2020,210,"RR-1","Rodman Reach","poll",69,16,66,13.6
"1417",2020,210,"RR-1","Rodman Reach","poll",66,16,66,13.6
"1418",2020,210,"RR-1","Rodman Reach","poll",85,16,66,13.6
"1419",2020,210,"RR-1","Rodman Reach","poll",62,16,66,13.6
"1420",2020,210,"RR-1","Rodman Reach","poll",75,16,66,13.6
"1421",2020,210,"RR-1","Rodman Reach","poll",71,16,66,13.6
"1422",2020,210,"RR-1","Rodman Reach","poll",71,16,66,13.6
"1423",2020,210,"RR-1","Rodman Reach","poll",66,16,66,13.6
"1424",2020,210,"RR-1","Rodman Reach","poll",79,16,66,13.6
"1425",2020,210,"RR-1","Rodman Reach","poll",65,16,66,13.6
"1426",2020,210,"RR-1","Rodman Reach","poll",65,16,66,13.6
"1427",2020,210,"RR-1","Rodman Reach","poll",72,16,66,13.6
"1428",2020,210,"RR-1","Rodman Reach","poll",62,16,66,13.6
"1429",2020,210,"RR-4","Rodman Reach","poll",70,22,67,12.9
"1430",2020,210,"RR-4","Rodman Reach","poll",68,22,67,12.9
"1431",2020,210,"RR-4","Rodman Reach","poll",77,22,67,12.9
"1432",2020,210,"RR-4","Rodman Reach","poll",72,22,67,12.9
"1433",2020,210,"RR-4","Rodman Reach","poll",75,22,67,12.9
"1434",2020,210,"RR-4","Rodman Reach","poll",73,22,67,12.9
"1435",2020,210,"RR-4","Rodman Reach","poll",70,22,67,12.9
"1436",2020,210,"RR-4","Rodman Reach","poll",58,22,67,12.9
"1437",2020,210,"RR-4","Rodman Reach","poll",71,22,67,12.9
"1438",2020,210,"RR-4","Rodman Reach","poll",76,22,67,12.9
"1439",2020,210,"RR-4","Rodman Reach","poll",60,22,67,12.9
"1440",2020,210,"RR-4","Rodman Reach","poll",77,22,67,12.9
"1441",2020,210,"RR-4","Rodman Reach","poll",69,22,67,12.9
"1442",2020,210,"RR-4","Rodman Reach","poll",81,22,67,12.9
"1443",2020,210,"RR-4","Rodman Reach","poll",84,22,67,12.9
